[2026-08-29T14:50:09Z DEBUG pocket_cab] extracted WM_BUB~1.000 -> /tmp/pockethle-cab-xD5Syd/WM_BUB~1.000 (464 bytes)
[2026-08-29T14:50:09Z DEBUG pocket_cab] extracted INSTAL~1.999 -> /tmp/pockethle-cab-xD5Syd/INSTAL~1.999 (6144 bytes)
[2026-08-29T14:50:09Z DEBUG pocket_cab] extracted BUBBLE~1.004 -> /tmp/pockethle-cab-xD5Syd/BUBBLE~1.004 (1271296 bytes)
[2026-08-29T14:50:09Z DEBUG pocket_cab] extracted INSTAL~1.003 -> /tmp/pockethle-cab-xD5Syd/INSTAL~1.003 (6144 bytes)
[2026-08-29T14:50:09Z DEBUG pocket_cab] extracted 0000data.002 -> /tmp/pockethle-cab-xD5Syd/0000data.002 (1151539 bytes)
[2026-08-29T14:50:09Z DEBUG pocket_cab] extracted 00stdout.001 -> /tmp/pockethle-cab-xD5Syd/00stdout.001 (0 bytes)
[2026-08-29T14:50:09Z DEBUG pocket_cab] extracted _setup.xml -> /tmp/pockethle-cab-xD5Syd/_setup.xml (2676 bytes)
[2026-08-29T14:50:09Z DEBUG pockethle::archive] materialised 00stdout.001 as /tmp/pockethle-cab-xD5Syd/stdout.txt
[2026-08-29T14:50:09Z DEBUG pockethle::archive] materialised 0000data.002 as /tmp/pockethle-cab-xD5Syd/data.bar
[2026-08-29T14:50:09Z DEBUG pockethle::archive] materialised INSTAL~1.003 as /tmp/pockethle-cab-xD5Syd/Installer.dll
[2026-08-29T14:50:09Z DEBUG pockethle::archive] materialised BUBBLE~1.004 as /tmp/pockethle-cab-xD5Syd/Bubble Bash 2.exe
[2026-08-29T14:50:09Z DEBUG pocket_cab] materialised 00stdout.001 as /tmp/pockethle-cab-xD5Syd/stdout.txt
[2026-08-29T14:50:09Z DEBUG pocket_cab] materialised 0000data.002 as /tmp/pockethle-cab-xD5Syd/data.bar
[2026-08-29T14:50:09Z DEBUG pocket_cab] materialised INSTAL~1.003 as /tmp/pockethle-cab-xD5Syd/Installer.dll
[2026-08-29T14:50:09Z DEBUG pocket_cab] materialised BUBBLE~1.004 as /tmp/pockethle-cab-xD5Syd/Bubble Bash 2.exe
[2026-08-29T14:50:09Z DEBUG goblin::pe] Header {
        dos_header: DosHeader {
            signature: 23117,
            bytes_on_last_page: 144,
            pages_in_file: 3,
            relocations: 0,
            size_of_header_in_paragraphs: 4,
            minimum_extra_paragraphs_needed: 0,
            maximum_extra_paragraphs_needed: 65535,
            initial_relative_ss: 0,
            initial_sp: 184,
            checksum: 0,
            initial_ip: 0,
            initial_relative_cs: 0,
            file_address_of_relocation_table: 64,
            overlay_number: 0,
            reserved: [
                0,
                0,
                0,
                0,
            ],
            oem_id: 0,
            oem_info: 0,
            reserved2: [
                0,
                0,
                0,
                0,
                0,
                0,
                0,
                0,
                0,
                0,
            ],
            pe_pointer: 256,
        },
        dos_stub: DosStub(
            [
                14,
                31,
                186,
                14,
                0,
                180,
                9,
                205,
                33,
                184,
                1,
                76,
                205,
                33,
                84,
                104,
                105,
                115,
                32,
                112,
                114,
                111,
                103,
                114,
                97,
                109,
                32,
                99,
                97,
                110,
                110,
                111,
                116,
                32,
                98,
                101,
                32,
                114,
                117,
                110,
                32,
                105,
                110,
                32,
                68,
                79,
                83,
                32,
                109,
                111,
                100,
                101,
                46,
                13,
                13,
                10,
                36,
                0,
                0,
                0,
                0,
                0,
                0,
                0,
            ],
        ),
        signature: 17744,
        coff_header: CoffHeader {
            machine: 450,
            number_of_sections: 5,
            time_date_stamp: 1244759828,
            pointer_to_symbol_table: 0,
            number_of_symbol_table: 0,
            size_of_optional_header: 224,
            characteristics: 259,
        },
        optional_header: Some(
            OptionalHeader {
                standard_fields: StandardFields {
                    magic: 267,
                    major_linker_version: 9,
                    minor_linker_version: 0,
                    size_of_code: 1143296,
                    size_of_initialized_data: 139264,
                    size_of_uninitialized_data: 0,
                    address_of_entry_point: 1119700,
                    base_of_code: 4096,
                    base_of_data: 1150976,
                },
                windows_fields: WindowsFields64 {
                    image_base: 65536,
                    section_alignment: 4096,
                    file_alignment: 512,
                    major_operating_system_version: 5,
                    minor_operating_system_version: 0,
                    major_image_version: 0,
                    minor_image_version: 0,
                    major_subsystem_version: 5,
                    minor_subsystem_version: 0,
                    win32_version_value: 0,
                    size_of_image: 1298432,
                    size_of_headers: 1024,
                    check_sum: 0,
                    subsystem: 9,
                    dll_characteristics: 0,
                    size_of_stack_reserve: 1048576,
                    size_of_stack_commit: 4096,
                    size_of_heap_reserve: 1048576,
                    size_of_heap_commit: 4096,
                    loader_flags: 0,
                    number_of_rva_and_sizes: 16,
                },
                data_directories: DataDirectories {
                    data_directories: [
                        Some(
                            (
                                104,
                                DataDirectory {
                                    virtual_address: 1242032,
                                    size: 4088,
                                },
                            ),
                        ),
                        Some(
                            (
                                112,
                                DataDirectory {
                                    virtual_address: 1240996,
                                    size: 60,
                                },
                            ),
                        ),
                        Some(
                            (
                                120,
                                DataDirectory {
                                    virtual_address: 1294336,
                                    size: 2400,
                                },
                            ),
                        ),
                        Some(
                            (
                                128,
                                DataDirectory {
                                    virtual_address: 1277952,
                                    size: 15568,
                                },
                            ),
                        ),
                        None,
                        None,
                        None,
                        None,
                        None,
                        None,
                        None,
                        None,
                        Some(
                            (
                                200,
                                DataDirectory {
                                    virtual_address: 1249280,
                                    size: 872,
                                },
                            ),
                        ),
                        None,
                        None,
                        None,
                    ],
                },
            },
        ),
    }
[2026-08-29T14:50:09Z DEBUG goblin::pe::header] (0) SectionTable {
        name: [
            46,
            116,
            101,
            120,
            116,
            0,
            0,
            0,
        ],
        real_name: None,
        virtual_size: 1143076,
        virtual_address: 4096,
        size_of_raw_data: 1143296,
        pointer_to_raw_data: 1024,
        pointer_to_relocations: 0,
        pointer_to_linenumbers: 0,
        number_of_relocations: 0,
        number_of_linenumbers: 0,
        characteristics: 1610612768,
    }
[2026-08-29T14:50:09Z DEBUG goblin::pe::header] (1) SectionTable {
        name: [
            46,
            114,
            100,
            97,
            116,
            97,
            0,
            0,
        ],
        real_name: None,
        virtual_size: 95144,
        virtual_address: 1150976,
        size_of_raw_data: 95232,
        pointer_to_raw_data: 1144320,
        pointer_to_relocations: 0,
        pointer_to_linenumbers: 0,
        number_of_relocations: 0,
        number_of_linenumbers: 0,
        characteristics: 1073741888,
    }
[2026-08-29T14:50:09Z DEBUG goblin::pe::header] (2) SectionTable {
        name: [
            46,
            100,
            97,
            116,
            97,
            0,
            0,
            0,
        ],
        real_name: None,
        virtual_size: 25120,
        virtual_address: 1249280,
        size_of_raw_data: 13312,
        pointer_to_raw_data: 1239552,
        pointer_to_relocations: 0,
        pointer_to_linenumbers: 0,
        number_of_relocations: 0,
        number_of_linenumbers: 0,
        characteristics: 3221225536,
    }
[2026-08-29T14:50:09Z DEBUG goblin::pe::header] (3) SectionTable {
        name: [
            46,
            112,
            100,
            97,
            116,
            97,
            0,
            0,
        ],
        real_name: None,
        virtual_size: 15568,
        virtual_address: 1277952,
        size_of_raw_data: 15872,
        pointer_to_raw_data: 1252864,
        pointer_to_relocations: 0,
        pointer_to_linenumbers: 0,
        number_of_relocations: 0,
        number_of_linenumbers: 0,
        characteristics: 1073741888,
    }
[2026-08-29T14:50:09Z DEBUG goblin::pe::header] (4) SectionTable {
        name: [
            46,
            114,
            115,
            114,
            99,
            0,
            0,
            0,
        ],
        real_name: None,
        virtual_size: 2400,
        virtual_address: 1294336,
        size_of_raw_data: 2560,
        pointer_to_raw_data: 1268736,
        pointer_to_relocations: 0,
        pointer_to_linenumbers: 0,
        number_of_relocations: 0,
        number_of_linenumbers: 0,
        characteristics: 1073741888,
    }
[2026-08-29T14:50:09Z DEBUG goblin::pe] entry 0x1115d4 image_base 0x10000 is_64: false
[2026-08-29T14:50:09Z DEBUG goblin::pe::export] export_rva 0x12f3b0 size 4088
[2026-08-29T14:50:09Z DEBUG goblin::pe::utils] Checking .text for 0x12f3b0 ∈ 0x1000..0x118124
[2026-08-29T14:50:09Z DEBUG goblin::pe::utils] Checking .rdata for 0x12f3b0 ∈ 0x119000..0x1303a8
[2026-08-29T14:50:09Z DEBUG goblin::pe::utils] Found in section .rdata(1), remapped into offset 0x12d9b0
[2026-08-29T14:50:09Z DEBUG goblin::pe::utils] Checking .text for 0x12f658 ∈ 0x1000..0x118124
[2026-08-29T14:50:09Z DEBUG goblin::pe::utils] Checking .rdata for 0x12f658 ∈ 0x119000..0x1303a8
[2026-08-29T14:50:09Z DEBUG goblin::pe::utils] Found in section .rdata(1), remapped into offset 0x12dc58
[2026-08-29T14:50:09Z DEBUG goblin::pe::utils] Checking .text for 0x12f8d8 ∈ 0x1000..0x118124
[2026-08-29T14:50:09Z DEBUG goblin::pe::utils] Checking .rdata for 0x12f8d8 ∈ 0x119000..0x1303a8
[2026-08-29T14:50:09Z DEBUG goblin::pe::utils] Found in section .rdata(1), remapped into offset 0x12ded8
[2026-08-29T14:50:09Z DEBUG goblin::pe::utils] Checking .text for 0x12f3d8 ∈ 0x1000..0x118124
[2026-08-29T14:50:09Z DEBUG goblin::pe::utils] Checking .rdata for 0x12f3d8 ∈ 0x119000..0x1303a8
[2026-08-29T14:50:09Z DEBUG goblin::pe::utils] Found in section .rdata(1), remapped into offset 0x12d9d8
[2026-08-29T14:50:09Z DEBUG goblin::pe::utils] Checking .text for 0x12fa18 ∈ 0x1000..0x118124
[2026-08-29T14:50:09Z DEBUG goblin::pe::utils] Checking .rdata for 0x12fa18 ∈ 0x119000..0x1303a8
[2026-08-29T14:50:09Z DEBUG goblin::pe::utils] Found in section .rdata(1), remapped into offset 0x12e018
[2026-08-29T14:50:09Z DEBUG goblin::pe] export data ExportData {
        name: Some(
            "Bubble Bash 2.exe",
        ),
        export_directory_table: ExportDirectoryTable {
            export_flags: 0,
            time_date_stamp: 1244759786,
            major_version: 0,
            minor_version: 0,
            name_rva: 1243672,
            ordinal_base: 1,
            address_table_entries: 160,
            number_of_name_pointers: 160,
            export_address_table_rva: 1242072,
            name_pointer_rva: 1242712,
            ordinal_table_rva: 1243352,
        },
        export_name_pointer_table: [
            1243690,
            1243703,
            1243715,
            1243735,
            1243749,
            1243763,
            1243781,
            1243796,
            1243811,
            1243828,
            1243847,
            1243864,
            1243880,
            1243901,
            1243926,
            1243946,
            1243963,
            1243973,
            1243990,
            1244011,
            1244029,
            1244052,
            1244072,
            1244090,
            1244100,
            1244115,
            1244128,
            1244137,
            1244152,
            1244163,
            1244179,
            1244199,
            1244221,
            1244240,
            1244252,
            1244272,
            1244291,
            1244305,
            1244324,
            1244340,
            1244359,
            1244375,
            1244389,
            1244402,
            1244421,
            1244436,
            1244453,
            1244469,
            1244485,
            1244503,
            1244514,
            1244526,
            1244552,
            1244568,
            1244581,
            1244598,
            1244618,
            1244632,
            1244645,
            1244661,
            1244676,
            1244687,
            1244701,
            1244714,
            1244725,
            1244737,
            1244746,
            1244764,
            1244779,
            1244798,
            1244812,
            1244829,
            1244844,
            1244858,
            1244874,
            1244888,
            1244899,
            1244911,
            1244925,
            1244940,
            1244955,
            1244969,
            1244984,
            1244998,
            1245007,
            1245025,
            1245044,
            1245057,
            1245072,
            1245086,
            1245099,
            1245112,
            1245125,
            1245138,
            1245151,
            1245164,
            1245180,
            1245196,
            1245208,
            1245223,
            1245236,
            1245248,
            1245267,
            1245280,
            1245296,
            1245312,
            1245326,
            1245340,
            1245353,
            1245372,
            1245388,
            1245408,
            1245423,
            1245436,
            1245453,
            1245468,
            1245481,
            1245498,
            1245514,
            1245532,
            1245550,
            1245565,
            1245581,
            1245595,
            1245615,
            1245629,
            1245645,
            1245659,
            1245677,
            1245694,
            1245715,
            1245733,
            1245748,
            1245772,
            1245786,
            1245801,
            1245815,
            1245827,
            1245841,
            1245855,
            1245869,
            1245883,
            1245897,
            1245911,
            1245922,
            1245932,
            1245948,
            1245963,
            1245980,
            1245990,
            1246001,
            1246012,
            1246023,
            1246034,
            1246047,
            1246058,
            1246070,
            1246082,
            1246095,
            1246106,
        ],
        export_ordinal_table: [
            0,
            1,
            2,
            3,
            4,
            5,
            6,
            7,
            8,
            9,
            10,
            11,
            12,
            13,
            14,
            15,
            16,
            17,
            18,
            19,
            20,
            21,
            22,
            23,
            24,
            25,
            26,
            27,
            28,
            29,
            30,
            31,
            32,
            33,
            34,
            35,
            36,
            37,
            38,
            39,
            40,
            41,
            42,
            43,
            44,
            45,
            46,
            47,
            48,
            49,
            50,
            51,
            52,
            53,
            54,
            55,
            56,
            57,
            58,
            59,
            60,
            61,
            62,
            63,
            64,
            65,
            66,
            67,
            68,
            69,
            70,
            71,
            72,
            73,
            74,
            75,
            76,
            77,
            78,
            79,
            80,
            81,
            82,
            83,
            84,
            85,
            86,
            87,
            88,
            89,
            90,
            91,
            92,
            93,
            94,
            95,
            96,
            97,
            98,
            99,
            100,
            101,
            102,
            103,
            104,
            105,
            106,
            107,
            108,
            109,
            110,
            111,
            112,
            113,
            114,
            115,
            116,
            117,
            118,
            119,
            120,
            121,
            122,
            123,
            124,
            125,
            126,
            127,
            128,
            129,
            130,
            131,
            132,
            133,
            134,
            135,
            136,
            137,
            138,
            139,
            140,
            141,
            142,
            143,
            144,
            145,
            146,
            147,
            148,
            149,
            150,
            151,
            152,
            153,
            154,
            155,
            156,
            157,
            158,
            159,
        ],
        export_address_table: [
            ExportRVA(
                811224,
            ),
            ExportRVA(
                895300,
            ),
            ExportRVA(
                814772,
            ),
            ExportRVA(
                814428,
            ),
            ExportRVA(
                816396,
            ),
            ExportRVA(
                878488,
            ),
            ExportRVA(
                813136,
            ),
            ExportRVA(
                816352,
            ),
            ExportRVA(
                878396,
            ),
            ExportRVA(
                808380,
            ),
            ExportRVA(
                825792,
            ),
            ExportRVA(
                831316,
            ),
            ExportRVA(
                804392,
            ),
            ExportRVA(
                805032,
            ),
            ExportRVA(
                892080,
            ),
            ExportRVA(
                852596,
            ),
            ExportRVA(
                809888,
            ),
            ExportRVA(
                831412,
            ),
            ExportRVA(
                831412,
            ),
            ExportRVA(
                795500,
            ),
            ExportRVA(
                795632,
            ),
            ExportRVA(
                825316,
            ),
            ExportRVA(
                824180,
            ),
            ExportRVA(
                813156,
            ),
            ExportRVA(
                803792,
            ),
            ExportRVA(
                807040,
            ),
            ExportRVA(
                796652,
            ),
            ExportRVA(
                826768,
            ),
            ExportRVA(
                895360,
            ),
            ExportRVA(
                809288,
            ),
            ExportRVA(
                798808,
            ),
            ExportRVA(
                798492,
            ),
            ExportRVA(
                798400,
            ),
            ExportRVA(
                4096,
            ),
            ExportRVA(
                798588,
            ),
            ExportRVA(
                798888,
            ),
            ExportRVA(
                4096,
            ),
            ExportRVA(
                4096,
            ),
            ExportRVA(
                853056,
            ),
            ExportRVA(
                816188,
            ),
            ExportRVA(
                806144,
            ),
            ExportRVA(
                826752,
            ),
            ExportRVA(
                813120,
            ),
            ExportRVA(
                803776,
            ),
            ExportRVA(
                824304,
            ),
            ExportRVA(
                825396,
            ),
            ExportRVA(
                824204,
            ),
            ExportRVA(
                824256,
            ),
            ExportRVA(
                831620,
            ),
            ExportRVA(
                819296,
            ),
            ExportRVA(
                818996,
            ),
            ExportRVA(
                831660,
            ),
            ExportRVA(
                852952,
            ),
            ExportRVA(
                809692,
            ),
            ExportRVA(
                792424,
            ),
            ExportRVA(
                792396,
            ),
            ExportRVA(
                800856,
            ),
            ExportRVA(
                951256,
            ),
            ExportRVA(
                951348,
            ),
            ExportRVA(
                951624,
            ),
            ExportRVA(
                951072,
            ),
            ExportRVA(
                951164,
            ),
            ExportRVA(
                950980,
            ),
            ExportRVA(
                951440,
            ),
            ExportRVA(
                951532,
            ),
            ExportRVA(
                791288,
            ),
            ExportRVA(
                791028,
            ),
            ExportRVA(
                852980,
            ),
            ExportRVA(
                791584,
            ),
            ExportRVA(
                792452,
            ),
            ExportRVA(
                932488,
            ),
            ExportRVA(
                932208,
            ),
            ExportRVA(
                816272,
            ),
            ExportRVA(
                808128,
            ),
            ExportRVA(
                806196,
            ),
            ExportRVA(
                818804,
            ),
            ExportRVA(
                818892,
            ),
            ExportRVA(
                814880,
            ),
            ExportRVA(
                816248,
            ),
            ExportRVA(
                802684,
            ),
            ExportRVA(
                803172,
            ),
            ExportRVA(
                803124,
            ),
            ExportRVA(
                803512,
            ),
            ExportRVA(
                791488,
            ),
            ExportRVA(
                791336,
            ),
            ExportRVA(
                895180,
            ),
            ExportRVA(
                894948,
            ),
            ExportRVA(
                894748,
            ),
            ExportRVA(
                895060,
            ),
            ExportRVA(
                895404,
            ),
            ExportRVA(
                895508,
            ),
            ExportRVA(
                895616,
            ),
            ExportRVA(
                895364,
            ),
            ExportRVA(
                895468,
            ),
            ExportRVA(
                895572,
            ),
            ExportRVA(
                891568,
            ),
            ExportRVA(
                811472,
            ),
            ExportRVA(
                892596,
            ),
            ExportRVA(
                892320,
            ),
            ExportRVA(
                892556,
            ),
            ExportRVA(
                892432,
            ),
            ExportRVA(
                892192,
            ),
            ExportRVA(
                805480,
            ),
            ExportRVA(
                806020,
            ),
            ExportRVA(
                805172,
            ),
            ExportRVA(
                798056,
            ),
            ExportRVA(
                826260,
            ),
            ExportRVA(
                812112,
            ),
            ExportRVA(
                803548,
            ),
            ExportRVA(
                824288,
            ),
            ExportRVA(
                891552,
            ),
            ExportRVA(
                797736,
            ),
            ExportRVA(
                811728,
            ),
            ExportRVA(
                793980,
            ),
            ExportRVA(
                826908,
            ),
            ExportRVA(
                851584,
            ),
            ExportRVA(
                932800,
            ),
            ExportRVA(
                816312,
            ),
            ExportRVA(
                808268,
            ),
            ExportRVA(
                891980,
            ),
            ExportRVA(
                795928,
            ),
            ExportRVA(
                796044,
            ),
            ExportRVA(
                806544,
            ),
            ExportRVA(
                792288,
            ),
            ExportRVA(
                791596,
            ),
            ExportRVA(
                792524,
            ),
            ExportRVA(
                798096,
            ),
            ExportRVA(
                799252,
            ),
            ExportRVA(
                800372,
            ),
            ExportRVA(
                800596,
            ),
            ExportRVA(
                798948,
            ),
            ExportRVA(
                800012,
            ),
            ExportRVA(
                800644,
            ),
            ExportRVA(
                803256,
            ),
            ExportRVA(
                852884,
            ),
            ExportRVA(
                827116,
            ),
            ExportRVA(
                791444,
            ),
            ExportRVA(
                895744,
            ),
            ExportRVA(
                895828,
            ),
            ExportRVA(
                895928,
            ),
            ExportRVA(
                895708,
            ),
            ExportRVA(
                895792,
            ),
            ExportRVA(
                895892,
            ),
            ExportRVA(
                813564,
            ),
            ExportRVA(
                929208,
            ),
            ExportRVA(
                931760,
            ),
            ExportRVA(
                928932,
            ),
            ExportRVA(
                931784,
            ),
            ExportRVA(
                834060,
            ),
            ExportRVA(
                831464,
            ),
            ExportRVA(
                831544,
            ),
            ExportRVA(
                813240,
            ),
            ExportRVA(
                833720,
            ),
            ExportRVA(
                834708,
            ),
            ExportRVA(
                833964,
            ),
            ExportRVA(
                833848,
            ),
            ExportRVA(
                833768,
            ),
            ExportRVA(
                834592,
            ),
            ExportRVA(
                834344,
            ),
            ExportRVA(
                835972,
            ),
        ],
    }
[2026-08-29T14:50:09Z DEBUG goblin::pe::utils] Checking .text for 0x12fa2a ∈ 0x1000..0x118124
[2026-08-29T14:50:09Z DEBUG goblin::pe::utils] Checking .rdata for 0x12fa2a ∈ 0x119000..0x1303a8
[2026-08-29T14:50:09Z DEBUG goblin::pe::utils] Found in section .rdata(1), remapped into offset 0x12e02a
[2026-08-29T14:50:09Z DEBUG goblin::pe::utils] Checking .text for 0xc60d8 ∈ 0x1000..0x118124
[2026-08-29T14:50:09Z DEBUG goblin::pe::utils] Found in section .text(0), remapped into offset 0xc54d8
[2026-08-29T14:50:09Z DEBUG goblin::pe::utils] Checking .text for 0x12fa37 ∈ 0x1000..0x118124
[2026-08-29T14:50:09Z DEBUG goblin::pe::utils] Checking .rdata for 0x12fa37 ∈ 0x119000..0x1303a8
[2026-08-29T14:50:09Z DEBUG goblin::pe::utils] Found in section .rdata(1), remapped into offset 0x12e037
[2026-08-29T14:50:09Z DEBUG goblin::pe::utils] Checking .text for 0xda944 ∈ 0x1000..0x118124
[2026-08-29T14:50:09Z DEBUG goblin::pe::utils] Found in section .text(0), remapped into offset 0xd9d44
[2026-08-29T14:50:09Z DEBUG goblin::pe::utils] Checking .text for 0x12fa43 ∈ 0x1000..0x118124
[2026-08-29T14:50:09Z DEBUG goblin::pe::utils] Checking .rdata for 0x12fa43 ∈ 0x119000..0x1303a8
[2026-08-29T14:50:09Z DEBUG goblin::pe::utils] Found in section .rdata(1), remapped into offset 0x12e043
[2026-08-29T14:50:09Z DEBUG goblin::pe::utils] Checking .text for 0xc6eb4 ∈ 0x1000..0x118124
[2026-08-29T14:50:09Z DEBUG goblin::pe::utils] Found in section .text(0), remapped into offset 0xc62b4
[2026-08-29T14:50:09Z DEBUG goblin::pe::utils] Checking .text for 0x12fa57 ∈ 0x1000..0x118124
[2026-08-29T14:50:09Z DEBUG goblin::pe::utils] Checking .rdata for 0x12fa57 ∈ 0x119000..0x1303a8
[2026-08-29T14:50:09Z DEBUG goblin::pe::utils] Found in section .rdata(1), remapped into offset 0x12e057
[2026-08-29T14:50:09Z DEBUG goblin::pe::utils] Checking .text for 0xc6d5c ∈ 0x1000..0x118124
[2026-08-29T14:50:09Z DEBUG goblin::pe::utils] Found in section .text(0), remapped into offset 0xc615c
[2026-08-29T14:50:09Z DEBUG goblin::pe::utils] Checking .text for 0x12fa65 ∈ 0x1000..0x118124
[2026-08-29T14:50:09Z DEBUG goblin::pe::utils] Checking .rdata for 0x12fa65 ∈ 0x119000..0x1303a8
[2026-08-29T14:50:09Z DEBUG goblin::pe::utils] Found in section .rdata(1), remapped into offset 0x12e065
[2026-08-29T14:50:09Z DEBUG goblin::pe::utils] Checking .text for 0xc750c ∈ 0x1000..0x118124
[2026-08-29T14:50:09Z DEBUG goblin::pe::utils] Found in section .text(0), remapped into offset 0xc690c
[2026-08-29T14:50:09Z DEBUG goblin::pe::utils] Checking .text for 0x12fa73 ∈ 0x1000..0x118124
[2026-08-29T14:50:09Z DEBUG goblin::pe::utils] Checking .rdata for 0x12fa73 ∈ 0x119000..0x1303a8
[2026-08-29T14:50:09Z DEBUG goblin::pe::utils] Found in section .rdata(1), remapped into offset 0x12e073
[2026-08-29T14:50:09Z DEBUG goblin::pe::utils] Checking .text for 0xd6798 ∈ 0x1000..0x118124
[2026-08-29T14:50:09Z DEBUG goblin::pe::utils] Found in section .text(0), remapped into offset 0xd5b98
[2026-08-29T14:50:09Z DEBUG goblin::pe::utils] Checking .text for 0x12fa85 ∈ 0x1000..0x118124
[2026-08-29T14:50:09Z DEBUG goblin::pe::utils] Checking .rdata for 0x12fa85 ∈ 0x119000..0x1303a8
[2026-08-29T14:50:09Z DEBUG goblin::pe::utils] Found in section .rdata(1), remapped into offset 0x12e085
[2026-08-29T14:50:09Z DEBUG goblin::pe::utils] Checking .text for 0xc6850 ∈ 0x1000..0x118124
[2026-08-29T14:50:09Z DEBUG goblin::pe::utils] Found in section .text(0), remapped into offset 0xc5c50
[2026-08-29T14:50:09Z DEBUG goblin::pe::utils] Checking .text for 0x12fa94 ∈ 0x1000..0x118124
[2026-08-29T14:50:09Z DEBUG goblin::pe::utils] Checking .rdata for 0x12fa94 ∈ 0x119000..0x1303a8
[2026-08-29T14:50:09Z DEBUG goblin::pe::utils] Found in section .rdata(1), remapped into offset 0x12e094
[2026-08-29T14:50:09Z DEBUG goblin::pe::utils] Checking .text for 0xc74e0 ∈ 0x1000..0x118124
[2026-08-29T14:50:09Z DEBUG goblin::pe::utils] Found in section .text(0), remapped into offset 0xc68e0
[2026-08-29T14:50:09Z DEBUG goblin::pe::utils] Checking .text for 0x12faa3 ∈ 0x1000..0x118124
[2026-08-29T14:50:09Z DEBUG goblin::pe::utils] Checking .rdata for 0x12faa3 ∈ 0x119000..0x1303a8
[2026-08-29T14:50:09Z DEBUG goblin::pe::utils] Found in section .rdata(1), remapped into offset 0x12e0a3
[2026-08-29T14:50:09Z DEBUG goblin::pe::utils] Checking .text for 0xd673c ∈ 0x1000..0x118124
[2026-08-29T14:50:09Z DEBUG goblin::pe::utils] Found in section .text(0), remapped into offset 0xd5b3c
[2026-08-29T14:50:09Z DEBUG goblin::pe::utils] Checking .text for 0x12fab4 ∈ 0x1000..0x118124
[2026-08-29T14:50:09Z DEBUG goblin::pe::utils] Checking .rdata for 0x12fab4 ∈ 0x119000..0x1303a8
[2026-08-29T14:50:09Z DEBUG goblin::pe::utils] Found in section .rdata(1), remapped into offset 0x12e0b4
[2026-08-29T14:50:09Z DEBUG goblin::pe::utils] Checking .text for 0xc55bc ∈ 0x1000..0x118124
[2026-08-29T14:50:09Z DEBUG goblin::pe::utils] Found in section .text(0), remapped into offset 0xc49bc
[2026-08-29T14:50:09Z DEBUG goblin::pe::utils] Checking .text for 0x12fac7 ∈ 0x1000..0x118124
[2026-08-29T14:50:09Z DEBUG goblin::pe::utils] Checking .rdata for 0x12fac7 ∈ 0x119000..0x1303a8
[2026-08-29T14:50:09Z DEBUG goblin::pe::utils] Found in section .rdata(1), remapped into offset 0x12e0c7
[2026-08-29T14:50:09Z DEBUG goblin::pe::utils] Checking .text for 0xc99c0 ∈ 0x1000..0x118124
[2026-08-29T14:50:09Z DEBUG goblin::pe::utils] Found in section .text(0), remapped into offset 0xc8dc0
[2026-08-29T14:50:09Z DEBUG goblin::pe::utils] Checking .text for 0x12fad8 ∈ 0x1000..0x118124
[2026-08-29T14:50:09Z DEBUG goblin::pe::utils] Checking .rdata for 0x12fad8 ∈ 0x119000..0x1303a8
[2026-08-29T14:50:09Z DEBUG goblin::pe::utils] Found in section .rdata(1), remapped into offset 0x12e0d8
[2026-08-29T14:50:09Z DEBUG goblin::pe::utils] Checking .text for 0xcaf54 ∈ 0x1000..0x118124
[2026-08-29T14:50:09Z DEBUG goblin::pe::utils] Found in section .text(0), remapped into offset 0xca354
[2026-08-29T14:50:09Z DEBUG goblin::pe::utils] Checking .text for 0x12fae8 ∈ 0x1000..0x118124
[2026-08-29T14:50:09Z DEBUG goblin::pe::utils] Checking .rdata for 0x12fae8 ∈ 0x119000..0x1303a8
[2026-08-29T14:50:09Z DEBUG goblin::pe::utils] Found in section .rdata(1), remapped into offset 0x12e0e8
[2026-08-29T14:50:09Z DEBUG goblin::pe::utils] Checking .text for 0xc4628 ∈ 0x1000..0x118124
[2026-08-29T14:50:09Z DEBUG goblin::pe::utils] Found in section .text(0), remapped into offset 0xc3a28
[2026-08-29T14:50:09Z DEBUG goblin::pe::utils] Checking .text for 0x12fafd ∈ 0x1000..0x118124
[2026-08-29T14:50:09Z DEBUG goblin::pe::utils] Checking .rdata for 0x12fafd ∈ 0x119000..0x1303a8
[2026-08-29T14:50:09Z DEBUG goblin::pe::utils] Found in section .rdata(1), remapped into offset 0x12e0fd
[2026-08-29T14:50:09Z DEBUG goblin::pe::utils] Checking .text for 0xc48a8 ∈ 0x1000..0x118124
[2026-08-29T14:50:09Z DEBUG goblin::pe::utils] Found in section .text(0), remapped into offset 0xc3ca8
[2026-08-29T14:50:09Z DEBUG goblin::pe::utils] Checking .text for 0x12fb16 ∈ 0x1000..0x118124
[2026-08-29T14:50:09Z DEBUG goblin::pe::utils] Checking .rdata for 0x12fb16 ∈ 0x119000..0x1303a8
[2026-08-29T14:50:09Z DEBUG goblin::pe::utils] Found in section .rdata(1), remapped into offset 0x12e116
[2026-08-29T14:50:09Z DEBUG goblin::pe::utils] Checking .text for 0xd9cb0 ∈ 0x1000..0x118124
[2026-08-29T14:50:09Z DEBUG goblin::pe::utils] Found in section .text(0), remapped into offset 0xd90b0
[2026-08-29T14:50:09Z DEBUG goblin::pe::utils] Checking .text for 0x12fb2a ∈ 0x1000..0x118124
[2026-08-29T14:50:09Z DEBUG goblin::pe::utils] Checking .rdata for 0x12fb2a ∈ 0x119000..0x1303a8
[2026-08-29T14:50:09Z DEBUG goblin::pe::utils] Found in section .rdata(1), remapped into offset 0x12e12a
[2026-08-29T14:50:09Z DEBUG goblin::pe::utils] Checking .text for 0xd0274 ∈ 0x1000..0x118124
[2026-08-29T14:50:09Z DEBUG goblin::pe::utils] Found in section .text(0), remapped into offset 0xcf674
[2026-08-29T14:50:09Z DEBUG goblin::pe::utils] Checking .text for 0x12fb3b ∈ 0x1000..0x118124
[2026-08-29T14:50:09Z DEBUG goblin::pe::utils] Checking .rdata for 0x12fb3b ∈ 0x119000..0x1303a8
[2026-08-29T14:50:09Z DEBUG goblin::pe::utils] Found in section .rdata(1), remapped into offset 0x12e13b
[2026-08-29T14:50:09Z DEBUG goblin::pe::utils] Checking .text for 0xc5ba0 ∈ 0x1000..0x118124
[2026-08-29T14:50:09Z DEBUG goblin::pe::utils] Found in section .text(0), remapped into offset 0xc4fa0
[2026-08-29T14:50:09Z DEBUG goblin::pe::utils] Checking .text for 0x12fb45 ∈ 0x1000..0x118124
[2026-08-29T14:50:09Z DEBUG goblin::pe::utils] Checking .rdata for 0x12fb45 ∈ 0x119000..0x1303a8
[2026-08-29T14:50:09Z DEBUG goblin::pe::utils] Found in section .rdata(1), remapped into offset 0x12e145
[2026-08-29T14:50:09Z DEBUG goblin::pe::utils] Checking .text for 0xcafb4 ∈ 0x1000..0x118124
[2026-08-29T14:50:09Z DEBUG goblin::pe::utils] Found in section .text(0), remapped into offset 0xca3b4
[2026-08-29T14:50:09Z DEBUG goblin::pe::utils] Checking .text for 0x12fb56 ∈ 0x1000..0x118124
[2026-08-29T14:50:09Z DEBUG goblin::pe::utils] Checking .rdata for 0x12fb56 ∈ 0x119000..0x1303a8
[2026-08-29T14:50:09Z DEBUG goblin::pe::utils] Found in section .rdata(1), remapped into offset 0x12e156
[2026-08-29T14:50:09Z DEBUG goblin::pe::utils] Checking .text for 0xcafb4 ∈ 0x1000..0x118124
[2026-08-29T14:50:09Z DEBUG goblin::pe::utils] Found in section .text(0), remapped into offset 0xca3b4
[2026-08-29T14:50:09Z DEBUG goblin::pe::utils] Checking .text for 0x12fb6b ∈ 0x1000..0x118124
[2026-08-29T14:50:09Z DEBUG goblin::pe::utils] Checking .rdata for 0x12fb6b ∈ 0x119000..0x1303a8
[2026-08-29T14:50:09Z DEBUG goblin::pe::utils] Found in section .rdata(1), remapped into offset 0x12e16b
[2026-08-29T14:50:09Z DEBUG goblin::pe::utils] Checking .text for 0xc236c ∈ 0x1000..0x118124
[2026-08-29T14:50:09Z DEBUG goblin::pe::utils] Found in section .text(0), remapped into offset 0xc176c
[2026-08-29T14:50:09Z DEBUG goblin::pe::utils] Checking .text for 0x12fb7d ∈ 0x1000..0x118124
[2026-08-29T14:50:09Z DEBUG goblin::pe::utils] Checking .rdata for 0x12fb7d ∈ 0x119000..0x1303a8
[2026-08-29T14:50:09Z DEBUG goblin::pe::utils] Found in section .rdata(1), remapped into offset 0x12e17d
[2026-08-29T14:50:09Z DEBUG goblin::pe::utils] Checking .text for 0xc23f0 ∈ 0x1000..0x118124
[2026-08-29T14:50:09Z DEBUG goblin::pe::utils] Found in section .text(0), remapped into offset 0xc17f0
[2026-08-29T14:50:09Z DEBUG goblin::pe::utils] Checking .text for 0x12fb94 ∈ 0x1000..0x118124
[2026-08-29T14:50:09Z DEBUG goblin::pe::utils] Checking .rdata for 0x12fb94 ∈ 0x119000..0x1303a8
[2026-08-29T14:50:09Z DEBUG goblin::pe::utils] Found in section .rdata(1), remapped into offset 0x12e194
[2026-08-29T14:50:09Z DEBUG goblin::pe::utils] Checking .text for 0xc97e4 ∈ 0x1000..0x118124
[2026-08-29T14:50:09Z DEBUG goblin::pe::utils] Found in section .text(0), remapped into offset 0xc8be4
[2026-08-29T14:50:09Z DEBUG goblin::pe::utils] Checking .text for 0x12fba8 ∈ 0x1000..0x118124
[2026-08-29T14:50:09Z DEBUG goblin::pe::utils] Checking .rdata for 0x12fba8 ∈ 0x119000..0x1303a8
[2026-08-29T14:50:09Z DEBUG goblin::pe::utils] Found in section .rdata(1), remapped into offset 0x12e1a8
[2026-08-29T14:50:09Z DEBUG goblin::pe::utils] Checking .text for 0xc9374 ∈ 0x1000..0x118124
[2026-08-29T14:50:09Z DEBUG goblin::pe::utils] Found in section .text(0), remapped into offset 0xc8774
[2026-08-29T14:50:09Z DEBUG goblin::pe::utils] Checking .text for 0x12fbba ∈ 0x1000..0x118124
[2026-08-29T14:50:09Z DEBUG goblin::pe::utils] Checking .rdata for 0x12fbba ∈ 0x119000..0x1303a8
[2026-08-29T14:50:09Z DEBUG goblin::pe::utils] Found in section .rdata(1), remapped into offset 0x12e1ba
[2026-08-29T14:50:09Z DEBUG goblin::pe::utils] Checking .text for 0xc6864 ∈ 0x1000..0x118124
[2026-08-29T14:50:09Z DEBUG goblin::pe::utils] Found in section .text(0), remapped into offset 0xc5c64
[2026-08-29T14:50:09Z DEBUG goblin::pe::utils] Checking .text for 0x12fbc4 ∈ 0x1000..0x118124
[2026-08-29T14:50:09Z DEBUG goblin::pe::utils] Checking .rdata for 0x12fbc4 ∈ 0x119000..0x1303a8
[2026-08-29T14:50:09Z DEBUG goblin::pe::utils] Found in section .rdata(1), remapped into offset 0x12e1c4
[2026-08-29T14:50:09Z DEBUG goblin::pe::utils] Checking .text for 0xc43d0 ∈ 0x1000..0x118124
[2026-08-29T14:50:09Z DEBUG goblin::pe::utils] Found in section .text(0), remapped into offset 0xc37d0
[2026-08-29T14:50:09Z DEBUG goblin::pe::utils] Checking .text for 0x12fbd3 ∈ 0x1000..0x118124
[2026-08-29T14:50:09Z DEBUG goblin::pe::utils] Checking .rdata for 0x12fbd3 ∈ 0x119000..0x1303a8
[2026-08-29T14:50:09Z DEBUG goblin::pe::utils] Found in section .rdata(1), remapped into offset 0x12e1d3
[2026-08-29T14:50:09Z DEBUG goblin::pe::utils] Checking .text for 0xc5080 ∈ 0x1000..0x118124
[2026-08-29T14:50:09Z DEBUG goblin::pe::utils] Found in section .text(0), remapped into offset 0xc4480
[2026-08-29T14:50:09Z DEBUG goblin::pe::utils] Checking .text for 0x12fbe0 ∈ 0x1000..0x118124
[2026-08-29T14:50:09Z DEBUG goblin::pe::utils] Checking .rdata for 0x12fbe0 ∈ 0x119000..0x1303a8
[2026-08-29T14:50:09Z DEBUG goblin::pe::utils] Found in section .rdata(1), remapped into offset 0x12e1e0
[2026-08-29T14:50:09Z DEBUG goblin::pe::utils] Checking .text for 0xc27ec ∈ 0x1000..0x118124
[2026-08-29T14:50:09Z DEBUG goblin::pe::utils] Found in section .text(0), remapped into offset 0xc1bec
[2026-08-29T14:50:09Z DEBUG goblin::pe::utils] Checking .text for 0x12fbe9 ∈ 0x1000..0x118124
[2026-08-29T14:50:09Z DEBUG goblin::pe::utils] Checking .rdata for 0x12fbe9 ∈ 0x119000..0x1303a8
[2026-08-29T14:50:09Z DEBUG goblin::pe::utils] Found in section .rdata(1), remapped into offset 0x12e1e9
[2026-08-29T14:50:09Z DEBUG goblin::pe::utils] Checking .text for 0xc9d90 ∈ 0x1000..0x118124
[2026-08-29T14:50:09Z DEBUG goblin::pe::utils] Found in section .text(0), remapped into offset 0xc9190
[2026-08-29T14:50:09Z DEBUG goblin::pe::utils] Checking .text for 0x12fbf8 ∈ 0x1000..0x118124
[2026-08-29T14:50:09Z DEBUG goblin::pe::utils] Checking .rdata for 0x12fbf8 ∈ 0x119000..0x1303a8
[2026-08-29T14:50:09Z DEBUG goblin::pe::utils] Found in section .rdata(1), remapped into offset 0x12e1f8
[2026-08-29T14:50:09Z DEBUG goblin::pe::utils] Checking .text for 0xda980 ∈ 0x1000..0x118124
[2026-08-29T14:50:09Z DEBUG goblin::pe::utils] Found in section .text(0), remapped into offset 0xd9d80
[2026-08-29T14:50:09Z DEBUG goblin::pe::utils] Checking .text for 0x12fc03 ∈ 0x1000..0x118124
[2026-08-29T14:50:09Z DEBUG goblin::pe::utils] Checking .rdata for 0x12fc03 ∈ 0x119000..0x1303a8
[2026-08-29T14:50:09Z DEBUG goblin::pe::utils] Found in section .rdata(1), remapped into offset 0x12e203
[2026-08-29T14:50:09Z DEBUG goblin::pe::utils] Checking .text for 0xc5948 ∈ 0x1000..0x118124
[2026-08-29T14:50:09Z DEBUG goblin::pe::utils] Found in section .text(0), remapped into offset 0xc4d48
[2026-08-29T14:50:09Z DEBUG goblin::pe::utils] Checking .text for 0x12fc13 ∈ 0x1000..0x118124
[2026-08-29T14:50:09Z DEBUG goblin::pe::utils] Checking .rdata for 0x12fc13 ∈ 0x119000..0x1303a8
[2026-08-29T14:50:09Z DEBUG goblin::pe::utils] Found in section .rdata(1), remapped into offset 0x12e213
[2026-08-29T14:50:09Z DEBUG goblin::pe::utils] Checking .text for 0xc3058 ∈ 0x1000..0x118124
[2026-08-29T14:50:09Z DEBUG goblin::pe::utils] Found in section .text(0), remapped into offset 0xc2458
[2026-08-29T14:50:09Z DEBUG goblin::pe::utils] Checking .text for 0x12fc27 ∈ 0x1000..0x118124
[2026-08-29T14:50:09Z DEBUG goblin::pe::utils] Checking .rdata for 0x12fc27 ∈ 0x119000..0x1303a8
[2026-08-29T14:50:09Z DEBUG goblin::pe::utils] Found in section .rdata(1), remapped into offset 0x12e227
[2026-08-29T14:50:09Z DEBUG goblin::pe::utils] Checking .text for 0xc2f1c ∈ 0x1000..0x118124
[2026-08-29T14:50:09Z DEBUG goblin::pe::utils] Found in section .text(0), remapped into offset 0xc231c
[2026-08-29T14:50:09Z DEBUG goblin::pe::utils] Checking .text for 0x12fc3d ∈ 0x1000..0x118124
[2026-08-29T14:50:09Z DEBUG goblin::pe::utils] Checking .rdata for 0x12fc3d ∈ 0x119000..0x1303a8
[2026-08-29T14:50:09Z DEBUG goblin::pe::utils] Found in section .rdata(1), remapped into offset 0x12e23d
[2026-08-29T14:50:09Z DEBUG goblin::pe::utils] Checking .text for 0xc2ec0 ∈ 0x1000..0x118124
[2026-08-29T14:50:09Z DEBUG goblin::pe::utils] Found in section .text(0), remapped into offset 0xc22c0
[2026-08-29T14:50:09Z DEBUG goblin::pe::utils] Checking .text for 0x12fc50 ∈ 0x1000..0x118124
[2026-08-29T14:50:09Z DEBUG goblin::pe::utils] Checking .rdata for 0x12fc50 ∈ 0x119000..0x1303a8
[2026-08-29T14:50:09Z DEBUG goblin::pe::utils] Found in section .rdata(1), remapped into offset 0x12e250
[2026-08-29T14:50:09Z DEBUG goblin::pe::utils] Checking .text for 0x1000 ∈ 0x1000..0x118124
[2026-08-29T14:50:09Z DEBUG goblin::pe::utils] Found in section .text(0), remapped into offset 0x400
[2026-08-29T14:50:09Z DEBUG goblin::pe::utils] Checking .text for 0x12fc5c ∈ 0x1000..0x118124
[2026-08-29T14:50:09Z DEBUG goblin::pe::utils] Checking .rdata for 0x12fc5c ∈ 0x119000..0x1303a8
[2026-08-29T14:50:09Z DEBUG goblin::pe::utils] Found in section .rdata(1), remapped into offset 0x12e25c
[2026-08-29T14:50:09Z DEBUG goblin::pe::utils] Checking .text for 0xc2f7c ∈ 0x1000..0x118124
[2026-08-29T14:50:09Z DEBUG goblin::pe::utils] Found in section .text(0), remapped into offset 0xc237c
[2026-08-29T14:50:09Z DEBUG goblin::pe::utils] Checking .text for 0x12fc70 ∈ 0x1000..0x118124
[2026-08-29T14:50:09Z DEBUG goblin::pe::utils] Checking .rdata for 0x12fc70 ∈ 0x119000..0x1303a8
[2026-08-29T14:50:09Z DEBUG goblin::pe::utils] Found in section .rdata(1), remapped into offset 0x12e270
[2026-08-29T14:50:09Z DEBUG goblin::pe::utils] Checking .text for 0xc30a8 ∈ 0x1000..0x118124
[2026-08-29T14:50:09Z DEBUG goblin::pe::utils] Found in section .text(0), remapped into offset 0xc24a8
[2026-08-29T14:50:09Z DEBUG goblin::pe::utils] Checking .text for 0x12fc83 ∈ 0x1000..0x118124
[2026-08-29T14:50:09Z DEBUG goblin::pe::utils] Checking .rdata for 0x12fc83 ∈ 0x119000..0x1303a8
[2026-08-29T14:50:09Z DEBUG goblin::pe::utils] Found in section .rdata(1), remapped into offset 0x12e283
[2026-08-29T14:50:09Z DEBUG goblin::pe::utils] Checking .text for 0x1000 ∈ 0x1000..0x118124
[2026-08-29T14:50:09Z DEBUG goblin::pe::utils] Found in section .text(0), remapped into offset 0x400
[2026-08-29T14:50:09Z DEBUG goblin::pe::utils] Checking .text for 0x12fc91 ∈ 0x1000..0x118124
[2026-08-29T14:50:09Z DEBUG goblin::pe::utils] Checking .rdata for 0x12fc91 ∈ 0x119000..0x1303a8
[2026-08-29T14:50:09Z DEBUG goblin::pe::utils] Found in section .rdata(1), remapped into offset 0x12e291
[2026-08-29T14:50:09Z DEBUG goblin::pe::utils] Checking .text for 0x1000 ∈ 0x1000..0x118124
[2026-08-29T14:50:09Z DEBUG goblin::pe::utils] Found in section .text(0), remapped into offset 0x400
[2026-08-29T14:50:09Z DEBUG goblin::pe::utils] Checking .text for 0x12fca4 ∈ 0x1000..0x118124
[2026-08-29T14:50:09Z DEBUG goblin::pe::utils] Checking .rdata for 0x12fca4 ∈ 0x119000..0x1303a8
[2026-08-29T14:50:09Z DEBUG goblin::pe::utils] Found in section .rdata(1), remapped into offset 0x12e2a4
[2026-08-29T14:50:09Z DEBUG goblin::pe::utils] Checking .text for 0xd0440 ∈ 0x1000..0x118124
[2026-08-29T14:50:09Z DEBUG goblin::pe::utils] Found in section .text(0), remapped into offset 0xcf840
[2026-08-29T14:50:09Z DEBUG goblin::pe::utils] Checking .text for 0x12fcb4 ∈ 0x1000..0x118124
[2026-08-29T14:50:09Z DEBUG goblin::pe::utils] Checking .rdata for 0x12fcb4 ∈ 0x119000..0x1303a8
[2026-08-29T14:50:09Z DEBUG goblin::pe::utils] Found in section .rdata(1), remapped into offset 0x12e2b4
[2026-08-29T14:50:09Z DEBUG goblin::pe::utils] Checking .text for 0xc743c ∈ 0x1000..0x118124
[2026-08-29T14:50:09Z DEBUG goblin::pe::utils] Found in section .text(0), remapped into offset 0xc683c
[2026-08-29T14:50:09Z DEBUG goblin::pe::utils] Checking .text for 0x12fcc7 ∈ 0x1000..0x118124
[2026-08-29T14:50:09Z DEBUG goblin::pe::utils] Checking .rdata for 0x12fcc7 ∈ 0x119000..0x1303a8
[2026-08-29T14:50:09Z DEBUG goblin::pe::utils] Found in section .rdata(1), remapped into offset 0x12e2c7
[2026-08-29T14:50:09Z DEBUG goblin::pe::utils] Checking .text for 0xc4d00 ∈ 0x1000..0x118124
[2026-08-29T14:50:09Z DEBUG goblin::pe::utils] Found in section .text(0), remapped into offset 0xc4100
[2026-08-29T14:50:09Z DEBUG goblin::pe::utils] Checking .text for 0x12fcd7 ∈ 0x1000..0x118124
[2026-08-29T14:50:09Z DEBUG goblin::pe::utils] Checking .rdata for 0x12fcd7 ∈ 0x119000..0x1303a8
[2026-08-29T14:50:09Z DEBUG goblin::pe::utils] Found in section .rdata(1), remapped into offset 0x12e2d7
[2026-08-29T14:50:09Z DEBUG goblin::pe::utils] Checking .text for 0xc9d80 ∈ 0x1000..0x118124
[2026-08-29T14:50:09Z DEBUG goblin::pe::utils] Found in section .text(0), remapped into offset 0xc9180
[2026-08-29T14:50:09Z DEBUG goblin::pe::utils] Checking .text for 0x12fce5 ∈ 0x1000..0x118124
[2026-08-29T14:50:09Z DEBUG goblin::pe::utils] Checking .rdata for 0x12fce5 ∈ 0x119000..0x1303a8
[2026-08-29T14:50:09Z DEBUG goblin::pe::utils] Found in section .rdata(1), remapped into offset 0x12e2e5
[2026-08-29T14:50:09Z DEBUG goblin::pe::utils] Checking .text for 0xc6840 ∈ 0x1000..0x118124
[2026-08-29T14:50:09Z DEBUG goblin::pe::utils] Found in section .text(0), remapped into offset 0xc5c40
[2026-08-29T14:50:09Z DEBUG goblin::pe::utils] Checking .text for 0x12fcf2 ∈ 0x1000..0x118124
[2026-08-29T14:50:09Z DEBUG goblin::pe::utils] Checking .rdata for 0x12fcf2 ∈ 0x119000..0x1303a8
[2026-08-29T14:50:09Z DEBUG goblin::pe::utils] Found in section .rdata(1), remapped into offset 0x12e2f2
[2026-08-29T14:50:09Z DEBUG goblin::pe::utils] Checking .text for 0xc43c0 ∈ 0x1000..0x118124
[2026-08-29T14:50:09Z DEBUG goblin::pe::utils] Found in section .text(0), remapped into offset 0xc37c0
[2026-08-29T14:50:09Z DEBUG goblin::pe::utils] Checking .text for 0x12fd05 ∈ 0x1000..0x118124
[2026-08-29T14:50:09Z DEBUG goblin::pe::utils] Checking .rdata for 0x12fd05 ∈ 0x119000..0x1303a8
[2026-08-29T14:50:09Z DEBUG goblin::pe::utils] Found in section .rdata(1), remapped into offset 0x12e305
[2026-08-29T14:50:09Z DEBUG goblin::pe::utils] Checking .text for 0xc93f0 ∈ 0x1000..0x118124
[2026-08-29T14:50:09Z DEBUG goblin::pe::utils] Found in section .text(0), remapped into offset 0xc87f0
[2026-08-29T14:50:09Z DEBUG goblin::pe::utils] Checking .text for 0x12fd14 ∈ 0x1000..0x118124
[2026-08-29T14:50:09Z DEBUG goblin::pe::utils] Checking .rdata for 0x12fd14 ∈ 0x119000..0x1303a8
[2026-08-29T14:50:09Z DEBUG goblin::pe::utils] Found in section .rdata(1), remapped into offset 0x12e314
[2026-08-29T14:50:09Z DEBUG goblin::pe::utils] Checking .text for 0xc9834 ∈ 0x1000..0x118124
[2026-08-29T14:50:09Z DEBUG goblin::pe::utils] Found in section .text(0), remapped into offset 0xc8c34
[2026-08-29T14:50:09Z DEBUG goblin::pe::utils] Checking .text for 0x12fd25 ∈ 0x1000..0x118124
[2026-08-29T14:50:09Z DEBUG goblin::pe::utils] Checking .rdata for 0x12fd25 ∈ 0x119000..0x1303a8
[2026-08-29T14:50:09Z DEBUG goblin::pe::utils] Found in section .rdata(1), remapped into offset 0x12e325
[2026-08-29T14:50:09Z DEBUG goblin::pe::utils] Checking .text for 0xc938c ∈ 0x1000..0x118124
[2026-08-29T14:50:09Z DEBUG goblin::pe::utils] Found in section .text(0), remapped into offset 0xc878c
[2026-08-29T14:50:09Z DEBUG goblin::pe::utils] Checking .text for 0x12fd35 ∈ 0x1000..0x118124
[2026-08-29T14:50:09Z DEBUG goblin::pe::utils] Checking .rdata for 0x12fd35 ∈ 0x119000..0x1303a8
[2026-08-29T14:50:09Z DEBUG goblin::pe::utils] Found in section .rdata(1), remapped into offset 0x12e335
[2026-08-29T14:50:09Z DEBUG goblin::pe::utils] Checking .text for 0xc93c0 ∈ 0x1000..0x118124
[2026-08-29T14:50:09Z DEBUG goblin::pe::utils] Found in section .text(0), remapped into offset 0xc87c0
[2026-08-29T14:50:09Z DEBUG goblin::pe::utils] Checking .text for 0x12fd45 ∈ 0x1000..0x118124
[2026-08-29T14:50:09Z DEBUG goblin::pe::utils] Checking .rdata for 0x12fd45 ∈ 0x119000..0x1303a8
[2026-08-29T14:50:09Z DEBUG goblin::pe::utils] Found in section .rdata(1), remapped into offset 0x12e345
[2026-08-29T14:50:09Z DEBUG goblin::pe::utils] Checking .text for 0xcb084 ∈ 0x1000..0x118124
[2026-08-29T14:50:09Z DEBUG goblin::pe::utils] Found in section .text(0), remapped into offset 0xca484
[2026-08-29T14:50:09Z DEBUG goblin::pe::utils] Checking .text for 0x12fd57 ∈ 0x1000..0x118124
[2026-08-29T14:50:09Z DEBUG goblin::pe::utils] Checking .rdata for 0x12fd57 ∈ 0x119000..0x1303a8
[2026-08-29T14:50:09Z DEBUG goblin::pe::utils] Found in section .rdata(1), remapped into offset 0x12e357
[2026-08-29T14:50:09Z DEBUG goblin::pe::utils] Checking .text for 0xc8060 ∈ 0x1000..0x118124
[2026-08-29T14:50:09Z DEBUG goblin::pe::utils] Found in section .text(0), remapped into offset 0xc7460
[2026-08-29T14:50:09Z DEBUG goblin::pe::utils] Checking .text for 0x12fd62 ∈ 0x1000..0x118124
[2026-08-29T14:50:09Z DEBUG goblin::pe::utils] Checking .rdata for 0x12fd62 ∈ 0x119000..0x1303a8
[2026-08-29T14:50:09Z DEBUG goblin::pe::utils] Found in section .rdata(1), remapped into offset 0x12e362
[2026-08-29T14:50:09Z DEBUG goblin::pe::utils] Checking .text for 0xc7f34 ∈ 0x1000..0x118124
[2026-08-29T14:50:09Z DEBUG goblin::pe::utils] Found in section .text(0), remapped into offset 0xc7334
[2026-08-29T14:50:09Z DEBUG goblin::pe::utils] Checking .text for 0x12fd6e ∈ 0x1000..0x118124
[2026-08-29T14:50:09Z DEBUG goblin::pe::utils] Checking .rdata for 0x12fd6e ∈ 0x119000..0x1303a8
[2026-08-29T14:50:09Z DEBUG goblin::pe::utils] Found in section .rdata(1), remapped into offset 0x12e36e
[2026-08-29T14:50:09Z DEBUG goblin::pe::utils] Checking .text for 0xcb0ac ∈ 0x1000..0x118124
[2026-08-29T14:50:09Z DEBUG goblin::pe::utils] Found in section .text(0), remapped into offset 0xca4ac
[2026-08-29T14:50:09Z DEBUG goblin::pe::utils] Checking .text for 0x12fd88 ∈ 0x1000..0x118124
[2026-08-29T14:50:09Z DEBUG goblin::pe::utils] Checking .rdata for 0x12fd88 ∈ 0x119000..0x1303a8
[2026-08-29T14:50:09Z DEBUG goblin::pe::utils] Found in section .rdata(1), remapped into offset 0x12e388
[2026-08-29T14:50:09Z DEBUG goblin::pe::utils] Checking .text for 0xd03d8 ∈ 0x1000..0x118124
[2026-08-29T14:50:09Z DEBUG goblin::pe::utils] Found in section .text(0), remapped into offset 0xcf7d8
[2026-08-29T14:50:09Z DEBUG goblin::pe::utils] Checking .text for 0x12fd98 ∈ 0x1000..0x118124
[2026-08-29T14:50:09Z DEBUG goblin::pe::utils] Checking .rdata for 0x12fd98 ∈ 0x119000..0x1303a8
[2026-08-29T14:50:09Z DEBUG goblin::pe::utils] Found in section .rdata(1), remapped into offset 0x12e398
[2026-08-29T14:50:09Z DEBUG goblin::pe::utils] Checking .text for 0xc5adc ∈ 0x1000..0x118124
[2026-08-29T14:50:09Z DEBUG goblin::pe::utils] Found in section .text(0), remapped into offset 0xc4edc
[2026-08-29T14:50:09Z DEBUG goblin::pe::utils] Checking .text for 0x12fda5 ∈ 0x1000..0x118124
[2026-08-29T14:50:09Z DEBUG goblin::pe::utils] Checking .rdata for 0x12fda5 ∈ 0x119000..0x1303a8
[2026-08-29T14:50:09Z DEBUG goblin::pe::utils] Found in section .rdata(1), remapped into offset 0x12e3a5
[2026-08-29T14:50:09Z DEBUG goblin::pe::utils] Checking .text for 0xc1768 ∈ 0x1000..0x118124
[2026-08-29T14:50:09Z DEBUG goblin::pe::utils] Found in section .text(0), remapped into offset 0xc0b68
[2026-08-29T14:50:09Z DEBUG goblin::pe::utils] Checking .text for 0x12fdb6 ∈ 0x1000..0x118124
[2026-08-29T14:50:09Z DEBUG goblin::pe::utils] Checking .rdata for 0x12fdb6 ∈ 0x119000..0x1303a8
[2026-08-29T14:50:09Z DEBUG goblin::pe::utils] Found in section .rdata(1), remapped into offset 0x12e3b6
[2026-08-29T14:50:09Z DEBUG goblin::pe::utils] Checking .text for 0xc174c ∈ 0x1000..0x118124
[2026-08-29T14:50:09Z DEBUG goblin::pe::utils] Found in section .text(0), remapped into offset 0xc0b4c
[2026-08-29T14:50:09Z DEBUG goblin::pe::utils] Checking .text for 0x12fdca ∈ 0x1000..0x118124
[2026-08-29T14:50:09Z DEBUG goblin::pe::utils] Checking .rdata for 0x12fdca ∈ 0x119000..0x1303a8
[2026-08-29T14:50:09Z DEBUG goblin::pe::utils] Found in section .rdata(1), remapped into offset 0x12e3ca
[2026-08-29T14:50:09Z DEBUG goblin::pe::utils] Checking .text for 0xc3858 ∈ 0x1000..0x118124
[2026-08-29T14:50:09Z DEBUG goblin::pe::utils] Found in section .text(0), remapped into offset 0xc2c58
[2026-08-29T14:50:09Z DEBUG goblin::pe::utils] Checking .text for 0x12fdd8 ∈ 0x1000..0x118124
[2026-08-29T14:50:09Z DEBUG goblin::pe::utils] Checking .rdata for 0x12fdd8 ∈ 0x119000..0x1303a8
[2026-08-29T14:50:09Z DEBUG goblin::pe::utils] Found in section .rdata(1), remapped into offset 0x12e3d8
[2026-08-29T14:50:09Z DEBUG goblin::pe::utils] Checking .text for 0xe83d8 ∈ 0x1000..0x118124
[2026-08-29T14:50:09Z DEBUG goblin::pe::utils] Found in section .text(0), remapped into offset 0xe77d8
[2026-08-29T14:50:09Z DEBUG goblin::pe::utils] Checking .text for 0x12fde5 ∈ 0x1000..0x118124
[2026-08-29T14:50:09Z DEBUG goblin::pe::utils] Checking .rdata for 0x12fde5 ∈ 0x119000..0x1303a8
[2026-08-29T14:50:09Z DEBUG goblin::pe::utils] Found in section .rdata(1), remapped into offset 0x12e3e5
[2026-08-29T14:50:09Z DEBUG goblin::pe::utils] Checking .text for 0xe8434 ∈ 0x1000..0x118124
[2026-08-29T14:50:09Z DEBUG goblin::pe::utils] Found in section .text(0), remapped into offset 0xe7834
[2026-08-29T14:50:09Z DEBUG goblin::pe::utils] Checking .text for 0x12fdf5 ∈ 0x1000..0x118124
[2026-08-29T14:50:09Z DEBUG goblin::pe::utils] Checking .rdata for 0x12fdf5 ∈ 0x119000..0x1303a8
[2026-08-29T14:50:09Z DEBUG goblin::pe::utils] Found in section .rdata(1), remapped into offset 0x12e3f5
[2026-08-29T14:50:09Z DEBUG goblin::pe::utils] Checking .text for 0xe8548 ∈ 0x1000..0x118124
[2026-08-29T14:50:09Z DEBUG goblin::pe::utils] Found in section .text(0), remapped into offset 0xe7948
[2026-08-29T14:50:09Z DEBUG goblin::pe::utils] Checking .text for 0x12fe04 ∈ 0x1000..0x118124
[2026-08-29T14:50:09Z DEBUG goblin::pe::utils] Checking .rdata for 0x12fe04 ∈ 0x119000..0x1303a8
[2026-08-29T14:50:09Z DEBUG goblin::pe::utils] Found in section .rdata(1), remapped into offset 0x12e404
[2026-08-29T14:50:09Z DEBUG goblin::pe::utils] Checking .text for 0xe8320 ∈ 0x1000..0x118124
[2026-08-29T14:50:09Z DEBUG goblin::pe::utils] Found in section .text(0), remapped into offset 0xe7720
[2026-08-29T14:50:09Z DEBUG goblin::pe::utils] Checking .text for 0x12fe0f ∈ 0x1000..0x118124
[2026-08-29T14:50:09Z DEBUG goblin::pe::utils] Checking .rdata for 0x12fe0f ∈ 0x119000..0x1303a8
[2026-08-29T14:50:09Z DEBUG goblin::pe::utils] Found in section .rdata(1), remapped into offset 0x12e40f
[2026-08-29T14:50:09Z DEBUG goblin::pe::utils] Checking .text for 0xe837c ∈ 0x1000..0x118124
[2026-08-29T14:50:09Z DEBUG goblin::pe::utils] Found in section .text(0), remapped into offset 0xe777c
[2026-08-29T14:50:09Z DEBUG goblin::pe::utils] Checking .text for 0x12fe1d ∈ 0x1000..0x118124
[2026-08-29T14:50:09Z DEBUG goblin::pe::utils] Checking .rdata for 0x12fe1d ∈ 0x119000..0x1303a8
[2026-08-29T14:50:09Z DEBUG goblin::pe::utils] Found in section .rdata(1), remapped into offset 0x12e41d
[2026-08-29T14:50:09Z DEBUG goblin::pe::utils] Checking .text for 0xe82c4 ∈ 0x1000..0x118124
[2026-08-29T14:50:09Z DEBUG goblin::pe::utils] Found in section .text(0), remapped into offset 0xe76c4
[2026-08-29T14:50:09Z DEBUG goblin::pe::utils] Checking .text for 0x12fe2a ∈ 0x1000..0x118124
[2026-08-29T14:50:09Z DEBUG goblin::pe::utils] Checking .rdata for 0x12fe2a ∈ 0x119000..0x1303a8
[2026-08-29T14:50:09Z DEBUG goblin::pe::utils] Found in section .rdata(1), remapped into offset 0x12e42a
[2026-08-29T14:50:09Z DEBUG goblin::pe::utils] Checking .text for 0xe8490 ∈ 0x1000..0x118124
[2026-08-29T14:50:09Z DEBUG goblin::pe::utils] Found in section .text(0), remapped into offset 0xe7890
[2026-08-29T14:50:09Z DEBUG goblin::pe::utils] Checking .text for 0x12fe35 ∈ 0x1000..0x118124
[2026-08-29T14:50:09Z DEBUG goblin::pe::utils] Checking .rdata for 0x12fe35 ∈ 0x119000..0x1303a8
[2026-08-29T14:50:09Z DEBUG goblin::pe::utils] Found in section .rdata(1), remapped into offset 0x12e435
[2026-08-29T14:50:09Z DEBUG goblin::pe::utils] Checking .text for 0xe84ec ∈ 0x1000..0x118124
[2026-08-29T14:50:09Z DEBUG goblin::pe::utils] Found in section .text(0), remapped into offset 0xe78ec
[2026-08-29T14:50:09Z DEBUG goblin::pe::utils] Checking .text for 0x12fe41 ∈ 0x1000..0x118124
[2026-08-29T14:50:09Z DEBUG goblin::pe::utils] Checking .rdata for 0x12fe41 ∈ 0x119000..0x1303a8
[2026-08-29T14:50:09Z DEBUG goblin::pe::utils] Found in section .rdata(1), remapped into offset 0x12e441
[2026-08-29T14:50:09Z DEBUG goblin::pe::utils] Checking .text for 0xc12f8 ∈ 0x1000..0x118124
[2026-08-29T14:50:09Z DEBUG goblin::pe::utils] Found in section .text(0), remapped into offset 0xc06f8
[2026-08-29T14:50:09Z DEBUG goblin::pe::utils] Checking .text for 0x12fe4a ∈ 0x1000..0x118124
[2026-08-29T14:50:09Z DEBUG goblin::pe::utils] Checking .rdata for 0x12fe4a ∈ 0x119000..0x1303a8
[2026-08-29T14:50:09Z DEBUG goblin::pe::utils] Found in section .rdata(1), remapped into offset 0x12e44a
[2026-08-29T14:50:09Z DEBUG goblin::pe::utils] Checking .text for 0xc11f4 ∈ 0x1000..0x118124
[2026-08-29T14:50:09Z DEBUG goblin::pe::utils] Found in section .text(0), remapped into offset 0xc05f4
[2026-08-29T14:50:09Z DEBUG goblin::pe::utils] Checking .text for 0x12fe5c ∈ 0x1000..0x118124
[2026-08-29T14:50:09Z DEBUG goblin::pe::utils] Checking .rdata for 0x12fe5c ∈ 0x119000..0x1303a8
[2026-08-29T14:50:09Z DEBUG goblin::pe::utils] Found in section .rdata(1), remapped into offset 0x12e45c
[2026-08-29T14:50:09Z DEBUG goblin::pe::utils] Checking .text for 0xd03f4 ∈ 0x1000..0x118124
[2026-08-29T14:50:09Z DEBUG goblin::pe::utils] Found in section .text(0), remapped into offset 0xcf7f4
[2026-08-29T14:50:09Z DEBUG goblin::pe::utils] Checking .text for 0x12fe6b ∈ 0x1000..0x118124
[2026-08-29T14:50:09Z DEBUG goblin::pe::utils] Checking .rdata for 0x12fe6b ∈ 0x119000..0x1303a8
[2026-08-29T14:50:09Z DEBUG goblin::pe::utils] Found in section .rdata(1), remapped into offset 0x12e46b
[2026-08-29T14:50:09Z DEBUG goblin::pe::utils] Checking .text for 0xc1420 ∈ 0x1000..0x118124
[2026-08-29T14:50:09Z DEBUG goblin::pe::utils] Found in section .text(0), remapped into offset 0xc0820
[2026-08-29T14:50:09Z DEBUG goblin::pe::utils] Checking .text for 0x12fe7e ∈ 0x1000..0x118124
[2026-08-29T14:50:09Z DEBUG goblin::pe::utils] Checking .rdata for 0x12fe7e ∈ 0x119000..0x1303a8
[2026-08-29T14:50:09Z DEBUG goblin::pe::utils] Found in section .rdata(1), remapped into offset 0x12e47e
[2026-08-29T14:50:09Z DEBUG goblin::pe::utils] Checking .text for 0xc1784 ∈ 0x1000..0x118124
[2026-08-29T14:50:09Z DEBUG goblin::pe::utils] Found in section .text(0), remapped into offset 0xc0b84
[2026-08-29T14:50:09Z DEBUG goblin::pe::utils] Checking .text for 0x12fe8c ∈ 0x1000..0x118124
[2026-08-29T14:50:09Z DEBUG goblin::pe::utils] Checking .rdata for 0x12fe8c ∈ 0x119000..0x1303a8
[2026-08-29T14:50:09Z DEBUG goblin::pe::utils] Found in section .rdata(1), remapped into offset 0x12e48c
[2026-08-29T14:50:09Z DEBUG goblin::pe::utils] Checking .text for 0xe3a88 ∈ 0x1000..0x118124
[2026-08-29T14:50:09Z DEBUG goblin::pe::utils] Found in section .text(0), remapped into offset 0xe2e88
[2026-08-29T14:50:09Z DEBUG goblin::pe::utils] Checking .text for 0x12fe9d ∈ 0x1000..0x118124
[2026-08-29T14:50:09Z DEBUG goblin::pe::utils] Checking .rdata for 0x12fe9d ∈ 0x119000..0x1303a8
[2026-08-29T14:50:09Z DEBUG goblin::pe::utils] Found in section .rdata(1), remapped into offset 0x12e49d
[2026-08-29T14:50:09Z DEBUG goblin::pe::utils] Checking .text for 0xe3970 ∈ 0x1000..0x118124
[2026-08-29T14:50:09Z DEBUG goblin::pe::utils] Found in section .text(0), remapped into offset 0xe2d70
[2026-08-29T14:50:09Z DEBUG goblin::pe::utils] Checking .text for 0x12feac ∈ 0x1000..0x118124
[2026-08-29T14:50:09Z DEBUG goblin::pe::utils] Checking .rdata for 0x12feac ∈ 0x119000..0x1303a8
[2026-08-29T14:50:09Z DEBUG goblin::pe::utils] Found in section .rdata(1), remapped into offset 0x12e4ac
[2026-08-29T14:50:09Z DEBUG goblin::pe::utils] Checking .text for 0xc7490 ∈ 0x1000..0x118124
[2026-08-29T14:50:09Z DEBUG goblin::pe::utils] Found in section .text(0), remapped into offset 0xc6890
[2026-08-29T14:50:09Z DEBUG goblin::pe::utils] Checking .text for 0x12feba ∈ 0x1000..0x118124
[2026-08-29T14:50:09Z DEBUG goblin::pe::utils] Checking .rdata for 0x12feba ∈ 0x119000..0x1303a8
[2026-08-29T14:50:09Z DEBUG goblin::pe::utils] Found in section .rdata(1), remapped into offset 0x12e4ba
[2026-08-29T14:50:09Z DEBUG goblin::pe::utils] Checking .text for 0xc54c0 ∈ 0x1000..0x118124
[2026-08-29T14:50:09Z DEBUG goblin::pe::utils] Found in section .text(0), remapped into offset 0xc48c0
[2026-08-29T14:50:09Z DEBUG goblin::pe::utils] Checking .text for 0x12feca ∈ 0x1000..0x118124
[2026-08-29T14:50:09Z DEBUG goblin::pe::utils] Checking .rdata for 0x12feca ∈ 0x119000..0x1303a8
[2026-08-29T14:50:09Z DEBUG goblin::pe::utils] Found in section .rdata(1), remapped into offset 0x12e4ca
[2026-08-29T14:50:09Z DEBUG goblin::pe::utils] Checking .text for 0xc4d34 ∈ 0x1000..0x118124
[2026-08-29T14:50:09Z DEBUG goblin::pe::utils] Found in section .text(0), remapped into offset 0xc4134
[2026-08-29T14:50:09Z DEBUG goblin::pe::utils] Checking .text for 0x12fed8 ∈ 0x1000..0x118124
[2026-08-29T14:50:09Z DEBUG goblin::pe::utils] Checking .rdata for 0x12fed8 ∈ 0x119000..0x1303a8
[2026-08-29T14:50:09Z DEBUG goblin::pe::utils] Found in section .rdata(1), remapped into offset 0x12e4d8
[2026-08-29T14:50:09Z DEBUG goblin::pe::utils] Checking .text for 0xc7e74 ∈ 0x1000..0x118124
[2026-08-29T14:50:09Z DEBUG goblin::pe::utils] Found in section .text(0), remapped into offset 0xc7274
[2026-08-29T14:50:09Z DEBUG goblin::pe::utils] Checking .text for 0x12fee3 ∈ 0x1000..0x118124
[2026-08-29T14:50:09Z DEBUG goblin::pe::utils] Checking .rdata for 0x12fee3 ∈ 0x119000..0x1303a8
[2026-08-29T14:50:09Z DEBUG goblin::pe::utils] Found in section .rdata(1), remapped into offset 0x12e4e3
[2026-08-29T14:50:09Z DEBUG goblin::pe::utils] Checking .text for 0xc7ecc ∈ 0x1000..0x118124
[2026-08-29T14:50:09Z DEBUG goblin::pe::utils] Found in section .text(0), remapped into offset 0xc72cc
[2026-08-29T14:50:09Z DEBUG goblin::pe::utils] Checking .text for 0x12feef ∈ 0x1000..0x118124
[2026-08-29T14:50:09Z DEBUG goblin::pe::utils] Checking .rdata for 0x12feef ∈ 0x119000..0x1303a8
[2026-08-29T14:50:09Z DEBUG goblin::pe::utils] Found in section .rdata(1), remapped into offset 0x12e4ef
[2026-08-29T14:50:09Z DEBUG goblin::pe::utils] Checking .text for 0xc6f20 ∈ 0x1000..0x118124
[2026-08-29T14:50:09Z DEBUG goblin::pe::utils] Found in section .text(0), remapped into offset 0xc6320
[2026-08-29T14:50:09Z DEBUG goblin::pe::utils] Checking .text for 0x12fefd ∈ 0x1000..0x118124
[2026-08-29T14:50:09Z DEBUG goblin::pe::utils] Checking .rdata for 0x12fefd ∈ 0x119000..0x1303a8
[2026-08-29T14:50:09Z DEBUG goblin::pe::utils] Found in section .rdata(1), remapped into offset 0x12e4fd
[2026-08-29T14:50:09Z DEBUG goblin::pe::utils] Checking .text for 0xc7478 ∈ 0x1000..0x118124
[2026-08-29T14:50:09Z DEBUG goblin::pe::utils] Found in section .text(0), remapped into offset 0xc6878
[2026-08-29T14:50:09Z DEBUG goblin::pe::utils] Checking .text for 0x12ff0c ∈ 0x1000..0x118124
[2026-08-29T14:50:09Z DEBUG goblin::pe::utils] Checking .rdata for 0x12ff0c ∈ 0x119000..0x1303a8
[2026-08-29T14:50:09Z DEBUG goblin::pe::utils] Found in section .rdata(1), remapped into offset 0x12e50c
[2026-08-29T14:50:09Z DEBUG goblin::pe::utils] Checking .text for 0xc3f7c ∈ 0x1000..0x118124
[2026-08-29T14:50:09Z DEBUG goblin::pe::utils] Found in section .text(0), remapped into offset 0xc337c
[2026-08-29T14:50:09Z DEBUG goblin::pe::utils] Checking .text for 0x12ff1b ∈ 0x1000..0x118124
[2026-08-29T14:50:09Z DEBUG goblin::pe::utils] Checking .rdata for 0x12ff1b ∈ 0x119000..0x1303a8
[2026-08-29T14:50:09Z DEBUG goblin::pe::utils] Found in section .rdata(1), remapped into offset 0x12e51b
[2026-08-29T14:50:09Z DEBUG goblin::pe::utils] Checking .text for 0xc4164 ∈ 0x1000..0x118124
[2026-08-29T14:50:09Z DEBUG goblin::pe::utils] Found in section .text(0), remapped into offset 0xc3564
[2026-08-29T14:50:09Z DEBUG goblin::pe::utils] Checking .text for 0x12ff29 ∈ 0x1000..0x118124
[2026-08-29T14:50:09Z DEBUG goblin::pe::utils] Checking .rdata for 0x12ff29 ∈ 0x119000..0x1303a8
[2026-08-29T14:50:09Z DEBUG goblin::pe::utils] Found in section .rdata(1), remapped into offset 0x12e529
[2026-08-29T14:50:09Z DEBUG goblin::pe::utils] Checking .text for 0xc4134 ∈ 0x1000..0x118124
[2026-08-29T14:50:09Z DEBUG goblin::pe::utils] Found in section .text(0), remapped into offset 0xc3534
[2026-08-29T14:50:09Z DEBUG goblin::pe::utils] Checking .text for 0x12ff38 ∈ 0x1000..0x118124
[2026-08-29T14:50:09Z DEBUG goblin::pe::utils] Checking .rdata for 0x12ff38 ∈ 0x119000..0x1303a8
[2026-08-29T14:50:09Z DEBUG goblin::pe::utils] Found in section .rdata(1), remapped into offset 0x12e538
[2026-08-29T14:50:09Z DEBUG goblin::pe::utils] Checking .text for 0xc42b8 ∈ 0x1000..0x118124
[2026-08-29T14:50:09Z DEBUG goblin::pe::utils] Found in section .text(0), remapped into offset 0xc36b8
[2026-08-29T14:50:09Z DEBUG goblin::pe::utils] Checking .text for 0x12ff46 ∈ 0x1000..0x118124
[2026-08-29T14:50:09Z DEBUG goblin::pe::utils] Checking .rdata for 0x12ff46 ∈ 0x119000..0x1303a8
[2026-08-29T14:50:09Z DEBUG goblin::pe::utils] Found in section .rdata(1), remapped into offset 0x12e546
[2026-08-29T14:50:09Z DEBUG goblin::pe::utils] Checking .text for 0xc13c0 ∈ 0x1000..0x118124
[2026-08-29T14:50:09Z DEBUG goblin::pe::utils] Found in section .text(0), remapped into offset 0xc07c0
[2026-08-29T14:50:09Z DEBUG goblin::pe::utils] Checking .text for 0x12ff4f ∈ 0x1000..0x118124
[2026-08-29T14:50:09Z DEBUG goblin::pe::utils] Checking .rdata for 0x12ff4f ∈ 0x119000..0x1303a8
[2026-08-29T14:50:09Z DEBUG goblin::pe::utils] Found in section .rdata(1), remapped into offset 0x12e54f
[2026-08-29T14:50:09Z DEBUG goblin::pe::utils] Checking .text for 0xc1328 ∈ 0x1000..0x118124
[2026-08-29T14:50:09Z DEBUG goblin::pe::utils] Found in section .text(0), remapped into offset 0xc0728
[2026-08-29T14:50:09Z DEBUG goblin::pe::utils] Checking .text for 0x12ff61 ∈ 0x1000..0x118124
[2026-08-29T14:50:09Z DEBUG goblin::pe::utils] Checking .rdata for 0x12ff61 ∈ 0x119000..0x1303a8
[2026-08-29T14:50:09Z DEBUG goblin::pe::utils] Found in section .rdata(1), remapped into offset 0x12e561
[2026-08-29T14:50:09Z DEBUG goblin::pe::utils] Checking .text for 0xda8cc ∈ 0x1000..0x118124
[2026-08-29T14:50:09Z DEBUG goblin::pe::utils] Found in section .text(0), remapped into offset 0xd9ccc
[2026-08-29T14:50:09Z DEBUG goblin::pe::utils] Checking .text for 0x12ff74 ∈ 0x1000..0x118124
[2026-08-29T14:50:09Z DEBUG goblin::pe::utils] Checking .rdata for 0x12ff74 ∈ 0x119000..0x1303a8
[2026-08-29T14:50:09Z DEBUG goblin::pe::utils] Found in section .rdata(1), remapped into offset 0x12e574
[2026-08-29T14:50:09Z DEBUG goblin::pe::utils] Checking .text for 0xda7e4 ∈ 0x1000..0x118124
[2026-08-29T14:50:09Z DEBUG goblin::pe::utils] Found in section .text(0), remapped into offset 0xd9be4
[2026-08-29T14:50:09Z DEBUG goblin::pe::utils] Checking .text for 0x12ff81 ∈ 0x1000..0x118124
[2026-08-29T14:50:09Z DEBUG goblin::pe::utils] Checking .rdata for 0x12ff81 ∈ 0x119000..0x1303a8
[2026-08-29T14:50:09Z DEBUG goblin::pe::utils] Found in section .rdata(1), remapped into offset 0x12e581
[2026-08-29T14:50:09Z DEBUG goblin::pe::utils] Checking .text for 0xda71c ∈ 0x1000..0x118124
[2026-08-29T14:50:09Z DEBUG goblin::pe::utils] Found in section .text(0), remapped into offset 0xd9b1c
[2026-08-29T14:50:09Z DEBUG goblin::pe::utils] Checking .text for 0x12ff90 ∈ 0x1000..0x118124
[2026-08-29T14:50:09Z DEBUG goblin::pe::utils] Checking .rdata for 0x12ff90 ∈ 0x119000..0x1303a8
[2026-08-29T14:50:09Z DEBUG goblin::pe::utils] Found in section .rdata(1), remapped into offset 0x12e590
[2026-08-29T14:50:09Z DEBUG goblin::pe::utils] Checking .text for 0xda854 ∈ 0x1000..0x118124
[2026-08-29T14:50:09Z DEBUG goblin::pe::utils] Found in section .text(0), remapped into offset 0xd9c54
[2026-08-29T14:50:09Z DEBUG goblin::pe::utils] Checking .text for 0x12ff9e ∈ 0x1000..0x118124
[2026-08-29T14:50:09Z DEBUG goblin::pe::utils] Checking .rdata for 0x12ff9e ∈ 0x119000..0x1303a8
[2026-08-29T14:50:09Z DEBUG goblin::pe::utils] Found in section .rdata(1), remapped into offset 0x12e59e
[2026-08-29T14:50:09Z DEBUG goblin::pe::utils] Checking .text for 0xda9ac ∈ 0x1000..0x118124
[2026-08-29T14:50:09Z DEBUG goblin::pe::utils] Found in section .text(0), remapped into offset 0xd9dac
[2026-08-29T14:50:09Z DEBUG goblin::pe::utils] Checking .text for 0x12ffab ∈ 0x1000..0x118124
[2026-08-29T14:50:09Z DEBUG goblin::pe::utils] Checking .rdata for 0x12ffab ∈ 0x119000..0x1303a8
[2026-08-29T14:50:09Z DEBUG goblin::pe::utils] Found in section .rdata(1), remapped into offset 0x12e5ab
[2026-08-29T14:50:09Z DEBUG goblin::pe::utils] Checking .text for 0xdaa14 ∈ 0x1000..0x118124
[2026-08-29T14:50:09Z DEBUG goblin::pe::utils] Found in section .text(0), remapped into offset 0xd9e14
[2026-08-29T14:50:09Z DEBUG goblin::pe::utils] Checking .text for 0x12ffb8 ∈ 0x1000..0x118124
[2026-08-29T14:50:09Z DEBUG goblin::pe::utils] Checking .rdata for 0x12ffb8 ∈ 0x119000..0x1303a8
[2026-08-29T14:50:09Z DEBUG goblin::pe::utils] Found in section .rdata(1), remapped into offset 0x12e5b8
[2026-08-29T14:50:09Z DEBUG goblin::pe::utils] Checking .text for 0xdaa80 ∈ 0x1000..0x118124
[2026-08-29T14:50:09Z DEBUG goblin::pe::utils] Found in section .text(0), remapped into offset 0xd9e80
[2026-08-29T14:50:09Z DEBUG goblin::pe::utils] Checking .text for 0x12ffc5 ∈ 0x1000..0x118124
[2026-08-29T14:50:09Z DEBUG goblin::pe::utils] Checking .rdata for 0x12ffc5 ∈ 0x119000..0x1303a8
[2026-08-29T14:50:09Z DEBUG goblin::pe::utils] Found in section .rdata(1), remapped into offset 0x12e5c5
[2026-08-29T14:50:09Z DEBUG goblin::pe::utils] Checking .text for 0xda984 ∈ 0x1000..0x118124
[2026-08-29T14:50:09Z DEBUG goblin::pe::utils] Found in section .text(0), remapped into offset 0xd9d84
[2026-08-29T14:50:09Z DEBUG goblin::pe::utils] Checking .text for 0x12ffd2 ∈ 0x1000..0x118124
[2026-08-29T14:50:09Z DEBUG goblin::pe::utils] Checking .rdata for 0x12ffd2 ∈ 0x119000..0x1303a8
[2026-08-29T14:50:09Z DEBUG goblin::pe::utils] Found in section .rdata(1), remapped into offset 0x12e5d2
[2026-08-29T14:50:09Z DEBUG goblin::pe::utils] Checking .text for 0xda9ec ∈ 0x1000..0x118124
[2026-08-29T14:50:09Z DEBUG goblin::pe::utils] Found in section .text(0), remapped into offset 0xd9dec
[2026-08-29T14:50:09Z DEBUG goblin::pe::utils] Checking .text for 0x12ffdf ∈ 0x1000..0x118124
[2026-08-29T14:50:09Z DEBUG goblin::pe::utils] Checking .rdata for 0x12ffdf ∈ 0x119000..0x1303a8
[2026-08-29T14:50:09Z DEBUG goblin::pe::utils] Found in section .rdata(1), remapped into offset 0x12e5df
[2026-08-29T14:50:09Z DEBUG goblin::pe::utils] Checking .text for 0xdaa54 ∈ 0x1000..0x118124
[2026-08-29T14:50:09Z DEBUG goblin::pe::utils] Found in section .text(0), remapped into offset 0xd9e54
[2026-08-29T14:50:09Z DEBUG goblin::pe::utils] Checking .text for 0x12ffec ∈ 0x1000..0x118124
[2026-08-29T14:50:09Z DEBUG goblin::pe::utils] Checking .rdata for 0x12ffec ∈ 0x119000..0x1303a8
[2026-08-29T14:50:09Z DEBUG goblin::pe::utils] Found in section .rdata(1), remapped into offset 0x12e5ec
[2026-08-29T14:50:09Z DEBUG goblin::pe::utils] Checking .text for 0xd9ab0 ∈ 0x1000..0x118124
[2026-08-29T14:50:09Z DEBUG goblin::pe::utils] Found in section .text(0), remapped into offset 0xd8eb0
[2026-08-29T14:50:09Z DEBUG goblin::pe::utils] Checking .text for 0x12fffc ∈ 0x1000..0x118124
[2026-08-29T14:50:09Z DEBUG goblin::pe::utils] Checking .rdata for 0x12fffc ∈ 0x119000..0x1303a8
[2026-08-29T14:50:09Z DEBUG goblin::pe::utils] Found in section .rdata(1), remapped into offset 0x12e5fc
[2026-08-29T14:50:09Z DEBUG goblin::pe::utils] Checking .text for 0xc61d0 ∈ 0x1000..0x118124
[2026-08-29T14:50:09Z DEBUG goblin::pe::utils] Found in section .text(0), remapped into offset 0xc55d0
[2026-08-29T14:50:09Z DEBUG goblin::pe::utils] Checking .text for 0x13000c ∈ 0x1000..0x118124
[2026-08-29T14:50:09Z DEBUG goblin::pe::utils] Checking .rdata for 0x13000c ∈ 0x119000..0x1303a8
[2026-08-29T14:50:09Z DEBUG goblin::pe::utils] Found in section .rdata(1), remapped into offset 0x12e60c
[2026-08-29T14:50:09Z DEBUG goblin::pe::utils] Checking .text for 0xd9eb4 ∈ 0x1000..0x118124
[2026-08-29T14:50:09Z DEBUG goblin::pe::utils] Found in section .text(0), remapped into offset 0xd92b4
[2026-08-29T14:50:09Z DEBUG goblin::pe::utils] Checking .text for 0x130018 ∈ 0x1000..0x118124
[2026-08-29T14:50:09Z DEBUG goblin::pe::utils] Checking .rdata for 0x130018 ∈ 0x119000..0x1303a8
[2026-08-29T14:50:09Z DEBUG goblin::pe::utils] Found in section .rdata(1), remapped into offset 0x12e618
[2026-08-29T14:50:09Z DEBUG goblin::pe::utils] Checking .text for 0xd9da0 ∈ 0x1000..0x118124
[2026-08-29T14:50:09Z DEBUG goblin::pe::utils] Found in section .text(0), remapped into offset 0xd91a0
[2026-08-29T14:50:09Z DEBUG goblin::pe::utils] Checking .text for 0x130027 ∈ 0x1000..0x118124
[2026-08-29T14:50:09Z DEBUG goblin::pe::utils] Checking .rdata for 0x130027 ∈ 0x119000..0x1303a8
[2026-08-29T14:50:09Z DEBUG goblin::pe::utils] Found in section .rdata(1), remapped into offset 0x12e627
[2026-08-29T14:50:09Z DEBUG goblin::pe::utils] Checking .text for 0xd9e8c ∈ 0x1000..0x118124
[2026-08-29T14:50:09Z DEBUG goblin::pe::utils] Found in section .text(0), remapped into offset 0xd928c
[2026-08-29T14:50:09Z DEBUG goblin::pe::utils] Checking .text for 0x130034 ∈ 0x1000..0x118124
[2026-08-29T14:50:09Z DEBUG goblin::pe::utils] Checking .rdata for 0x130034 ∈ 0x119000..0x1303a8
[2026-08-29T14:50:09Z DEBUG goblin::pe::utils] Found in section .rdata(1), remapped into offset 0x12e634
[2026-08-29T14:50:09Z DEBUG goblin::pe::utils] Checking .text for 0xd9e10 ∈ 0x1000..0x118124
[2026-08-29T14:50:09Z DEBUG goblin::pe::utils] Found in section .text(0), remapped into offset 0xd9210
[2026-08-29T14:50:09Z DEBUG goblin::pe::utils] Checking .text for 0x130040 ∈ 0x1000..0x118124
[2026-08-29T14:50:09Z DEBUG goblin::pe::utils] Checking .rdata for 0x130040 ∈ 0x119000..0x1303a8
[2026-08-29T14:50:09Z DEBUG goblin::pe::utils] Found in section .rdata(1), remapped into offset 0x12e640
[2026-08-29T14:50:09Z DEBUG goblin::pe::utils] Checking .text for 0xd9d20 ∈ 0x1000..0x118124
[2026-08-29T14:50:09Z DEBUG goblin::pe::utils] Found in section .text(0), remapped into offset 0xd9120
[2026-08-29T14:50:09Z DEBUG goblin::pe::utils] Checking .text for 0x130053 ∈ 0x1000..0x118124
[2026-08-29T14:50:09Z DEBUG goblin::pe::utils] Checking .rdata for 0x130053 ∈ 0x119000..0x1303a8
[2026-08-29T14:50:09Z DEBUG goblin::pe::utils] Found in section .rdata(1), remapped into offset 0x12e653
[2026-08-29T14:50:09Z DEBUG goblin::pe::utils] Checking .text for 0xc4a68 ∈ 0x1000..0x118124
[2026-08-29T14:50:09Z DEBUG goblin::pe::utils] Found in section .text(0), remapped into offset 0xc3e68
[2026-08-29T14:50:09Z DEBUG goblin::pe::utils] Checking .text for 0x130060 ∈ 0x1000..0x118124
[2026-08-29T14:50:09Z DEBUG goblin::pe::utils] Checking .rdata for 0x130060 ∈ 0x119000..0x1303a8
[2026-08-29T14:50:09Z DEBUG goblin::pe::utils] Found in section .rdata(1), remapped into offset 0x12e660
[2026-08-29T14:50:09Z DEBUG goblin::pe::utils] Checking .text for 0xc4c84 ∈ 0x1000..0x118124
[2026-08-29T14:50:09Z DEBUG goblin::pe::utils] Found in section .text(0), remapped into offset 0xc4084
[2026-08-29T14:50:09Z DEBUG goblin::pe::utils] Checking .text for 0x130070 ∈ 0x1000..0x118124
[2026-08-29T14:50:09Z DEBUG goblin::pe::utils] Checking .rdata for 0x130070 ∈ 0x119000..0x1303a8
[2026-08-29T14:50:09Z DEBUG goblin::pe::utils] Found in section .rdata(1), remapped into offset 0x12e670
[2026-08-29T14:50:09Z DEBUG goblin::pe::utils] Checking .text for 0xc4934 ∈ 0x1000..0x118124
[2026-08-29T14:50:09Z DEBUG goblin::pe::utils] Found in section .text(0), remapped into offset 0xc3d34
[2026-08-29T14:50:09Z DEBUG goblin::pe::utils] Checking .text for 0x130080 ∈ 0x1000..0x118124
[2026-08-29T14:50:09Z DEBUG goblin::pe::utils] Checking .rdata for 0x130080 ∈ 0x119000..0x1303a8
[2026-08-29T14:50:09Z DEBUG goblin::pe::utils] Found in section .rdata(1), remapped into offset 0x12e680
[2026-08-29T14:50:09Z DEBUG goblin::pe::utils] Checking .text for 0xc2d68 ∈ 0x1000..0x118124
[2026-08-29T14:50:09Z DEBUG goblin::pe::utils] Found in section .text(0), remapped into offset 0xc2168
[2026-08-29T14:50:09Z DEBUG goblin::pe::utils] Checking .text for 0x13008e ∈ 0x1000..0x118124
[2026-08-29T14:50:09Z DEBUG goblin::pe::utils] Checking .rdata for 0x13008e ∈ 0x119000..0x1303a8
[2026-08-29T14:50:09Z DEBUG goblin::pe::utils] Found in section .rdata(1), remapped into offset 0x12e68e
[2026-08-29T14:50:09Z DEBUG goblin::pe::utils] Checking .text for 0xc9b94 ∈ 0x1000..0x118124
[2026-08-29T14:50:09Z DEBUG goblin::pe::utils] Found in section .text(0), remapped into offset 0xc8f94
[2026-08-29T14:50:09Z DEBUG goblin::pe::utils] Checking .text for 0x13009c ∈ 0x1000..0x118124
[2026-08-29T14:50:09Z DEBUG goblin::pe::utils] Checking .rdata for 0x13009c ∈ 0x119000..0x1303a8
[2026-08-29T14:50:09Z DEBUG goblin::pe::utils] Found in section .rdata(1), remapped into offset 0x12e69c
[2026-08-29T14:50:09Z DEBUG goblin::pe::utils] Checking .text for 0xc6450 ∈ 0x1000..0x118124
[2026-08-29T14:50:09Z DEBUG goblin::pe::utils] Found in section .text(0), remapped into offset 0xc5850
[2026-08-29T14:50:09Z DEBUG goblin::pe::utils] Checking .text for 0x1300a9 ∈ 0x1000..0x118124
[2026-08-29T14:50:09Z DEBUG goblin::pe::utils] Checking .rdata for 0x1300a9 ∈ 0x119000..0x1303a8
[2026-08-29T14:50:09Z DEBUG goblin::pe::utils] Found in section .rdata(1), remapped into offset 0x12e6a9
[2026-08-29T14:50:09Z DEBUG goblin::pe::utils] Checking .text for 0xc42dc ∈ 0x1000..0x118124
[2026-08-29T14:50:09Z DEBUG goblin::pe::utils] Found in section .text(0), remapped into offset 0xc36dc
[2026-08-29T14:50:09Z DEBUG goblin::pe::utils] Checking .text for 0x1300bc ∈ 0x1000..0x118124
[2026-08-29T14:50:09Z DEBUG goblin::pe::utils] Checking .rdata for 0x1300bc ∈ 0x119000..0x1303a8
[2026-08-29T14:50:09Z DEBUG goblin::pe::utils] Found in section .rdata(1), remapped into offset 0x12e6bc
[2026-08-29T14:50:09Z DEBUG goblin::pe::utils] Checking .text for 0xc93e0 ∈ 0x1000..0x118124
[2026-08-29T14:50:09Z DEBUG goblin::pe::utils] Found in section .text(0), remapped into offset 0xc87e0
[2026-08-29T14:50:09Z DEBUG goblin::pe::utils] Checking .text for 0x1300cc ∈ 0x1000..0x118124
[2026-08-29T14:50:09Z DEBUG goblin::pe::utils] Checking .rdata for 0x1300cc ∈ 0x119000..0x1303a8
[2026-08-29T14:50:09Z DEBUG goblin::pe::utils] Found in section .rdata(1), remapped into offset 0x12e6cc
[2026-08-29T14:50:09Z DEBUG goblin::pe::utils] Checking .text for 0xd9aa0 ∈ 0x1000..0x118124
[2026-08-29T14:50:09Z DEBUG goblin::pe::utils] Found in section .text(0), remapped into offset 0xd8ea0
[2026-08-29T14:50:09Z DEBUG goblin::pe::utils] Checking .text for 0x1300e0 ∈ 0x1000..0x118124
[2026-08-29T14:50:09Z DEBUG goblin::pe::utils] Checking .rdata for 0x1300e0 ∈ 0x119000..0x1303a8
[2026-08-29T14:50:09Z DEBUG goblin::pe::utils] Found in section .rdata(1), remapped into offset 0x12e6e0
[2026-08-29T14:50:09Z DEBUG goblin::pe::utils] Checking .text for 0xc2c28 ∈ 0x1000..0x118124
[2026-08-29T14:50:09Z DEBUG goblin::pe::utils] Found in section .text(0), remapped into offset 0xc2028
[2026-08-29T14:50:09Z DEBUG goblin::pe::utils] Checking .text for 0x1300ef ∈ 0x1000..0x118124
[2026-08-29T14:50:09Z DEBUG goblin::pe::utils] Checking .rdata for 0x1300ef ∈ 0x119000..0x1303a8
[2026-08-29T14:50:09Z DEBUG goblin::pe::utils] Found in section .rdata(1), remapped into offset 0x12e6ef
[2026-08-29T14:50:09Z DEBUG goblin::pe::utils] Checking .text for 0xc62d0 ∈ 0x1000..0x118124
[2026-08-29T14:50:09Z DEBUG goblin::pe::utils] Found in section .text(0), remapped into offset 0xc56d0
[2026-08-29T14:50:09Z DEBUG goblin::pe::utils] Checking .text for 0x1300fc ∈ 0x1000..0x118124
[2026-08-29T14:50:09Z DEBUG goblin::pe::utils] Checking .rdata for 0x1300fc ∈ 0x119000..0x1303a8
[2026-08-29T14:50:09Z DEBUG goblin::pe::utils] Found in section .rdata(1), remapped into offset 0x12e6fc
[2026-08-29T14:50:09Z DEBUG goblin::pe::utils] Checking .text for 0xc1d7c ∈ 0x1000..0x118124
[2026-08-29T14:50:09Z DEBUG goblin::pe::utils] Found in section .text(0), remapped into offset 0xc117c
[2026-08-29T14:50:09Z DEBUG goblin::pe::utils] Checking .text for 0x13010d ∈ 0x1000..0x118124
[2026-08-29T14:50:09Z DEBUG goblin::pe::utils] Checking .rdata for 0x13010d ∈ 0x119000..0x1303a8
[2026-08-29T14:50:09Z DEBUG goblin::pe::utils] Found in section .rdata(1), remapped into offset 0x12e70d
[2026-08-29T14:50:09Z DEBUG goblin::pe::utils] Checking .text for 0xc9e1c ∈ 0x1000..0x118124
[2026-08-29T14:50:09Z DEBUG goblin::pe::utils] Found in section .text(0), remapped into offset 0xc921c
[2026-08-29T14:50:09Z DEBUG goblin::pe::utils] Checking .text for 0x13011c ∈ 0x1000..0x118124
[2026-08-29T14:50:09Z DEBUG goblin::pe::utils] Checking .rdata for 0x13011c ∈ 0x119000..0x1303a8
[2026-08-29T14:50:09Z DEBUG goblin::pe::utils] Found in section .rdata(1), remapped into offset 0x12e71c
[2026-08-29T14:50:09Z DEBUG goblin::pe::utils] Checking .text for 0xcfe80 ∈ 0x1000..0x118124
[2026-08-29T14:50:09Z DEBUG goblin::pe::utils] Found in section .text(0), remapped into offset 0xcf280
[2026-08-29T14:50:09Z DEBUG goblin::pe::utils] Checking .text for 0x130129 ∈ 0x1000..0x118124
[2026-08-29T14:50:09Z DEBUG goblin::pe::utils] Checking .rdata for 0x130129 ∈ 0x119000..0x1303a8
[2026-08-29T14:50:09Z DEBUG goblin::pe::utils] Found in section .rdata(1), remapped into offset 0x12e729
[2026-08-29T14:50:09Z DEBUG goblin::pe::utils] Checking .text for 0xe3bc0 ∈ 0x1000..0x118124
[2026-08-29T14:50:09Z DEBUG goblin::pe::utils] Found in section .text(0), remapped into offset 0xe2fc0
[2026-08-29T14:50:09Z DEBUG goblin::pe::utils] Checking .text for 0x13013a ∈ 0x1000..0x118124
[2026-08-29T14:50:09Z DEBUG goblin::pe::utils] Checking .rdata for 0x13013a ∈ 0x119000..0x1303a8
[2026-08-29T14:50:09Z DEBUG goblin::pe::utils] Found in section .rdata(1), remapped into offset 0x12e73a
[2026-08-29T14:50:09Z DEBUG goblin::pe::utils] Checking .text for 0xc74b8 ∈ 0x1000..0x118124
[2026-08-29T14:50:09Z DEBUG goblin::pe::utils] Found in section .text(0), remapped into offset 0xc68b8
[2026-08-29T14:50:09Z DEBUG goblin::pe::utils] Checking .text for 0x13014a ∈ 0x1000..0x118124
[2026-08-29T14:50:09Z DEBUG goblin::pe::utils] Checking .rdata for 0x13014a ∈ 0x119000..0x1303a8
[2026-08-29T14:50:09Z DEBUG goblin::pe::utils] Found in section .rdata(1), remapped into offset 0x12e74a
[2026-08-29T14:50:09Z DEBUG goblin::pe::utils] Checking .text for 0xc554c ∈ 0x1000..0x118124
[2026-08-29T14:50:09Z DEBUG goblin::pe::utils] Found in section .text(0), remapped into offset 0xc494c
[2026-08-29T14:50:09Z DEBUG goblin::pe::utils] Checking .text for 0x13015c ∈ 0x1000..0x118124
[2026-08-29T14:50:09Z DEBUG goblin::pe::utils] Checking .rdata for 0x13015c ∈ 0x119000..0x1303a8
[2026-08-29T14:50:09Z DEBUG goblin::pe::utils] Found in section .rdata(1), remapped into offset 0x12e75c
[2026-08-29T14:50:09Z DEBUG goblin::pe::utils] Checking .text for 0xd9c4c ∈ 0x1000..0x118124
[2026-08-29T14:50:09Z DEBUG goblin::pe::utils] Found in section .text(0), remapped into offset 0xd904c
[2026-08-29T14:50:09Z DEBUG goblin::pe::utils] Checking .text for 0x13016e ∈ 0x1000..0x118124
[2026-08-29T14:50:09Z DEBUG goblin::pe::utils] Checking .rdata for 0x13016e ∈ 0x119000..0x1303a8
[2026-08-29T14:50:09Z DEBUG goblin::pe::utils] Found in section .rdata(1), remapped into offset 0x12e76e
[2026-08-29T14:50:09Z DEBUG goblin::pe::utils] Checking .text for 0xc2518 ∈ 0x1000..0x118124
[2026-08-29T14:50:09Z DEBUG goblin::pe::utils] Found in section .text(0), remapped into offset 0xc1918
[2026-08-29T14:50:09Z DEBUG goblin::pe::utils] Checking .text for 0x13017d ∈ 0x1000..0x118124
[2026-08-29T14:50:09Z DEBUG goblin::pe::utils] Checking .rdata for 0x13017d ∈ 0x119000..0x1303a8
[2026-08-29T14:50:09Z DEBUG goblin::pe::utils] Found in section .rdata(1), remapped into offset 0x12e77d
[2026-08-29T14:50:09Z DEBUG goblin::pe::utils] Checking .text for 0xc258c ∈ 0x1000..0x118124
[2026-08-29T14:50:09Z DEBUG goblin::pe::utils] Found in section .text(0), remapped into offset 0xc198c
[2026-08-29T14:50:09Z DEBUG goblin::pe::utils] Checking .text for 0x13018d ∈ 0x1000..0x118124
[2026-08-29T14:50:09Z DEBUG goblin::pe::utils] Checking .rdata for 0x13018d ∈ 0x119000..0x1303a8
[2026-08-29T14:50:09Z DEBUG goblin::pe::utils] Found in section .rdata(1), remapped into offset 0x12e78d
[2026-08-29T14:50:09Z DEBUG goblin::pe::utils] Checking .text for 0xc4e90 ∈ 0x1000..0x118124
[2026-08-29T14:50:09Z DEBUG goblin::pe::utils] Found in section .text(0), remapped into offset 0xc4290
[2026-08-29T14:50:09Z DEBUG goblin::pe::utils] Checking .text for 0x13019b ∈ 0x1000..0x118124
[2026-08-29T14:50:09Z DEBUG goblin::pe::utils] Checking .rdata for 0x13019b ∈ 0x119000..0x1303a8
[2026-08-29T14:50:09Z DEBUG goblin::pe::utils] Found in section .rdata(1), remapped into offset 0x12e79b
[2026-08-29T14:50:09Z DEBUG goblin::pe::utils] Checking .text for 0xc16e0 ∈ 0x1000..0x118124
[2026-08-29T14:50:09Z DEBUG goblin::pe::utils] Found in section .text(0), remapped into offset 0xc0ae0
[2026-08-29T14:50:09Z DEBUG goblin::pe::utils] Checking .text for 0x1301af ∈ 0x1000..0x118124
[2026-08-29T14:50:09Z DEBUG goblin::pe::utils] Checking .rdata for 0x1301af ∈ 0x119000..0x1303a8
[2026-08-29T14:50:09Z DEBUG goblin::pe::utils] Found in section .rdata(1), remapped into offset 0x12e7af
[2026-08-29T14:50:09Z DEBUG goblin::pe::utils] Checking .text for 0xc142c ∈ 0x1000..0x118124
[2026-08-29T14:50:09Z DEBUG goblin::pe::utils] Found in section .text(0), remapped into offset 0xc082c
[2026-08-29T14:50:09Z DEBUG goblin::pe::utils] Checking .text for 0x1301bd ∈ 0x1000..0x118124
[2026-08-29T14:50:09Z DEBUG goblin::pe::utils] Checking .rdata for 0x1301bd ∈ 0x119000..0x1303a8
[2026-08-29T14:50:09Z DEBUG goblin::pe::utils] Found in section .rdata(1), remapped into offset 0x12e7bd
[2026-08-29T14:50:09Z DEBUG goblin::pe::utils] Checking .text for 0xc17cc ∈ 0x1000..0x118124
[2026-08-29T14:50:09Z DEBUG goblin::pe::utils] Found in section .text(0), remapped into offset 0xc0bcc
[2026-08-29T14:50:09Z DEBUG goblin::pe::utils] Checking .text for 0x1301cd ∈ 0x1000..0x118124
[2026-08-29T14:50:09Z DEBUG goblin::pe::utils] Checking .rdata for 0x1301cd ∈ 0x119000..0x1303a8
[2026-08-29T14:50:09Z DEBUG goblin::pe::utils] Found in section .rdata(1), remapped into offset 0x12e7cd
[2026-08-29T14:50:09Z DEBUG goblin::pe::utils] Checking .text for 0xc2d90 ∈ 0x1000..0x118124
[2026-08-29T14:50:09Z DEBUG goblin::pe::utils] Found in section .text(0), remapped into offset 0xc2190
[2026-08-29T14:50:09Z DEBUG goblin::pe::utils] Checking .text for 0x1301db ∈ 0x1000..0x118124
[2026-08-29T14:50:09Z DEBUG goblin::pe::utils] Checking .rdata for 0x1301db ∈ 0x119000..0x1303a8
[2026-08-29T14:50:09Z DEBUG goblin::pe::utils] Found in section .rdata(1), remapped into offset 0x12e7db
[2026-08-29T14:50:09Z DEBUG goblin::pe::utils] Checking .text for 0xc3214 ∈ 0x1000..0x118124
[2026-08-29T14:50:09Z DEBUG goblin::pe::utils] Found in section .text(0), remapped into offset 0xc2614
[2026-08-29T14:50:09Z DEBUG goblin::pe::utils] Checking .text for 0x1301ed ∈ 0x1000..0x118124
[2026-08-29T14:50:09Z DEBUG goblin::pe::utils] Checking .rdata for 0x1301ed ∈ 0x119000..0x1303a8
[2026-08-29T14:50:09Z DEBUG goblin::pe::utils] Found in section .rdata(1), remapped into offset 0x12e7ed
[2026-08-29T14:50:09Z DEBUG goblin::pe::utils] Checking .text for 0xc3674 ∈ 0x1000..0x118124
[2026-08-29T14:50:09Z DEBUG goblin::pe::utils] Found in section .text(0), remapped into offset 0xc2a74
[2026-08-29T14:50:09Z DEBUG goblin::pe::utils] Checking .text for 0x1301fe ∈ 0x1000..0x118124
[2026-08-29T14:50:09Z DEBUG goblin::pe::utils] Checking .rdata for 0x1301fe ∈ 0x119000..0x1303a8
[2026-08-29T14:50:09Z DEBUG goblin::pe::utils] Found in section .rdata(1), remapped into offset 0x12e7fe
[2026-08-29T14:50:09Z DEBUG goblin::pe::utils] Checking .text for 0xc3754 ∈ 0x1000..0x118124
[2026-08-29T14:50:09Z DEBUG goblin::pe::utils] Found in section .text(0), remapped into offset 0xc2b54
[2026-08-29T14:50:09Z DEBUG goblin::pe::utils] Checking .text for 0x130213 ∈ 0x1000..0x118124
[2026-08-29T14:50:09Z DEBUG goblin::pe::utils] Checking .rdata for 0x130213 ∈ 0x119000..0x1303a8
[2026-08-29T14:50:09Z DEBUG goblin::pe::utils] Found in section .rdata(1), remapped into offset 0x12e813
[2026-08-29T14:50:09Z DEBUG goblin::pe::utils] Checking .text for 0xc30e4 ∈ 0x1000..0x118124
[2026-08-29T14:50:09Z DEBUG goblin::pe::utils] Found in section .text(0), remapped into offset 0xc24e4
[2026-08-29T14:50:09Z DEBUG goblin::pe::utils] Checking .text for 0x130225 ∈ 0x1000..0x118124
[2026-08-29T14:50:09Z DEBUG goblin::pe::utils] Checking .rdata for 0x130225 ∈ 0x119000..0x1303a8
[2026-08-29T14:50:09Z DEBUG goblin::pe::utils] Found in section .rdata(1), remapped into offset 0x12e825
[2026-08-29T14:50:09Z DEBUG goblin::pe::utils] Checking .text for 0xc350c ∈ 0x1000..0x118124
[2026-08-29T14:50:09Z DEBUG goblin::pe::utils] Found in section .text(0), remapped into offset 0xc290c
[2026-08-29T14:50:09Z DEBUG goblin::pe::utils] Checking .text for 0x130234 ∈ 0x1000..0x118124
[2026-08-29T14:50:09Z DEBUG goblin::pe::utils] Checking .rdata for 0x130234 ∈ 0x119000..0x1303a8
[2026-08-29T14:50:09Z DEBUG goblin::pe::utils] Found in section .rdata(1), remapped into offset 0x12e834
[2026-08-29T14:50:09Z DEBUG goblin::pe::utils] Checking .text for 0xc3784 ∈ 0x1000..0x118124
[2026-08-29T14:50:09Z DEBUG goblin::pe::utils] Found in section .text(0), remapped into offset 0xc2b84
[2026-08-29T14:50:09Z DEBUG goblin::pe::utils] Checking .text for 0x13024c ∈ 0x1000..0x118124
[2026-08-29T14:50:09Z DEBUG goblin::pe::utils] Checking .rdata for 0x13024c ∈ 0x119000..0x1303a8
[2026-08-29T14:50:09Z DEBUG goblin::pe::utils] Found in section .rdata(1), remapped into offset 0x12e84c
[2026-08-29T14:50:09Z DEBUG goblin::pe::utils] Checking .text for 0xc41b8 ∈ 0x1000..0x118124
[2026-08-29T14:50:09Z DEBUG goblin::pe::utils] Found in section .text(0), remapped into offset 0xc35b8
[2026-08-29T14:50:09Z DEBUG goblin::pe::utils] Checking .text for 0x13025a ∈ 0x1000..0x118124
[2026-08-29T14:50:09Z DEBUG goblin::pe::utils] Checking .rdata for 0x13025a ∈ 0x119000..0x1303a8
[2026-08-29T14:50:09Z DEBUG goblin::pe::utils] Found in section .rdata(1), remapped into offset 0x12e85a
[2026-08-29T14:50:09Z DEBUG goblin::pe::utils] Checking .text for 0xd0394 ∈ 0x1000..0x118124
[2026-08-29T14:50:09Z DEBUG goblin::pe::utils] Found in section .text(0), remapped into offset 0xcf794
[2026-08-29T14:50:09Z DEBUG goblin::pe::utils] Checking .text for 0x130269 ∈ 0x1000..0x118124
[2026-08-29T14:50:09Z DEBUG goblin::pe::utils] Checking .rdata for 0x130269 ∈ 0x119000..0x1303a8
[2026-08-29T14:50:09Z DEBUG goblin::pe::utils] Found in section .rdata(1), remapped into offset 0x12e869
[2026-08-29T14:50:09Z DEBUG goblin::pe::utils] Checking .text for 0xc9eec ∈ 0x1000..0x118124
[2026-08-29T14:50:09Z DEBUG goblin::pe::utils] Found in section .text(0), remapped into offset 0xc92ec
[2026-08-29T14:50:09Z DEBUG goblin::pe::utils] Checking .text for 0x130277 ∈ 0x1000..0x118124
[2026-08-29T14:50:09Z DEBUG goblin::pe::utils] Checking .rdata for 0x130277 ∈ 0x119000..0x1303a8
[2026-08-29T14:50:09Z DEBUG goblin::pe::utils] Found in section .rdata(1), remapped into offset 0x12e877
[2026-08-29T14:50:09Z DEBUG goblin::pe::utils] Checking .text for 0xc1394 ∈ 0x1000..0x118124
[2026-08-29T14:50:09Z DEBUG goblin::pe::utils] Found in section .text(0), remapped into offset 0xc0794
[2026-08-29T14:50:09Z DEBUG goblin::pe::utils] Checking .text for 0x130283 ∈ 0x1000..0x118124
[2026-08-29T14:50:09Z DEBUG goblin::pe::utils] Checking .rdata for 0x130283 ∈ 0x119000..0x1303a8
[2026-08-29T14:50:09Z DEBUG goblin::pe::utils] Found in section .rdata(1), remapped into offset 0x12e883
[2026-08-29T14:50:09Z DEBUG goblin::pe::utils] Checking .text for 0xdab00 ∈ 0x1000..0x118124
[2026-08-29T14:50:09Z DEBUG goblin::pe::utils] Found in section .text(0), remapped into offset 0xd9f00
[2026-08-29T14:50:09Z DEBUG goblin::pe::utils] Checking .text for 0x130291 ∈ 0x1000..0x118124
[2026-08-29T14:50:09Z DEBUG goblin::pe::utils] Checking .rdata for 0x130291 ∈ 0x119000..0x1303a8
[2026-08-29T14:50:09Z DEBUG goblin::pe::utils] Found in section .rdata(1), remapped into offset 0x12e891
[2026-08-29T14:50:09Z DEBUG goblin::pe::utils] Checking .text for 0xdab54 ∈ 0x1000..0x118124
[2026-08-29T14:50:09Z DEBUG goblin::pe::utils] Found in section .text(0), remapped into offset 0xd9f54
[2026-08-29T14:50:09Z DEBUG goblin::pe::utils] Checking .text for 0x13029f ∈ 0x1000..0x118124
[2026-08-29T14:50:09Z DEBUG goblin::pe::utils] Checking .rdata for 0x13029f ∈ 0x119000..0x1303a8
[2026-08-29T14:50:09Z DEBUG goblin::pe::utils] Found in section .rdata(1), remapped into offset 0x12e89f
[2026-08-29T14:50:09Z DEBUG goblin::pe::utils] Checking .text for 0xdabb8 ∈ 0x1000..0x118124
[2026-08-29T14:50:09Z DEBUG goblin::pe::utils] Found in section .text(0), remapped into offset 0xd9fb8
[2026-08-29T14:50:09Z DEBUG goblin::pe::utils] Checking .text for 0x1302ad ∈ 0x1000..0x118124
[2026-08-29T14:50:09Z DEBUG goblin::pe::utils] Checking .rdata for 0x1302ad ∈ 0x119000..0x1303a8
[2026-08-29T14:50:09Z DEBUG goblin::pe::utils] Found in section .rdata(1), remapped into offset 0x12e8ad
[2026-08-29T14:50:09Z DEBUG goblin::pe::utils] Checking .text for 0xdaadc ∈ 0x1000..0x118124
[2026-08-29T14:50:09Z DEBUG goblin::pe::utils] Found in section .text(0), remapped into offset 0xd9edc
[2026-08-29T14:50:09Z DEBUG goblin::pe::utils] Checking .text for 0x1302bb ∈ 0x1000..0x118124
[2026-08-29T14:50:09Z DEBUG goblin::pe::utils] Checking .rdata for 0x1302bb ∈ 0x119000..0x1303a8
[2026-08-29T14:50:09Z DEBUG goblin::pe::utils] Found in section .rdata(1), remapped into offset 0x12e8bb
[2026-08-29T14:50:09Z DEBUG goblin::pe::utils] Checking .text for 0xdab30 ∈ 0x1000..0x118124
[2026-08-29T14:50:09Z DEBUG goblin::pe::utils] Found in section .text(0), remapped into offset 0xd9f30
[2026-08-29T14:50:09Z DEBUG goblin::pe::utils] Checking .text for 0x1302c9 ∈ 0x1000..0x118124
[2026-08-29T14:50:09Z DEBUG goblin::pe::utils] Checking .rdata for 0x1302c9 ∈ 0x119000..0x1303a8
[2026-08-29T14:50:09Z DEBUG goblin::pe::utils] Found in section .rdata(1), remapped into offset 0x12e8c9
[2026-08-29T14:50:09Z DEBUG goblin::pe::utils] Checking .text for 0xdab94 ∈ 0x1000..0x118124
[2026-08-29T14:50:09Z DEBUG goblin::pe::utils] Found in section .text(0), remapped into offset 0xd9f94
[2026-08-29T14:50:09Z DEBUG goblin::pe::utils] Checking .text for 0x1302d7 ∈ 0x1000..0x118124
[2026-08-29T14:50:09Z DEBUG goblin::pe::utils] Checking .rdata for 0x1302d7 ∈ 0x119000..0x1303a8
[2026-08-29T14:50:09Z DEBUG goblin::pe::utils] Found in section .rdata(1), remapped into offset 0x12e8d7
[2026-08-29T14:50:09Z DEBUG goblin::pe::utils] Checking .text for 0xc69fc ∈ 0x1000..0x118124
[2026-08-29T14:50:09Z DEBUG goblin::pe::utils] Found in section .text(0), remapped into offset 0xc5dfc
[2026-08-29T14:50:09Z DEBUG goblin::pe::utils] Checking .text for 0x1302e2 ∈ 0x1000..0x118124
[2026-08-29T14:50:09Z DEBUG goblin::pe::utils] Checking .rdata for 0x1302e2 ∈ 0x119000..0x1303a8
[2026-08-29T14:50:09Z DEBUG goblin::pe::utils] Found in section .rdata(1), remapped into offset 0x12e8e2
[2026-08-29T14:50:09Z DEBUG goblin::pe::utils] Checking .text for 0xe2db8 ∈ 0x1000..0x118124
[2026-08-29T14:50:09Z DEBUG goblin::pe::utils] Found in section .text(0), remapped into offset 0xe21b8
[2026-08-29T14:50:09Z DEBUG goblin::pe::utils] Checking .text for 0x1302ec ∈ 0x1000..0x118124
[2026-08-29T14:50:09Z DEBUG goblin::pe::utils] Checking .rdata for 0x1302ec ∈ 0x119000..0x1303a8
[2026-08-29T14:50:09Z DEBUG goblin::pe::utils] Found in section .rdata(1), remapped into offset 0x12e8ec
[2026-08-29T14:50:09Z DEBUG goblin::pe::utils] Checking .text for 0xe37b0 ∈ 0x1000..0x118124
[2026-08-29T14:50:09Z DEBUG goblin::pe::utils] Found in section .text(0), remapped into offset 0xe2bb0
[2026-08-29T14:50:09Z DEBUG goblin::pe::utils] Checking .text for 0x1302fc ∈ 0x1000..0x118124
[2026-08-29T14:50:09Z DEBUG goblin::pe::utils] Checking .rdata for 0x1302fc ∈ 0x119000..0x1303a8
[2026-08-29T14:50:09Z DEBUG goblin::pe::utils] Found in section .rdata(1), remapped into offset 0x12e8fc
[2026-08-29T14:50:09Z DEBUG goblin::pe::utils] Checking .text for 0xe2ca4 ∈ 0x1000..0x118124
[2026-08-29T14:50:09Z DEBUG goblin::pe::utils] Found in section .text(0), remapped into offset 0xe20a4
[2026-08-29T14:50:09Z DEBUG goblin::pe::utils] Checking .text for 0x13030b ∈ 0x1000..0x118124
[2026-08-29T14:50:09Z DEBUG goblin::pe::utils] Checking .rdata for 0x13030b ∈ 0x119000..0x1303a8
[2026-08-29T14:50:09Z DEBUG goblin::pe::utils] Found in section .rdata(1), remapped into offset 0x12e90b
[2026-08-29T14:50:09Z DEBUG goblin::pe::utils] Checking .text for 0xe37c8 ∈ 0x1000..0x118124
[2026-08-29T14:50:09Z DEBUG goblin::pe::utils] Found in section .text(0), remapped into offset 0xe2bc8
[2026-08-29T14:50:09Z DEBUG goblin::pe::utils] Checking .text for 0x13031c ∈ 0x1000..0x118124
[2026-08-29T14:50:09Z DEBUG goblin::pe::utils] Checking .rdata for 0x13031c ∈ 0x119000..0x1303a8
[2026-08-29T14:50:09Z DEBUG goblin::pe::utils] Found in section .rdata(1), remapped into offset 0x12e91c
[2026-08-29T14:50:09Z DEBUG goblin::pe::utils] Checking .text for 0xcba0c ∈ 0x1000..0x118124
[2026-08-29T14:50:09Z DEBUG goblin::pe::utils] Found in section .text(0), remapped into offset 0xcae0c
[2026-08-29T14:50:09Z DEBUG goblin::pe::utils] Checking .text for 0x130326 ∈ 0x1000..0x118124
[2026-08-29T14:50:09Z DEBUG goblin::pe::utils] Checking .rdata for 0x130326 ∈ 0x119000..0x1303a8
[2026-08-29T14:50:09Z DEBUG goblin::pe::utils] Found in section .rdata(1), remapped into offset 0x12e926
[2026-08-29T14:50:09Z DEBUG goblin::pe::utils] Checking .text for 0xcafe8 ∈ 0x1000..0x118124
[2026-08-29T14:50:09Z DEBUG goblin::pe::utils] Found in section .text(0), remapped into offset 0xca3e8
[2026-08-29T14:50:09Z DEBUG goblin::pe::utils] Checking .text for 0x130331 ∈ 0x1000..0x118124
[2026-08-29T14:50:09Z DEBUG goblin::pe::utils] Checking .rdata for 0x130331 ∈ 0x119000..0x1303a8
[2026-08-29T14:50:09Z DEBUG goblin::pe::utils] Found in section .rdata(1), remapped into offset 0x12e931
[2026-08-29T14:50:09Z DEBUG goblin::pe::utils] Checking .text for 0xcb038 ∈ 0x1000..0x118124
[2026-08-29T14:50:09Z DEBUG goblin::pe::utils] Found in section .text(0), remapped into offset 0xca438
[2026-08-29T14:50:09Z DEBUG goblin::pe::utils] Checking .text for 0x13033c ∈ 0x1000..0x118124
[2026-08-29T14:50:09Z DEBUG goblin::pe::utils] Checking .rdata for 0x13033c ∈ 0x119000..0x1303a8
[2026-08-29T14:50:09Z DEBUG goblin::pe::utils] Found in section .rdata(1), remapped into offset 0x12e93c
[2026-08-29T14:50:09Z DEBUG goblin::pe::utils] Checking .text for 0xc68b8 ∈ 0x1000..0x118124
[2026-08-29T14:50:09Z DEBUG goblin::pe::utils] Found in section .text(0), remapped into offset 0xc5cb8
[2026-08-29T14:50:09Z DEBUG goblin::pe::utils] Checking .text for 0x130347 ∈ 0x1000..0x118124
[2026-08-29T14:50:09Z DEBUG goblin::pe::utils] Checking .rdata for 0x130347 ∈ 0x119000..0x1303a8
[2026-08-29T14:50:09Z DEBUG goblin::pe::utils] Found in section .rdata(1), remapped into offset 0x12e947
[2026-08-29T14:50:09Z DEBUG goblin::pe::utils] Checking .text for 0xcb8b8 ∈ 0x1000..0x118124
[2026-08-29T14:50:09Z DEBUG goblin::pe::utils] Found in section .text(0), remapped into offset 0xcacb8
[2026-08-29T14:50:09Z DEBUG goblin::pe::utils] Checking .text for 0x130352 ∈ 0x1000..0x118124
[2026-08-29T14:50:09Z DEBUG goblin::pe::utils] Checking .rdata for 0x130352 ∈ 0x119000..0x1303a8
[2026-08-29T14:50:09Z DEBUG goblin::pe::utils] Found in section .rdata(1), remapped into offset 0x12e952
[2026-08-29T14:50:09Z DEBUG goblin::pe::utils] Checking .text for 0xcbc94 ∈ 0x1000..0x118124
[2026-08-29T14:50:09Z DEBUG goblin::pe::utils] Found in section .text(0), remapped into offset 0xcb094
[2026-08-29T14:50:09Z DEBUG goblin::pe::utils] Checking .text for 0x13035f ∈ 0x1000..0x118124
[2026-08-29T14:50:09Z DEBUG goblin::pe::utils] Checking .rdata for 0x13035f ∈ 0x119000..0x1303a8
[2026-08-29T14:50:09Z DEBUG goblin::pe::utils] Found in section .rdata(1), remapped into offset 0x12e95f
[2026-08-29T14:50:09Z DEBUG goblin::pe::utils] Checking .text for 0xcb9ac ∈ 0x1000..0x118124
[2026-08-29T14:50:09Z DEBUG goblin::pe::utils] Found in section .text(0), remapped into offset 0xcadac
[2026-08-29T14:50:09Z DEBUG goblin::pe::utils] Checking .text for 0x13036a ∈ 0x1000..0x118124
[2026-08-29T14:50:09Z DEBUG goblin::pe::utils] Checking .rdata for 0x13036a ∈ 0x119000..0x1303a8
[2026-08-29T14:50:09Z DEBUG goblin::pe::utils] Found in section .rdata(1), remapped into offset 0x12e96a
[2026-08-29T14:50:09Z DEBUG goblin::pe::utils] Checking .text for 0xcb938 ∈ 0x1000..0x118124
[2026-08-29T14:50:09Z DEBUG goblin::pe::utils] Found in section .text(0), remapped into offset 0xcad38
[2026-08-29T14:50:09Z DEBUG goblin::pe::utils] Checking .text for 0x130376 ∈ 0x1000..0x118124
[2026-08-29T14:50:09Z DEBUG goblin::pe::utils] Checking .rdata for 0x130376 ∈ 0x119000..0x1303a8
[2026-08-29T14:50:09Z DEBUG goblin::pe::utils] Found in section .rdata(1), remapped into offset 0x12e976
[2026-08-29T14:50:09Z DEBUG goblin::pe::utils] Checking .text for 0xcb8e8 ∈ 0x1000..0x118124
[2026-08-29T14:50:09Z DEBUG goblin::pe::utils] Found in section .text(0), remapped into offset 0xcace8
[2026-08-29T14:50:09Z DEBUG goblin::pe::utils] Checking .text for 0x130382 ∈ 0x1000..0x118124
[2026-08-29T14:50:09Z DEBUG goblin::pe::utils] Checking .rdata for 0x130382 ∈ 0x119000..0x1303a8
[2026-08-29T14:50:09Z DEBUG goblin::pe::utils] Found in section .rdata(1), remapped into offset 0x12e982
[2026-08-29T14:50:09Z DEBUG goblin::pe::utils] Checking .text for 0xcbc20 ∈ 0x1000..0x118124
[2026-08-29T14:50:09Z DEBUG goblin::pe::utils] Found in section .text(0), remapped into offset 0xcb020
[2026-08-29T14:50:09Z DEBUG goblin::pe::utils] Checking .text for 0x13038f ∈ 0x1000..0x118124
[2026-08-29T14:50:09Z DEBUG goblin::pe::utils] Checking .rdata for 0x13038f ∈ 0x119000..0x1303a8
[2026-08-29T14:50:09Z DEBUG goblin::pe::utils] Found in section .rdata(1), remapped into offset 0x12e98f
[2026-08-29T14:50:09Z DEBUG goblin::pe::utils] Checking .text for 0xcbb28 ∈ 0x1000..0x118124
[2026-08-29T14:50:09Z DEBUG goblin::pe::utils] Found in section .text(0), remapped into offset 0xcaf28
[2026-08-29T14:50:09Z DEBUG goblin::pe::utils] Checking .text for 0x13039a ∈ 0x1000..0x118124
[2026-08-29T14:50:09Z DEBUG goblin::pe::utils] Checking .rdata for 0x13039a ∈ 0x119000..0x1303a8
[2026-08-29T14:50:09Z DEBUG goblin::pe::utils] Found in section .rdata(1), remapped into offset 0x12e99a
[2026-08-29T14:50:09Z DEBUG goblin::pe::utils] Checking .text for 0xcc184 ∈ 0x1000..0x118124
[2026-08-29T14:50:09Z DEBUG goblin::pe::utils] Found in section .text(0), remapped into offset 0xcb584
[2026-08-29T14:50:09Z DEBUG goblin::pe] name: Some(
        "Bubble Bash 2.exe",
    )
[2026-08-29T14:50:09Z DEBUG goblin::pe] exports: [
        Export {
            name: Some(
                "SDL_AddTimer",
            ),
            offset: Some(
                808152,
            ),
            rva: 811224,
            size: 0,
            reexport: None,
        },
        Export {
            name: Some(
                "SDL_AllocRW",
            ),
            offset: Some(
                892228,
            ),
            rva: 895300,
            size: 0,
            reexport: None,
        },
        Export {
            name: Some(
                "SDL_AudioDriverName",
            ),
            offset: Some(
                811700,
            ),
            rva: 814772,
            size: 0,
            reexport: None,
        },
        Export {
            name: Some(
                "SDL_AudioInit",
            ),
            offset: Some(
                811356,
            ),
            rva: 814428,
            size: 0,
            reexport: None,
        },
        Export {
            name: Some(
                "SDL_AudioQuit",
            ),
            offset: Some(
                813324,
            ),
            rva: 816396,
            size: 0,
            reexport: None,
        },
        Export {
            name: Some(
                "SDL_BuildAudioCVT",
            ),
            offset: Some(
                875416,
            ),
            rva: 878488,
            size: 0,
            reexport: None,
        },
        Export {
            name: Some(
                "SDL_ClearError",
            ),
            offset: Some(
                810064,
            ),
            rva: 813136,
            size: 0,
            reexport: None,
        },
        Export {
            name: Some(
                "SDL_CloseAudio",
            ),
            offset: Some(
                813280,
            ),
            rva: 816352,
            size: 0,
            reexport: None,
        },
        Export {
            name: Some(
                "SDL_ConvertAudio",
            ),
            offset: Some(
                875324,
            ),
            rva: 878396,
            size: 0,
            reexport: None,
        },
        Export {
            name: Some(
                "SDL_ConvertSurface",
            ),
            offset: Some(
                805308,
            ),
            rva: 808380,
            size: 0,
            reexport: None,
        },
        Export {
            name: Some(
                "SDL_CreateCursor",
            ),
            offset: Some(
                822720,
            ),
            rva: 825792,
            size: 0,
            reexport: None,
        },
        Export {
            name: Some(
                "SDL_CreateMutex",
            ),
            offset: Some(
                828244,
            ),
            rva: 831316,
            size: 0,
            reexport: None,
        },
        Export {
            name: Some(
                "SDL_CreateRGBSurface",
            ),
            offset: Some(
                801320,
            ),
            rva: 804392,
            size: 0,
            reexport: None,
        },
        Export {
            name: Some(
                "SDL_CreateRGBSurfaceFrom",
            ),
            offset: Some(
                801960,
            ),
            rva: 805032,
            size: 0,
            reexport: None,
        },
        Export {
            name: Some(
                "SDL_CreateSemaphore",
            ),
            offset: Some(
                889008,
            ),
            rva: 892080,
            size: 0,
            reexport: None,
        },
        Export {
            name: Some(
                "SDL_CreateThread",
            ),
            offset: Some(
                849524,
            ),
            rva: 852596,
            size: 0,
            reexport: None,
        },
        Export {
            name: Some(
                "SDL_Delay",
            ),
            offset: Some(
                806816,
            ),
            rva: 809888,
            size: 0,
            reexport: None,
        },
        Export {
            name: Some(
                "SDL_DestroyMutex",
            ),
            offset: Some(
                828340,
            ),
            rva: 831412,
            size: 0,
            reexport: None,
        },
        Export {
            name: Some(
                "SDL_DestroySemaphore",
            ),
            offset: Some(
                828340,
            ),
            rva: 831412,
            size: 0,
            reexport: None,
        },
        Export {
            name: Some(
                "SDL_DisplayFormat",
            ),
            offset: Some(
                792428,
            ),
            rva: 795500,
            size: 0,
            reexport: None,
        },
        Export {
            name: Some(
                "SDL_DisplayFormatAlpha",
            ),
            offset: Some(
                792560,
            ),
            rva: 795632,
            size: 0,
            reexport: None,
        },
        Export {
            name: Some(
                "SDL_EnableKeyRepeat",
            ),
            offset: Some(
                822244,
            ),
            rva: 825316,
            size: 0,
            reexport: None,
        },
        Export {
            name: Some(
                "SDL_EnableUNICODE",
            ),
            offset: Some(
                821108,
            ),
            rva: 824180,
            size: 0,
            reexport: None,
        },
        Export {
            name: Some(
                "SDL_Error",
            ),
            offset: Some(
                810084,
            ),
            rva: 813156,
            size: 0,
            reexport: None,
        },
        Export {
            name: Some(
                "SDL_EventState",
            ),
            offset: Some(
                800720,
            ),
            rva: 803792,
            size: 0,
            reexport: None,
        },
        Export {
            name: Some(
                "SDL_FillRect",
            ),
            offset: Some(
                803968,
            ),
            rva: 807040,
            size: 0,
            reexport: None,
        },
        Export {
            name: Some(
                "SDL_Flip",
            ),
            offset: Some(
                793580,
            ),
            rva: 796652,
            size: 0,
            reexport: None,
        },
        Export {
            name: Some(
                "SDL_FreeCursor",
            ),
            offset: Some(
                823696,
            ),
            rva: 826768,
            size: 0,
            reexport: None,
        },
        Export {
            name: Some(
                "SDL_FreeRW",
            ),
            offset: Some(
                892288,
            ),
            rva: 895360,
            size: 0,
            reexport: None,
        },
        Export {
            name: Some(
                "SDL_FreeSurface",
            ),
            offset: Some(
                806216,
            ),
            rva: 809288,
            size: 0,
            reexport: None,
        },
        Export {
            name: Some(
                "SDL_GL_GetAttribute",
            ),
            offset: Some(
                795736,
            ),
            rva: 798808,
            size: 0,
            reexport: None,
        },
        Export {
            name: Some(
                "SDL_GL_GetProcAddress",
            ),
            offset: Some(
                795420,
            ),
            rva: 798492,
            size: 0,
            reexport: None,
        },
        Export {
            name: Some(
                "SDL_GL_LoadLibrary",
            ),
            offset: Some(
                795328,
            ),
            rva: 798400,
            size: 0,
            reexport: None,
        },
        Export {
            name: Some(
                "SDL_GL_Lock",
            ),
            offset: Some(
                1024,
            ),
            rva: 4096,
            size: 0,
            reexport: None,
        },
        Export {
            name: Some(
                "SDL_GL_SetAttribute",
            ),
            offset: Some(
                795516,
            ),
            rva: 798588,
            size: 0,
            reexport: None,
        },
        Export {
            name: Some(
                "SDL_GL_SwapBuffers",
            ),
            offset: Some(
                795816,
            ),
            rva: 798888,
            size: 0,
            reexport: None,
        },
        Export {
            name: Some(
                "SDL_GL_Unlock",
            ),
            offset: Some(
                1024,
            ),
            rva: 4096,
            size: 0,
            reexport: None,
        },
        Export {
            name: Some(
                "SDL_GL_UpdateRects",
            ),
            offset: Some(
                1024,
            ),
            rva: 4096,
            size: 0,
            reexport: None,
        },
        Export {
            name: Some(
                "SDL_GetAppState",
            ),
            offset: Some(
                849984,
            ),
            rva: 853056,
            size: 0,
            reexport: None,
        },
        Export {
            name: Some(
                "SDL_GetAudioStatus",
            ),
            offset: Some(
                813116,
            ),
            rva: 816188,
            size: 0,
            reexport: None,
        },
        Export {
            name: Some(
                "SDL_GetClipRect",
            ),
            offset: Some(
                803072,
            ),
            rva: 806144,
            size: 0,
            reexport: None,
        },
        Export {
            name: Some(
                "SDL_GetCursor",
            ),
            offset: Some(
                823680,
            ),
            rva: 826752,
            size: 0,
            reexport: None,
        },
        Export {
            name: Some(
                "SDL_GetError",
            ),
            offset: Some(
                810048,
            ),
            rva: 813120,
            size: 0,
            reexport: None,
        },
        Export {
            name: Some(
                "SDL_GetEventFilter",
            ),
            offset: Some(
                800704,
            ),
            rva: 803776,
            size: 0,
            reexport: None,
        },
        Export {
            name: Some(
                "SDL_GetKeyName",
            ),
            offset: Some(
                821232,
            ),
            rva: 824304,
            size: 0,
            reexport: None,
        },
        Export {
            name: Some(
                "SDL_GetKeyRepeat",
            ),
            offset: Some(
                822324,
            ),
            rva: 825396,
            size: 0,
            reexport: None,
        },
        Export {
            name: Some(
                "SDL_GetKeyState",
            ),
            offset: Some(
                821132,
            ),
            rva: 824204,
            size: 0,
            reexport: None,
        },
        Export {
            name: Some(
                "SDL_GetModState",
            ),
            offset: Some(
                821184,
            ),
            rva: 824256,
            size: 0,
            reexport: None,
        },
        Export {
            name: Some(
                "SDL_GetMouseState",
            ),
            offset: Some(
                828548,
            ),
            rva: 831620,
            size: 0,
            reexport: None,
        },
        Export {
            name: Some(
                "SDL_GetRGB",
            ),
            offset: Some(
                816224,
            ),
            rva: 819296,
            size: 0,
            reexport: None,
        },
        Export {
            name: Some(
                "SDL_GetRGBA",
            ),
            offset: Some(
                815924,
            ),
            rva: 818996,
            size: 0,
            reexport: None,
        },
        Export {
            name: Some(
                "SDL_GetRelativeMouseState",
            ),
            offset: Some(
                828588,
            ),
            rva: 831660,
            size: 0,
            reexport: None,
        },
        Export {
            name: Some(
                "SDL_GetThreadID",
            ),
            offset: Some(
                849880,
            ),
            rva: 852952,
            size: 0,
            reexport: None,
        },
        Export {
            name: Some(
                "SDL_GetTicks",
            ),
            offset: Some(
                806620,
            ),
            rva: 809692,
            size: 0,
            reexport: None,
        },
        Export {
            name: Some(
                "SDL_GetVideoInfo",
            ),
            offset: Some(
                789352,
            ),
            rva: 792424,
            size: 0,
            reexport: None,
        },
        Export {
            name: Some(
                "SDL_GetVideoSurface",
            ),
            offset: Some(
                789324,
            ),
            rva: 792396,
            size: 0,
            reexport: None,
        },
        Export {
            name: Some(
                "SDL_GetWMInfo",
            ),
            offset: Some(
                797784,
            ),
            rva: 800856,
            size: 0,
            reexport: None,
        },
        Export {
            name: Some(
                "SDL_Has3DNow",
            ),
            offset: Some(
                948184,
            ),
            rva: 951256,
            size: 0,
            reexport: None,
        },
        Export {
            name: Some(
                "SDL_Has3DNowExt",
            ),
            offset: Some(
                948276,
            ),
            rva: 951348,
            size: 0,
            reexport: None,
        },
        Export {
            name: Some(
                "SDL_HasAltiVec",
            ),
            offset: Some(
                948552,
            ),
            rva: 951624,
            size: 0,
            reexport: None,
        },
        Export {
            name: Some(
                "SDL_HasMMX",
            ),
            offset: Some(
                948000,
            ),
            rva: 951072,
            size: 0,
            reexport: None,
        },
        Export {
            name: Some(
                "SDL_HasMMXExt",
            ),
            offset: Some(
                948092,
            ),
            rva: 951164,
            size: 0,
            reexport: None,
        },
        Export {
            name: Some(
                "SDL_HasRDTSC",
            ),
            offset: Some(
                947908,
            ),
            rva: 950980,
            size: 0,
            reexport: None,
        },
        Export {
            name: Some(
                "SDL_HasSSE",
            ),
            offset: Some(
                948368,
            ),
            rva: 951440,
            size: 0,
            reexport: None,
        },
        Export {
            name: Some(
                "SDL_HasSSE2",
            ),
            offset: Some(
                948460,
            ),
            rva: 951532,
            size: 0,
            reexport: None,
        },
        Export {
            name: Some(
                "SDL_Init",
            ),
            offset: Some(
                788216,
            ),
            rva: 791288,
            size: 0,
            reexport: None,
        },
        Export {
            name: Some(
                "SDL_InitSubSystem",
            ),
            offset: Some(
                787956,
            ),
            rva: 791028,
            size: 0,
            reexport: None,
        },
        Export {
            name: Some(
                "SDL_KillThread",
            ),
            offset: Some(
                849908,
            ),
            rva: 852980,
            size: 0,
            reexport: None,
        },
        Export {
            name: Some(
                "SDL_Linked_Version",
            ),
            offset: Some(
                788512,
            ),
            rva: 791584,
            size: 0,
            reexport: None,
        },
        Export {
            name: Some(
                "SDL_ListModes",
            ),
            offset: Some(
                789380,
            ),
            rva: 792452,
            size: 0,
            reexport: None,
        },
        Export {
            name: Some(
                "SDL_LoadFunction",
            ),
            offset: Some(
                929416,
            ),
            rva: 932488,
            size: 0,
            reexport: None,
        },
        Export {
            name: Some(
                "SDL_LoadObject",
            ),
            offset: Some(
                929136,
            ),
            rva: 932208,
            size: 0,
            reexport: None,
        },
        Export {
            name: Some(
                "SDL_LockAudio",
            ),
            offset: Some(
                813200,
            ),
            rva: 816272,
            size: 0,
            reexport: None,
        },
        Export {
            name: Some(
                "SDL_LockSurface",
            ),
            offset: Some(
                805056,
            ),
            rva: 808128,
            size: 0,
            reexport: None,
        },
        Export {
            name: Some(
                "SDL_LowerBlit",
            ),
            offset: Some(
                803124,
            ),
            rva: 806196,
            size: 0,
            reexport: None,
        },
        Export {
            name: Some(
                "SDL_MapRGB",
            ),
            offset: Some(
                815732,
            ),
            rva: 818804,
            size: 0,
            reexport: None,
        },
        Export {
            name: Some(
                "SDL_MapRGBA",
            ),
            offset: Some(
                815820,
            ),
            rva: 818892,
            size: 0,
            reexport: None,
        },
        Export {
            name: Some(
                "SDL_OpenAudio",
            ),
            offset: Some(
                811808,
            ),
            rva: 814880,
            size: 0,
            reexport: None,
        },
        Export {
            name: Some(
                "SDL_PauseAudio",
            ),
            offset: Some(
                813176,
            ),
            rva: 816248,
            size: 0,
            reexport: None,
        },
        Export {
            name: Some(
                "SDL_PeepEvents",
            ),
            offset: Some(
                799612,
            ),
            rva: 802684,
            size: 0,
            reexport: None,
        },
        Export {
            name: Some(
                "SDL_PollEvent",
            ),
            offset: Some(
                800100,
            ),
            rva: 803172,
            size: 0,
            reexport: None,
        },
        Export {
            name: Some(
                "SDL_PumpEvents",
            ),
            offset: Some(
                800052,
            ),
            rva: 803124,
            size: 0,
            reexport: None,
        },
        Export {
            name: Some(
                "SDL_PushEvent",
            ),
            offset: Some(
                800440,
            ),
            rva: 803512,
            size: 0,
            reexport: None,
        },
        Export {
            name: Some(
                "SDL_Quit",
            ),
            offset: Some(
                788416,
            ),
            rva: 791488,
            size: 0,
            reexport: None,
        },
        Export {
            name: Some(
                "SDL_QuitSubSystem",
            ),
            offset: Some(
                788264,
            ),
            rva: 791336,
            size: 0,
            reexport: None,
        },
        Export {
            name: Some(
                "SDL_RWFromConstMem",
            ),
            offset: Some(
                892108,
            ),
            rva: 895180,
            size: 0,
            reexport: None,
        },
        Export {
            name: Some(
                "SDL_RWFromFP",
            ),
            offset: Some(
                891876,
            ),
            rva: 894948,
            size: 0,
            reexport: None,
        },
        Export {
            name: Some(
                "SDL_RWFromFile",
            ),
            offset: Some(
                891676,
            ),
            rva: 894748,
            size: 0,
            reexport: None,
        },
        Export {
            name: Some(
                "SDL_RWFromMem",
            ),
            offset: Some(
                891988,
            ),
            rva: 895060,
            size: 0,
            reexport: None,
        },
        Export {
            name: Some(
                "SDL_ReadBE16",
            ),
            offset: Some(
                892332,
            ),
            rva: 895404,
            size: 0,
            reexport: None,
        },
        Export {
            name: Some(
                "SDL_ReadBE32",
            ),
            offset: Some(
                892436,
            ),
            rva: 895508,
            size: 0,
            reexport: None,
        },
        Export {
            name: Some(
                "SDL_ReadBE64",
            ),
            offset: Some(
                892544,
            ),
            rva: 895616,
            size: 0,
            reexport: None,
        },
        Export {
            name: Some(
                "SDL_ReadLE16",
            ),
            offset: Some(
                892292,
            ),
            rva: 895364,
            size: 0,
            reexport: None,
        },
        Export {
            name: Some(
                "SDL_ReadLE32",
            ),
            offset: Some(
                892396,
            ),
            rva: 895468,
            size: 0,
            reexport: None,
        },
        Export {
            name: Some(
                "SDL_ReadLE64",
            ),
            offset: Some(
                892500,
            ),
            rva: 895572,
            size: 0,
            reexport: None,
        },
        Export {
            name: Some(
                "SDL_RegisterApp",
            ),
            offset: Some(
                888496,
            ),
            rva: 891568,
            size: 0,
            reexport: None,
        },
        Export {
            name: Some(
                "SDL_RemoveTimer",
            ),
            offset: Some(
                808400,
            ),
            rva: 811472,
            size: 0,
            reexport: None,
        },
        Export {
            name: Some(
                "SDL_SemPost",
            ),
            offset: Some(
                889524,
            ),
            rva: 892596,
            size: 0,
            reexport: None,
        },
        Export {
            name: Some(
                "SDL_SemTryWait",
            ),
            offset: Some(
                889248,
            ),
            rva: 892320,
            size: 0,
            reexport: None,
        },
        Export {
            name: Some(
                "SDL_SemValue",
            ),
            offset: Some(
                889484,
            ),
            rva: 892556,
            size: 0,
            reexport: None,
        },
        Export {
            name: Some(
                "SDL_SemWait",
            ),
            offset: Some(
                889360,
            ),
            rva: 892432,
            size: 0,
            reexport: None,
        },
        Export {
            name: Some(
                "SDL_SemWaitTimeout",
            ),
            offset: Some(
                889120,
            ),
            rva: 892192,
            size: 0,
            reexport: None,
        },
        Export {
            name: Some(
                "SDL_SetAlpha",
            ),
            offset: Some(
                802408,
            ),
            rva: 805480,
            size: 0,
            reexport: None,
        },
        Export {
            name: Some(
                "SDL_SetClipRect",
            ),
            offset: Some(
                802948,
            ),
            rva: 806020,
            size: 0,
            reexport: None,
        },
        Export {
            name: Some(
                "SDL_SetColorKey",
            ),
            offset: Some(
                802100,
            ),
            rva: 805172,
            size: 0,
            reexport: None,
        },
        Export {
            name: Some(
                "SDL_SetColors",
            ),
            offset: Some(
                794984,
            ),
            rva: 798056,
            size: 0,
            reexport: None,
        },
        Export {
            name: Some(
                "SDL_SetCursor",
            ),
            offset: Some(
                823188,
            ),
            rva: 826260,
            size: 0,
            reexport: None,
        },
        Export {
            name: Some(
                "SDL_SetError",
            ),
            offset: Some(
                809040,
            ),
            rva: 812112,
            size: 0,
            reexport: None,
        },
        Export {
            name: Some(
                "SDL_SetEventFilter",
            ),
            offset: Some(
                800476,
            ),
            rva: 803548,
            size: 0,
            reexport: None,
        },
        Export {
            name: Some(
                "SDL_SetModState",
            ),
            offset: Some(
                821216,
            ),
            rva: 824288,
            size: 0,
            reexport: None,
        },
        Export {
            name: Some(
                "SDL_SetModuleHandle",
            ),
            offset: Some(
                888480,
            ),
            rva: 891552,
            size: 0,
            reexport: None,
        },
        Export {
            name: Some(
                "SDL_SetPalette",
            ),
            offset: Some(
                794664,
            ),
            rva: 797736,
            size: 0,
            reexport: None,
        },
        Export {
            name: Some(
                "SDL_SetTimer",
            ),
            offset: Some(
                808656,
            ),
            rva: 811728,
            size: 0,
            reexport: None,
        },
        Export {
            name: Some(
                "SDL_SetVideoMode",
            ),
            offset: Some(
                790908,
            ),
            rva: 793980,
            size: 0,
            reexport: None,
        },
        Export {
            name: Some(
                "SDL_ShowCursor",
            ),
            offset: Some(
                823836,
            ),
            rva: 826908,
            size: 0,
            reexport: None,
        },
        Export {
            name: Some(
                "SDL_ThreadID",
            ),
            offset: Some(
                848512,
            ),
            rva: 851584,
            size: 0,
            reexport: None,
        },
        Export {
            name: Some(
                "SDL_UnloadObject",
            ),
            offset: Some(
                929728,
            ),
            rva: 932800,
            size: 0,
            reexport: None,
        },
        Export {
            name: Some(
                "SDL_UnlockAudio",
            ),
            offset: Some(
                813240,
            ),
            rva: 816312,
            size: 0,
            reexport: None,
        },
        Export {
            name: Some(
                "SDL_UnlockSurface",
            ),
            offset: Some(
                805196,
            ),
            rva: 808268,
            size: 0,
            reexport: None,
        },
        Export {
            name: Some(
                "SDL_UnregisterApp",
            ),
            offset: Some(
                888908,
            ),
            rva: 891980,
            size: 0,
            reexport: None,
        },
        Export {
            name: Some(
                "SDL_UpdateRect",
            ),
            offset: Some(
                792856,
            ),
            rva: 795928,
            size: 0,
            reexport: None,
        },
        Export {
            name: Some(
                "SDL_UpdateRects",
            ),
            offset: Some(
                792972,
            ),
            rva: 796044,
            size: 0,
            reexport: None,
        },
        Export {
            name: Some(
                "SDL_UpperBlit",
            ),
            offset: Some(
                803472,
            ),
            rva: 806544,
            size: 0,
            reexport: None,
        },
        Export {
            name: Some(
                "SDL_VideoDriverName",
            ),
            offset: Some(
                789216,
            ),
            rva: 792288,
            size: 0,
            reexport: None,
        },
        Export {
            name: Some(
                "SDL_VideoInit",
            ),
            offset: Some(
                788524,
            ),
            rva: 791596,
            size: 0,
            reexport: None,
        },
        Export {
            name: Some(
                "SDL_VideoModeOK",
            ),
            offset: Some(
                789452,
            ),
            rva: 792524,
            size: 0,
            reexport: None,
        },
        Export {
            name: Some(
                "SDL_VideoQuit",
            ),
            offset: Some(
                795024,
            ),
            rva: 798096,
            size: 0,
            reexport: None,
        },
        Export {
            name: Some(
                "SDL_WM_GetCaption",
            ),
            offset: Some(
                796180,
            ),
            rva: 799252,
            size: 0,
            reexport: None,
        },
        Export {
            name: Some(
                "SDL_WM_GrabInput",
            ),
            offset: Some(
                797300,
            ),
            rva: 800372,
            size: 0,
            reexport: None,
        },
        Export {
            name: Some(
                "SDL_WM_IconifyWindow",
            ),
            offset: Some(
                797524,
            ),
            rva: 800596,
            size: 0,
            reexport: None,
        },
        Export {
            name: Some(
                "SDL_WM_SetCaption",
            ),
            offset: Some(
                795876,
            ),
            rva: 798948,
            size: 0,
            reexport: None,
        },
        Export {
            name: Some(
                "SDL_WM_SetIcon",
            ),
            offset: Some(
                796940,
            ),
            rva: 800012,
            size: 0,
            reexport: None,
        },
        Export {
            name: Some(
                "SDL_WM_ToggleFullScreen",
            ),
            offset: Some(
                797572,
            ),
            rva: 800644,
            size: 0,
            reexport: None,
        },
        Export {
            name: Some(
                "SDL_WaitEvent",
            ),
            offset: Some(
                800184,
            ),
            rva: 803256,
            size: 0,
            reexport: None,
        },
        Export {
            name: Some(
                "SDL_WaitThread",
            ),
            offset: Some(
                849812,
            ),
            rva: 852884,
            size: 0,
            reexport: None,
        },
        Export {
            name: Some(
                "SDL_WarpMouse",
            ),
            offset: Some(
                824044,
            ),
            rva: 827116,
            size: 0,
            reexport: None,
        },
        Export {
            name: Some(
                "SDL_WasInit",
            ),
            offset: Some(
                788372,
            ),
            rva: 791444,
            size: 0,
            reexport: None,
        },
        Export {
            name: Some(
                "SDL_WriteBE16",
            ),
            offset: Some(
                892672,
            ),
            rva: 895744,
            size: 0,
            reexport: None,
        },
        Export {
            name: Some(
                "SDL_WriteBE32",
            ),
            offset: Some(
                892756,
            ),
            rva: 895828,
            size: 0,
            reexport: None,
        },
        Export {
            name: Some(
                "SDL_WriteBE64",
            ),
            offset: Some(
                892856,
            ),
            rva: 895928,
            size: 0,
            reexport: None,
        },
        Export {
            name: Some(
                "SDL_WriteLE16",
            ),
            offset: Some(
                892636,
            ),
            rva: 895708,
            size: 0,
            reexport: None,
        },
        Export {
            name: Some(
                "SDL_WriteLE32",
            ),
            offset: Some(
                892720,
            ),
            rva: 895792,
            size: 0,
            reexport: None,
        },
        Export {
            name: Some(
                "SDL_WriteLE64",
            ),
            offset: Some(
                892820,
            ),
            rva: 895892,
            size: 0,
            reexport: None,
        },
        Export {
            name: Some(
                "SDL_getenv",
            ),
            offset: Some(
                810492,
            ),
            rva: 813564,
            size: 0,
            reexport: None,
        },
        Export {
            name: Some(
                "SDL_iconv",
            ),
            offset: Some(
                926136,
            ),
            rva: 929208,
            size: 0,
            reexport: None,
        },
        Export {
            name: Some(
                "SDL_iconv_close",
            ),
            offset: Some(
                928688,
            ),
            rva: 931760,
            size: 0,
            reexport: None,
        },
        Export {
            name: Some(
                "SDL_iconv_open",
            ),
            offset: Some(
                925860,
            ),
            rva: 928932,
            size: 0,
            reexport: None,
        },
        Export {
            name: Some(
                "SDL_iconv_string",
            ),
            offset: Some(
                928712,
            ),
            rva: 931784,
            size: 0,
            reexport: None,
        },
        Export {
            name: Some(
                "SDL_lltoa",
            ),
            offset: Some(
                830988,
            ),
            rva: 834060,
            size: 0,
            reexport: None,
        },
        Export {
            name: Some(
                "SDL_mutexP",
            ),
            offset: Some(
                828392,
            ),
            rva: 831464,
            size: 0,
            reexport: None,
        },
        Export {
            name: Some(
                "SDL_mutexV",
            ),
            offset: Some(
                828472,
            ),
            rva: 831544,
            size: 0,
            reexport: None,
        },
        Export {
            name: Some(
                "SDL_putenv",
            ),
            offset: Some(
                810168,
            ),
            rva: 813240,
            size: 0,
            reexport: None,
        },
        Export {
            name: Some(
                "SDL_revcpy",
            ),
            offset: Some(
                830648,
            ),
            rva: 833720,
            size: 0,
            reexport: None,
        },
        Export {
            name: Some(
                "SDL_snprintf",
            ),
            offset: Some(
                831636,
            ),
            rva: 834708,
            size: 0,
            reexport: None,
        },
        Export {
            name: Some(
                "SDL_strdup",
            ),
            offset: Some(
                830892,
            ),
            rva: 833964,
            size: 0,
            reexport: None,
        },
        Export {
            name: Some(
                "SDL_strlcat",
            ),
            offset: Some(
                830776,
            ),
            rva: 833848,
            size: 0,
            reexport: None,
        },
        Export {
            name: Some(
                "SDL_strlcpy",
            ),
            offset: Some(
                830696,
            ),
            rva: 833768,
            size: 0,
            reexport: None,
        },
        Export {
            name: Some(
                "SDL_strtoull",
            ),
            offset: Some(
                831520,
            ),
            rva: 834592,
            size: 0,
            reexport: None,
        },
        Export {
            name: Some(
                "SDL_ulltoa",
            ),
            offset: Some(
                831272,
            ),
            rva: 834344,
            size: 0,
            reexport: None,
        },
        Export {
            name: Some(
                "SDL_vsnprintf",
            ),
            offset: Some(
                832900,
            ),
            rva: 835972,
            size: 0,
            reexport: None,
        },
    ]
[2026-08-29T14:50:09Z DEBUG goblin::pe::import] import_directory_table_rva 0x12efa4
[2026-08-29T14:50:09Z DEBUG goblin::pe::utils] Checking .text for 0x12efa4 ∈ 0x1000..0x118124
[2026-08-29T14:50:09Z DEBUG goblin::pe::utils] Checking .rdata for 0x12efa4 ∈ 0x119000..0x1303a8
[2026-08-29T14:50:09Z DEBUG goblin::pe::utils] Found in section .rdata(1), remapped into offset 0x12d5a4
[2026-08-29T14:50:09Z DEBUG goblin::pe::import] import data offset 0x12d5a4
[2026-08-29T14:50:09Z DEBUG goblin::pe::import] ImportDirectoryEntry {
        import_lookup_table_rva: 1241056,
        time_date_stamp: 0,
        forwarder_chain: 0,
        name_rva: 1241928,
        import_address_table_rva: 1249280,
    }
[2026-08-29T14:50:09Z DEBUG goblin::pe::utils] Checking .text for 0x12f348 ∈ 0x1000..0x118124
[2026-08-29T14:50:09Z DEBUG goblin::pe::utils] Checking .rdata for 0x12f348 ∈ 0x119000..0x1303a8
[2026-08-29T14:50:09Z DEBUG goblin::pe::utils] Found in section .rdata(1), remapped into offset 0x12d948
[2026-08-29T14:50:09Z DEBUG goblin::pe::utils] Checking .text for 0x12efe0 ∈ 0x1000..0x118124
[2026-08-29T14:50:09Z DEBUG goblin::pe::utils] Checking .rdata for 0x12efe0 ∈ 0x119000..0x1303a8
[2026-08-29T14:50:09Z DEBUG goblin::pe::utils] Found in section .rdata(1), remapped into offset 0x12d5e0
[2026-08-29T14:50:09Z DEBUG goblin::pe::import] Synthesizing lookup table imports for COREDLL.dll lib, with import lookup table rva: 0x12efe0
[2026-08-29T14:50:09Z DEBUG goblin::pe::import] bitfield 0x80000444
[2026-08-29T14:50:09Z DEBUG goblin::pe::import] importing by ordinal 0x444
[2026-08-29T14:50:09Z DEBUG goblin::pe::import] bitfield 0x80000653
[2026-08-29T14:50:09Z DEBUG goblin::pe::import] importing by ordinal 0x653
[2026-08-29T14:50:09Z DEBUG goblin::pe::import] bitfield 0x8000011e
[2026-08-29T14:50:09Z DEBUG goblin::pe::import] importing by ordinal 0x11e
[2026-08-29T14:50:09Z DEBUG goblin::pe::import] bitfield 0x800002be
[2026-08-29T14:50:09Z DEBUG goblin::pe::import] importing by ordinal 0x2be
[2026-08-29T14:50:09Z DEBUG goblin::pe::import] bitfield 0x800002cf
[2026-08-29T14:50:09Z DEBUG goblin::pe::import] importing by ordinal 0x2cf
[2026-08-29T14:50:09Z DEBUG goblin::pe::import] bitfield 0x800003fa
[2026-08-29T14:50:09Z DEBUG goblin::pe::import] importing by ordinal 0x3fa
[2026-08-29T14:50:09Z DEBUG goblin::pe::import] bitfield 0x80000446
[2026-08-29T14:50:09Z DEBUG goblin::pe::import] importing by ordinal 0x446
[2026-08-29T14:50:09Z DEBUG goblin::pe::import] bitfield 0x80000447
[2026-08-29T14:50:09Z DEBUG goblin::pe::import] importing by ordinal 0x447
[2026-08-29T14:50:09Z DEBUG goblin::pe::import] bitfield 0x80000627
[2026-08-29T14:50:09Z DEBUG goblin::pe::import] importing by ordinal 0x627
[2026-08-29T14:50:09Z DEBUG goblin::pe::import] bitfield 0x80000626
[2026-08-29T14:50:09Z DEBUG goblin::pe::import] importing by ordinal 0x626
[2026-08-29T14:50:09Z DEBUG goblin::pe::import] bitfield 0x80000624
[2026-08-29T14:50:09Z DEBUG goblin::pe::import] importing by ordinal 0x624
[2026-08-29T14:50:09Z DEBUG goblin::pe::import] bitfield 0x80000411
[2026-08-29T14:50:09Z DEBUG goblin::pe::import] importing by ordinal 0x411
[2026-08-29T14:50:09Z DEBUG goblin::pe::import] bitfield 0x8000044e
[2026-08-29T14:50:09Z DEBUG goblin::pe::import] importing by ordinal 0x44e
[2026-08-29T14:50:09Z DEBUG goblin::pe::import] bitfield 0x8000062c
[2026-08-29T14:50:09Z DEBUG goblin::pe::import] importing by ordinal 0x62c
[2026-08-29T14:50:09Z DEBUG goblin::pe::import] bitfield 0x80000416
[2026-08-29T14:50:09Z DEBUG goblin::pe::import] importing by ordinal 0x416
[2026-08-29T14:50:09Z DEBUG goblin::pe::import] bitfield 0x800003e1
[2026-08-29T14:50:09Z DEBUG goblin::pe::import] importing by ordinal 0x3e1
[2026-08-29T14:50:09Z DEBUG goblin::pe::import] bitfield 0x8000035a
[2026-08-29T14:50:09Z DEBUG goblin::pe::import] importing by ordinal 0x35a
[2026-08-29T14:50:09Z DEBUG goblin::pe::import] bitfield 0x8000035b
[2026-08-29T14:50:09Z DEBUG goblin::pe::import] importing by ordinal 0x35b
[2026-08-29T14:50:09Z DEBUG goblin::pe::import] bitfield 0x80000108
[2026-08-29T14:50:09Z DEBUG goblin::pe::import] importing by ordinal 0x108
[2026-08-29T14:50:09Z DEBUG goblin::pe::import] bitfield 0x80000397
[2026-08-29T14:50:09Z DEBUG goblin::pe::import] importing by ordinal 0x397
[2026-08-29T14:50:09Z DEBUG goblin::pe::import] bitfield 0x80000013
[2026-08-29T14:50:09Z DEBUG goblin::pe::import] importing by ordinal 0x13
[2026-08-29T14:50:09Z DEBUG goblin::pe::import] bitfield 0x80000375
[2026-08-29T14:50:09Z DEBUG goblin::pe::import] importing by ordinal 0x375
[2026-08-29T14:50:09Z DEBUG goblin::pe::import] bitfield 0x8000005f
[2026-08-29T14:50:09Z DEBUG goblin::pe::import] importing by ordinal 0x5f
[2026-08-29T14:50:09Z DEBUG goblin::pe::import] bitfield 0x800000f6
[2026-08-29T14:50:09Z DEBUG goblin::pe::import] importing by ordinal 0xf6
[2026-08-29T14:50:09Z DEBUG goblin::pe::import] bitfield 0x8000010a
[2026-08-29T14:50:09Z DEBUG goblin::pe::import] importing by ordinal 0x10a
[2026-08-29T14:50:09Z DEBUG goblin::pe::import] bitfield 0x80000360
[2026-08-29T14:50:09Z DEBUG goblin::pe::import] importing by ordinal 0x360
[2026-08-29T14:50:09Z DEBUG goblin::pe::import] bitfield 0x800001f0
[2026-08-29T14:50:09Z DEBUG goblin::pe::import] importing by ordinal 0x1f0
[2026-08-29T14:50:09Z DEBUG goblin::pe::import] bitfield 0x800000fa
[2026-08-29T14:50:09Z DEBUG goblin::pe::import] importing by ordinal 0xfa
[2026-08-29T14:50:09Z DEBUG goblin::pe::import] bitfield 0x80000219
[2026-08-29T14:50:09Z DEBUG goblin::pe::import] importing by ordinal 0x219
[2026-08-29T14:50:09Z DEBUG goblin::pe::import] bitfield 0x80000366
[2026-08-29T14:50:09Z DEBUG goblin::pe::import] importing by ordinal 0x366
[2026-08-29T14:50:09Z DEBUG goblin::pe::import] bitfield 0x80000104
[2026-08-29T14:50:09Z DEBUG goblin::pe::import] importing by ordinal 0x104
[2026-08-29T14:50:09Z DEBUG goblin::pe::import] bitfield 0x80000109
[2026-08-29T14:50:09Z DEBUG goblin::pe::import] importing by ordinal 0x109
[2026-08-29T14:50:09Z DEBUG goblin::pe::import] bitfield 0x80000019
[2026-08-29T14:50:09Z DEBUG goblin::pe::import] importing by ordinal 0x19
[2026-08-29T14:50:09Z DEBUG goblin::pe::import] bitfield 0x80000105
[2026-08-29T14:50:09Z DEBUG goblin::pe::import] importing by ordinal 0x105
[2026-08-29T14:50:09Z DEBUG goblin::pe::import] bitfield 0x800001ec
[2026-08-29T14:50:09Z DEBUG goblin::pe::import] importing by ordinal 0x1ec
[2026-08-29T14:50:09Z DEBUG goblin::pe::import] bitfield 0x800000c4
[2026-08-29T14:50:09Z DEBUG goblin::pe::import] importing by ordinal 0xc4
[2026-08-29T14:50:09Z DEBUG goblin::pe::import] bitfield 0x800001eb
[2026-08-29T14:50:09Z DEBUG goblin::pe::import] importing by ordinal 0x1eb
[2026-08-29T14:50:09Z DEBUG goblin::pe::import] bitfield 0x80000459
[2026-08-29T14:50:09Z DEBUG goblin::pe::import] importing by ordinal 0x459
[2026-08-29T14:50:09Z DEBUG goblin::pe::import] bitfield 0x80000461
[2026-08-29T14:50:09Z DEBUG goblin::pe::import] importing by ordinal 0x461
[2026-08-29T14:50:09Z DEBUG goblin::pe::import] bitfield 0x8000045e
[2026-08-29T14:50:09Z DEBUG goblin::pe::import] importing by ordinal 0x45e
[2026-08-29T14:50:09Z DEBUG goblin::pe::import] bitfield 0x800000a5
[2026-08-29T14:50:09Z DEBUG goblin::pe::import] importing by ordinal 0xa5
[2026-08-29T14:50:09Z DEBUG goblin::pe::import] bitfield 0x80000181
[2026-08-29T14:50:09Z DEBUG goblin::pe::import] importing by ordinal 0x181
[2026-08-29T14:50:09Z DEBUG goblin::pe::import] bitfield 0x8000017b
[2026-08-29T14:50:09Z DEBUG goblin::pe::import] importing by ordinal 0x17b
[2026-08-29T14:50:09Z DEBUG goblin::pe::import] bitfield 0x8000018f
[2026-08-29T14:50:09Z DEBUG goblin::pe::import] importing by ordinal 0x18f
[2026-08-29T14:50:09Z DEBUG goblin::pe::import] bitfield 0x80000182
[2026-08-29T14:50:09Z DEBUG goblin::pe::import] importing by ordinal 0x182
[2026-08-29T14:50:09Z DEBUG goblin::pe::import] bitfield 0x8000017e
[2026-08-29T14:50:09Z DEBUG goblin::pe::import] importing by ordinal 0x17e
[2026-08-29T14:50:09Z DEBUG goblin::pe::import] bitfield 0x80000186
[2026-08-29T14:50:09Z DEBUG goblin::pe::import] importing by ordinal 0x186
[2026-08-29T14:50:09Z DEBUG goblin::pe::import] bitfield 0x80000185
[2026-08-29T14:50:09Z DEBUG goblin::pe::import] importing by ordinal 0x185
[2026-08-29T14:50:09Z DEBUG goblin::pe::import] bitfield 0x80000188
[2026-08-29T14:50:09Z DEBUG goblin::pe::import] importing by ordinal 0x188
[2026-08-29T14:50:09Z DEBUG goblin::pe::import] bitfield 0x8000017d
[2026-08-29T14:50:09Z DEBUG goblin::pe::import] importing by ordinal 0x17d
[2026-08-29T14:50:09Z DEBUG goblin::pe::import] bitfield 0x80000183
[2026-08-29T14:50:09Z DEBUG goblin::pe::import] importing by ordinal 0x183
[2026-08-29T14:50:09Z DEBUG goblin::pe::import] bitfield 0x8000017c
[2026-08-29T14:50:09Z DEBUG goblin::pe::import] importing by ordinal 0x17c
[2026-08-29T14:50:09Z DEBUG goblin::pe::import] bitfield 0x80000180
[2026-08-29T14:50:09Z DEBUG goblin::pe::import] importing by ordinal 0x180
[2026-08-29T14:50:09Z DEBUG goblin::pe::import] bitfield 0x8000041e
[2026-08-29T14:50:09Z DEBUG goblin::pe::import] importing by ordinal 0x41e
[2026-08-29T14:50:09Z DEBUG goblin::pe::import] bitfield 0x80000499
[2026-08-29T14:50:09Z DEBUG goblin::pe::import] importing by ordinal 0x499
[2026-08-29T14:50:09Z DEBUG goblin::pe::import] bitfield 0x800000f7
[2026-08-29T14:50:09Z DEBUG goblin::pe::import] importing by ordinal 0xf7
[2026-08-29T14:50:09Z DEBUG goblin::pe::import] bitfield 0x80000102
[2026-08-29T14:50:09Z DEBUG goblin::pe::import] importing by ordinal 0x102
[2026-08-29T14:50:09Z DEBUG goblin::pe::import] bitfield 0x80000107
[2026-08-29T14:50:09Z DEBUG goblin::pe::import] importing by ordinal 0x107
[2026-08-29T14:50:09Z DEBUG goblin::pe::import] bitfield 0x80000103
[2026-08-29T14:50:09Z DEBUG goblin::pe::import] importing by ordinal 0x103
[2026-08-29T14:50:09Z DEBUG goblin::pe::import] bitfield 0x80000106
[2026-08-29T14:50:09Z DEBUG goblin::pe::import] importing by ordinal 0x106
[2026-08-29T14:50:09Z DEBUG goblin::pe::import] bitfield 0x80000399
[2026-08-29T14:50:09Z DEBUG goblin::pe::import] importing by ordinal 0x399
[2026-08-29T14:50:09Z DEBUG goblin::pe::import] bitfield 0x80000390
[2026-08-29T14:50:09Z DEBUG goblin::pe::import] importing by ordinal 0x390
[2026-08-29T14:50:09Z DEBUG goblin::pe::import] bitfield 0x80000374
[2026-08-29T14:50:09Z DEBUG goblin::pe::import] importing by ordinal 0x374
[2026-08-29T14:50:09Z DEBUG goblin::pe::import] bitfield 0x8000047a
[2026-08-29T14:50:09Z DEBUG goblin::pe::import] importing by ordinal 0x47a
[2026-08-29T14:50:09Z DEBUG goblin::pe::import] bitfield 0x80000058
[2026-08-29T14:50:09Z DEBUG goblin::pe::import] importing by ordinal 0x58
[2026-08-29T14:50:09Z DEBUG goblin::pe::import] bitfield 0x800001ed
[2026-08-29T14:50:09Z DEBUG goblin::pe::import] importing by ordinal 0x1ed
[2026-08-29T14:50:09Z DEBUG goblin::pe::import] bitfield 0x8000010f
[2026-08-29T14:50:09Z DEBUG goblin::pe::import] importing by ordinal 0x10f
[2026-08-29T14:50:09Z DEBUG goblin::pe::import] bitfield 0x8000033a
[2026-08-29T14:50:09Z DEBUG goblin::pe::import] importing by ordinal 0x33a
[2026-08-29T14:50:09Z DEBUG goblin::pe::import] bitfield 0x800002bd
[2026-08-29T14:50:09Z DEBUG goblin::pe::import] importing by ordinal 0x2bd
[2026-08-29T14:50:09Z DEBUG goblin::pe::import] bitfield 0x80000460
[2026-08-29T14:50:09Z DEBUG goblin::pe::import] importing by ordinal 0x460
[2026-08-29T14:50:09Z DEBUG goblin::pe::import] bitfield 0x8000046b
[2026-08-29T14:50:09Z DEBUG goblin::pe::import] importing by ordinal 0x46b
[2026-08-29T14:50:09Z DEBUG goblin::pe::import] bitfield 0x8000046a
[2026-08-29T14:50:09Z DEBUG goblin::pe::import] importing by ordinal 0x46a
[2026-08-29T14:50:09Z DEBUG goblin::pe::import] bitfield 0x80000542
[2026-08-29T14:50:09Z DEBUG goblin::pe::import] importing by ordinal 0x542
[2026-08-29T14:50:09Z DEBUG goblin::pe::import] bitfield 0x8000041c
[2026-08-29T14:50:09Z DEBUG goblin::pe::import] importing by ordinal 0x41c
[2026-08-29T14:50:09Z DEBUG goblin::pe::import] bitfield 0x80000806
[2026-08-29T14:50:09Z DEBUG goblin::pe::import] importing by ordinal 0x806
[2026-08-29T14:50:09Z DEBUG goblin::pe::import] bitfield 0x80000417
[2026-08-29T14:50:09Z DEBUG goblin::pe::import] importing by ordinal 0x417
[2026-08-29T14:50:09Z DEBUG goblin::pe::import] bitfield 0x80000414
[2026-08-29T14:50:09Z DEBUG goblin::pe::import] importing by ordinal 0x414
[2026-08-29T14:50:09Z DEBUG goblin::pe::import] bitfield 0x80000413
[2026-08-29T14:50:09Z DEBUG goblin::pe::import] importing by ordinal 0x413
[2026-08-29T14:50:09Z DEBUG goblin::pe::import] bitfield 0x800007fc
[2026-08-29T14:50:09Z DEBUG goblin::pe::import] importing by ordinal 0x7fc
[2026-08-29T14:50:09Z DEBUG goblin::pe::import] bitfield 0x800003dc
[2026-08-29T14:50:09Z DEBUG goblin::pe::import] importing by ordinal 0x3dc
[2026-08-29T14:50:09Z DEBUG goblin::pe::import] bitfield 0x800003f2
[2026-08-29T14:50:09Z DEBUG goblin::pe::import] importing by ordinal 0x3f2
[2026-08-29T14:50:09Z DEBUG goblin::pe::import] bitfield 0x800007eb
[2026-08-29T14:50:09Z DEBUG goblin::pe::import] importing by ordinal 0x7eb
[2026-08-29T14:50:09Z DEBUG goblin::pe::import] bitfield 0x800007e0
[2026-08-29T14:50:09Z DEBUG goblin::pe::import] importing by ordinal 0x7e0
[2026-08-29T14:50:09Z DEBUG goblin::pe::import] bitfield 0x800007f5
[2026-08-29T14:50:09Z DEBUG goblin::pe::import] importing by ordinal 0x7f5
[2026-08-29T14:50:09Z DEBUG goblin::pe::import] bitfield 0x800007e5
[2026-08-29T14:50:09Z DEBUG goblin::pe::import] importing by ordinal 0x7e5
[2026-08-29T14:50:09Z DEBUG goblin::pe::import] bitfield 0x80000805
[2026-08-29T14:50:09Z DEBUG goblin::pe::import] importing by ordinal 0x805
[2026-08-29T14:50:09Z DEBUG goblin::pe::import] bitfield 0x800007fe
[2026-08-29T14:50:09Z DEBUG goblin::pe::import] importing by ordinal 0x7fe
[2026-08-29T14:50:09Z DEBUG goblin::pe::import] bitfield 0x800007d8
[2026-08-29T14:50:09Z DEBUG goblin::pe::import] importing by ordinal 0x7d8
[2026-08-29T14:50:09Z DEBUG goblin::pe::import] bitfield 0x8000041b
[2026-08-29T14:50:09Z DEBUG goblin::pe::import] importing by ordinal 0x41b
[2026-08-29T14:50:09Z DEBUG goblin::pe::import] bitfield 0x800007e9
[2026-08-29T14:50:09Z DEBUG goblin::pe::import] importing by ordinal 0x7e9
[2026-08-29T14:50:09Z DEBUG goblin::pe::import] bitfield 0x800007ed
[2026-08-29T14:50:09Z DEBUG goblin::pe::import] importing by ordinal 0x7ed
[2026-08-29T14:50:09Z DEBUG goblin::pe::import] bitfield 0x800007dc
[2026-08-29T14:50:09Z DEBUG goblin::pe::import] importing by ordinal 0x7dc
[2026-08-29T14:50:09Z DEBUG goblin::pe::import] bitfield 0x800007ea
[2026-08-29T14:50:09Z DEBUG goblin::pe::import] importing by ordinal 0x7ea
[2026-08-29T14:50:09Z DEBUG goblin::pe::import] bitfield 0x800007f1
[2026-08-29T14:50:09Z DEBUG goblin::pe::import] importing by ordinal 0x7f1
[2026-08-29T14:50:09Z DEBUG goblin::pe::import] bitfield 0x80000800
[2026-08-29T14:50:09Z DEBUG goblin::pe::import] importing by ordinal 0x800
[2026-08-29T14:50:09Z DEBUG goblin::pe::import] bitfield 0x800007fb
[2026-08-29T14:50:09Z DEBUG goblin::pe::import] importing by ordinal 0x7fb
[2026-08-29T14:50:09Z DEBUG goblin::pe::import] bitfield 0x80000804
[2026-08-29T14:50:09Z DEBUG goblin::pe::import] importing by ordinal 0x804
[2026-08-29T14:50:09Z DEBUG goblin::pe::import] bitfield 0x800007ff
[2026-08-29T14:50:09Z DEBUG goblin::pe::import] importing by ordinal 0x7ff
[2026-08-29T14:50:09Z DEBUG goblin::pe::import] bitfield 0x8000040c
[2026-08-29T14:50:09Z DEBUG goblin::pe::import] importing by ordinal 0x40c
[2026-08-29T14:50:09Z DEBUG goblin::pe::import] bitfield 0x800007d5
[2026-08-29T14:50:09Z DEBUG goblin::pe::import] importing by ordinal 0x7d5
[2026-08-29T14:50:09Z DEBUG goblin::pe::import] bitfield 0x800007f0
[2026-08-29T14:50:09Z DEBUG goblin::pe::import] importing by ordinal 0x7f0
[2026-08-29T14:50:09Z DEBUG goblin::pe::import] bitfield 0x8000057b
[2026-08-29T14:50:09Z DEBUG goblin::pe::import] importing by ordinal 0x57b
[2026-08-29T14:50:09Z DEBUG goblin::pe::import] bitfield 0x800007ef
[2026-08-29T14:50:09Z DEBUG goblin::pe::import] importing by ordinal 0x7ef
[2026-08-29T14:50:09Z DEBUG goblin::pe::import] bitfield 0x8000042c
[2026-08-29T14:50:09Z DEBUG goblin::pe::import] importing by ordinal 0x42c
[2026-08-29T14:50:09Z DEBUG goblin::pe::import] bitfield 0x800007f9
[2026-08-29T14:50:09Z DEBUG goblin::pe::import] importing by ordinal 0x7f9
[2026-08-29T14:50:09Z DEBUG goblin::pe::import] bitfield 0x80000582
[2026-08-29T14:50:09Z DEBUG goblin::pe::import] importing by ordinal 0x582
[2026-08-29T14:50:09Z DEBUG goblin::pe::import] bitfield 0x80000217
[2026-08-29T14:50:09Z DEBUG goblin::pe::import] importing by ordinal 0x217
[2026-08-29T14:50:09Z DEBUG goblin::pe::import] bitfield 0x8000022b
[2026-08-29T14:50:09Z DEBUG goblin::pe::import] importing by ordinal 0x22b
[2026-08-29T14:50:09Z DEBUG goblin::pe::import] bitfield 0x800001f1
[2026-08-29T14:50:09Z DEBUG goblin::pe::import] importing by ordinal 0x1f1
[2026-08-29T14:50:09Z DEBUG goblin::pe::import] bitfield 0x8000022c
[2026-08-29T14:50:09Z DEBUG goblin::pe::import] importing by ordinal 0x22c
[2026-08-29T14:50:09Z DEBUG goblin::pe::import] bitfield 0x80000229
[2026-08-29T14:50:09Z DEBUG goblin::pe::import] importing by ordinal 0x229
[2026-08-29T14:50:09Z DEBUG goblin::pe::import] bitfield 0x80000587
[2026-08-29T14:50:09Z DEBUG goblin::pe::import] importing by ordinal 0x587
[2026-08-29T14:50:09Z DEBUG goblin::pe::import] bitfield 0x80000585
[2026-08-29T14:50:09Z DEBUG goblin::pe::import] importing by ordinal 0x585
[2026-08-29T14:50:09Z DEBUG goblin::pe::import] bitfield 0x80000437
[2026-08-29T14:50:09Z DEBUG goblin::pe::import] importing by ordinal 0x437
[2026-08-29T14:50:09Z DEBUG goblin::pe::import] bitfield 0x80000589
[2026-08-29T14:50:09Z DEBUG goblin::pe::import] importing by ordinal 0x589
[2026-08-29T14:50:09Z DEBUG goblin::pe::import] bitfield 0x8000040f
[2026-08-29T14:50:09Z DEBUG goblin::pe::import] importing by ordinal 0x40f
[2026-08-29T14:50:09Z DEBUG goblin::pe::import] bitfield 0x80000110
[2026-08-29T14:50:09Z DEBUG goblin::pe::import] importing by ordinal 0x110
[2026-08-29T14:50:09Z DEBUG goblin::pe::import] bitfield 0x800002d5
[2026-08-29T14:50:09Z DEBUG goblin::pe::import] importing by ordinal 0x2d5
[2026-08-29T14:50:09Z DEBUG goblin::pe::import] bitfield 0x80000211
[2026-08-29T14:50:09Z DEBUG goblin::pe::import] importing by ordinal 0x211
[2026-08-29T14:50:09Z DEBUG goblin::pe::import] bitfield 0x8000021d
[2026-08-29T14:50:09Z DEBUG goblin::pe::import] importing by ordinal 0x21d
[2026-08-29T14:50:09Z DEBUG goblin::pe::import] bitfield 0x800003ba
[2026-08-29T14:50:09Z DEBUG goblin::pe::import] importing by ordinal 0x3ba
[2026-08-29T14:50:09Z DEBUG goblin::pe::import] bitfield 0x800003b9
[2026-08-29T14:50:09Z DEBUG goblin::pe::import] importing by ordinal 0x3b9
[2026-08-29T14:50:09Z DEBUG goblin::pe::import] bitfield 0x80000210
[2026-08-29T14:50:09Z DEBUG goblin::pe::import] importing by ordinal 0x210
[2026-08-29T14:50:09Z DEBUG goblin::pe::import] bitfield 0x80000059
[2026-08-29T14:50:09Z DEBUG goblin::pe::import] importing by ordinal 0x59
[2026-08-29T14:50:09Z DEBUG goblin::pe::import] bitfield 0x8000038e
[2026-08-29T14:50:09Z DEBUG goblin::pe::import] importing by ordinal 0x38e
[2026-08-29T14:50:09Z DEBUG goblin::pe::import] bitfield 0x800003b3
[2026-08-29T14:50:09Z DEBUG goblin::pe::import] importing by ordinal 0x3b3
[2026-08-29T14:50:09Z DEBUG goblin::pe::import] bitfield 0x8000005a
[2026-08-29T14:50:09Z DEBUG goblin::pe::import] importing by ordinal 0x5a
[2026-08-29T14:50:09Z DEBUG goblin::pe::import] bitfield 0x8000038f
[2026-08-29T14:50:09Z DEBUG goblin::pe::import] importing by ordinal 0x38f
[2026-08-29T14:50:09Z DEBUG goblin::pe::import] bitfield 0x8000049e
[2026-08-29T14:50:09Z DEBUG goblin::pe::import] importing by ordinal 0x49e
[2026-08-29T14:50:09Z DEBUG goblin::pe::import] bitfield 0x80000212
[2026-08-29T14:50:09Z DEBUG goblin::pe::import] importing by ordinal 0x212
[2026-08-29T14:50:09Z DEBUG goblin::pe::import] bitfield 0x80000387
[2026-08-29T14:50:09Z DEBUG goblin::pe::import] importing by ordinal 0x387
[2026-08-29T14:50:09Z DEBUG goblin::pe::import] bitfield 0x8000028d
[2026-08-29T14:50:09Z DEBUG goblin::pe::import] importing by ordinal 0x28d
[2026-08-29T14:50:09Z DEBUG goblin::pe::import] bitfield 0x800003b6
[2026-08-29T14:50:09Z DEBUG goblin::pe::import] importing by ordinal 0x3b6
[2026-08-29T14:50:09Z DEBUG goblin::pe::import] bitfield 0x80000377
[2026-08-29T14:50:09Z DEBUG goblin::pe::import] importing by ordinal 0x377
[2026-08-29T14:50:09Z DEBUG goblin::pe::import] bitfield 0x800003b7
[2026-08-29T14:50:09Z DEBUG goblin::pe::import] importing by ordinal 0x3b7
[2026-08-29T14:50:09Z DEBUG goblin::pe::import] bitfield 0x8000064b
[2026-08-29T14:50:09Z DEBUG goblin::pe::import] importing by ordinal 0x64b
[2026-08-29T14:50:09Z DEBUG goblin::pe::import] bitfield 0x800006f1
[2026-08-29T14:50:09Z DEBUG goblin::pe::import] importing by ordinal 0x6f1
[2026-08-29T14:50:09Z DEBUG goblin::pe::import] bitfield 0x80000682
[2026-08-29T14:50:09Z DEBUG goblin::pe::import] importing by ordinal 0x682
[2026-08-29T14:50:09Z DEBUG goblin::pe::import] bitfield 0x80000394
[2026-08-29T14:50:09Z DEBUG goblin::pe::import] importing by ordinal 0x394
[2026-08-29T14:50:09Z DEBUG goblin::pe::import] bitfield 0x8000045b
[2026-08-29T14:50:09Z DEBUG goblin::pe::import] importing by ordinal 0x45b
[2026-08-29T14:50:09Z DEBUG goblin::pe::import] bitfield 0x8000044c
[2026-08-29T14:50:09Z DEBUG goblin::pe::import] importing by ordinal 0x44c
[2026-08-29T14:50:09Z DEBUG goblin::pe::import] bitfield 0x800000c5
[2026-08-29T14:50:09Z DEBUG goblin::pe::import] importing by ordinal 0xc5
[2026-08-29T14:50:09Z DEBUG goblin::pe::import] bitfield 0x80000202
[2026-08-29T14:50:09Z DEBUG goblin::pe::import] importing by ordinal 0x202
[2026-08-29T14:50:09Z DEBUG goblin::pe::import] bitfield 0x800004d7
[2026-08-29T14:50:09Z DEBUG goblin::pe::import] importing by ordinal 0x4d7
[2026-08-29T14:50:09Z DEBUG goblin::pe::import] bitfield 0x800004d6
[2026-08-29T14:50:09Z DEBUG goblin::pe::import] importing by ordinal 0x4d6
[2026-08-29T14:50:09Z DEBUG goblin::pe::import] bitfield 0x8000017f
[2026-08-29T14:50:09Z DEBUG goblin::pe::import] importing by ordinal 0x17f
[2026-08-29T14:50:09Z DEBUG goblin::pe::import] bitfield 0x8000011d
[2026-08-29T14:50:09Z DEBUG goblin::pe::import] importing by ordinal 0x11d
[2026-08-29T14:50:09Z DEBUG goblin::pe::import] bitfield 0x800004cd
[2026-08-29T14:50:09Z DEBUG goblin::pe::import] importing by ordinal 0x4cd
[2026-08-29T14:50:09Z DEBUG goblin::pe::import] bitfield 0x800006e8
[2026-08-29T14:50:09Z DEBUG goblin::pe::import] importing by ordinal 0x6e8
[2026-08-29T14:50:09Z DEBUG goblin::pe::import] bitfield 0x80000488
[2026-08-29T14:50:09Z DEBUG goblin::pe::import] importing by ordinal 0x488
[2026-08-29T14:50:09Z DEBUG goblin::pe::import] bitfield 0x8000035c
[2026-08-29T14:50:09Z DEBUG goblin::pe::import] importing by ordinal 0x35c
[2026-08-29T14:50:09Z DEBUG goblin::pe::import] bitfield 0x8000035d
[2026-08-29T14:50:09Z DEBUG goblin::pe::import] importing by ordinal 0x35d
[2026-08-29T14:50:09Z DEBUG goblin::pe::import] bitfield 0x8000033f
[2026-08-29T14:50:09Z DEBUG goblin::pe::import] importing by ordinal 0x33f
[2026-08-29T14:50:09Z DEBUG goblin::pe::import] bitfield 0x8000011c
[2026-08-29T14:50:09Z DEBUG goblin::pe::import] importing by ordinal 0x11c
[2026-08-29T14:50:09Z DEBUG goblin::pe::import] bitfield 0x800002de
[2026-08-29T14:50:09Z DEBUG goblin::pe::import] importing by ordinal 0x2de
[2026-08-29T14:50:09Z DEBUG goblin::pe::import] bitfield 0x800002e0
[2026-08-29T14:50:09Z DEBUG goblin::pe::import] importing by ordinal 0x2e0
[2026-08-29T14:50:09Z DEBUG goblin::pe::import] bitfield 0x80000066
[2026-08-29T14:50:09Z DEBUG goblin::pe::import] importing by ordinal 0x66
[2026-08-29T14:50:09Z DEBUG goblin::pe::import] bitfield 0x800000f9
[2026-08-29T14:50:09Z DEBUG goblin::pe::import] importing by ordinal 0xf9
[2026-08-29T14:50:09Z DEBUG goblin::pe::import] bitfield 0x800000fc
[2026-08-29T14:50:09Z DEBUG goblin::pe::import] importing by ordinal 0xfc
[2026-08-29T14:50:09Z DEBUG goblin::pe::import] bitfield 0x800002ab
[2026-08-29T14:50:09Z DEBUG goblin::pe::import] importing by ordinal 0x2ab
[2026-08-29T14:50:09Z DEBUG goblin::pe::import] bitfield 0x800002aa
[2026-08-29T14:50:09Z DEBUG goblin::pe::import] importing by ordinal 0x2aa
[2026-08-29T14:50:09Z DEBUG goblin::pe::import] bitfield 0x800000fe
[2026-08-29T14:50:09Z DEBUG goblin::pe::import] importing by ordinal 0xfe
[2026-08-29T14:50:09Z DEBUG goblin::pe::import] bitfield 0x80000100
[2026-08-29T14:50:09Z DEBUG goblin::pe::import] importing by ordinal 0x100
[2026-08-29T14:50:09Z DEBUG goblin::pe::import] bitfield 0x800002db
[2026-08-29T14:50:09Z DEBUG goblin::pe::import] importing by ordinal 0x2db
[2026-08-29T14:50:09Z DEBUG goblin::pe::import] bitfield 0x800005ad
[2026-08-29T14:50:09Z DEBUG goblin::pe::import] importing by ordinal 0x5ad
[2026-08-29T14:50:09Z DEBUG goblin::pe::import] bitfield 0x800002c5
[2026-08-29T14:50:09Z DEBUG goblin::pe::import] importing by ordinal 0x2c5
[2026-08-29T14:50:09Z DEBUG goblin::pe::import] bitfield 0x8000036e
[2026-08-29T14:50:09Z DEBUG goblin::pe::import] importing by ordinal 0x36e
[2026-08-29T14:50:09Z DEBUG goblin::pe::import] bitfield 0x800002c0
[2026-08-29T14:50:09Z DEBUG goblin::pe::import] importing by ordinal 0x2c0
[2026-08-29T14:50:09Z DEBUG goblin::pe::import] bitfield 0x800002c4
[2026-08-29T14:50:09Z DEBUG goblin::pe::import] importing by ordinal 0x2c4
[2026-08-29T14:50:09Z DEBUG goblin::pe::import] bitfield 0x800002da
[2026-08-29T14:50:09Z DEBUG goblin::pe::import] importing by ordinal 0x2da
[2026-08-29T14:50:09Z DEBUG goblin::pe::import] bitfield 0x80000362
[2026-08-29T14:50:09Z DEBUG goblin::pe::import] importing by ordinal 0x362
[2026-08-29T14:50:09Z DEBUG goblin::pe::import] bitfield 0x8000000a
[2026-08-29T14:50:09Z DEBUG goblin::pe::import] importing by ordinal 0xa
[2026-08-29T14:50:09Z DEBUG goblin::pe::import] bitfield 0x8000000b
[2026-08-29T14:50:09Z DEBUG goblin::pe::import] importing by ordinal 0xb
[2026-08-29T14:50:09Z DEBUG goblin::pe::import] bitfield 0x800000ad
[2026-08-29T14:50:09Z DEBUG goblin::pe::import] importing by ordinal 0xad
[2026-08-29T14:50:09Z DEBUG goblin::pe::import] bitfield 0x80000428
[2026-08-29T14:50:09Z DEBUG goblin::pe::import] importing by ordinal 0x428
[2026-08-29T14:50:09Z DEBUG goblin::pe::import] bitfield 0x800000ab
[2026-08-29T14:50:09Z DEBUG goblin::pe::import] importing by ordinal 0xab
[2026-08-29T14:50:09Z DEBUG goblin::pe::import] bitfield 0x800000aa
[2026-08-29T14:50:09Z DEBUG goblin::pe::import] importing by ordinal 0xaa
[2026-08-29T14:50:09Z DEBUG goblin::pe::import] bitfield 0x800000a8
[2026-08-29T14:50:09Z DEBUG goblin::pe::import] importing by ordinal 0xa8
[2026-08-29T14:50:09Z DEBUG goblin::pe::import] bitfield 0x80000466
[2026-08-29T14:50:09Z DEBUG goblin::pe::import] importing by ordinal 0x466
[2026-08-29T14:50:09Z DEBUG goblin::pe::import] bitfield 0x800000ea
[2026-08-29T14:50:09Z DEBUG goblin::pe::import] importing by ordinal 0xea
[2026-08-29T14:50:09Z DEBUG goblin::pe::import] bitfield 0x80000204
[2026-08-29T14:50:09Z DEBUG goblin::pe::import] importing by ordinal 0x204
[2026-08-29T14:50:09Z DEBUG goblin::pe::import] bitfield 0x8000000f
[2026-08-29T14:50:09Z DEBUG goblin::pe::import] importing by ordinal 0xf
[2026-08-29T14:50:09Z DEBUG goblin::pe::import] bitfield 0x80000010
[2026-08-29T14:50:09Z DEBUG goblin::pe::import] importing by ordinal 0x10
[2026-08-29T14:50:09Z DEBUG goblin::pe::import] bitfield 0x80000208
[2026-08-29T14:50:09Z DEBUG goblin::pe::import] importing by ordinal 0x208
[2026-08-29T14:50:09Z DEBUG goblin::pe::import] bitfield 0x80000614
[2026-08-29T14:50:09Z DEBUG goblin::pe::import] importing by ordinal 0x614
[2026-08-29T14:50:09Z DEBUG goblin::pe::import] bitfield 0x8000060f
[2026-08-29T14:50:09Z DEBUG goblin::pe::import] importing by ordinal 0x60f
[2026-08-29T14:50:09Z DEBUG goblin::pe::import] bitfield 0x800007e8
[2026-08-29T14:50:09Z DEBUG goblin::pe::import] importing by ordinal 0x7e8
[2026-08-29T14:50:09Z DEBUG goblin::pe::import] bitfield 0x8000042e
[2026-08-29T14:50:09Z DEBUG goblin::pe::import] importing by ordinal 0x42e
[2026-08-29T14:50:09Z DEBUG goblin::pe::import] bitfield 0x800007d1
[2026-08-29T14:50:09Z DEBUG goblin::pe::import] importing by ordinal 0x7d1
[2026-08-29T14:50:09Z DEBUG goblin::pe::import] bitfield 0x800007d0
[2026-08-29T14:50:09Z DEBUG goblin::pe::import] importing by ordinal 0x7d0
[2026-08-29T14:50:09Z DEBUG goblin::pe::import] bitfield 0x800007d3
[2026-08-29T14:50:09Z DEBUG goblin::pe::import] importing by ordinal 0x7d3
[2026-08-29T14:50:09Z DEBUG goblin::pe::import] bitfield 0x80000041
[2026-08-29T14:50:09Z DEBUG goblin::pe::import] importing by ordinal 0x41
[2026-08-29T14:50:09Z DEBUG goblin::pe::import] bitfield 0x800007e2
[2026-08-29T14:50:09Z DEBUG goblin::pe::import] importing by ordinal 0x7e2
[2026-08-29T14:50:09Z DEBUG goblin::pe::import] bitfield 0x80000429
[2026-08-29T14:50:09Z DEBUG goblin::pe::import] importing by ordinal 0x429
[2026-08-29T14:50:09Z DEBUG goblin::pe::import] bitfield 0x80000023
[2026-08-29T14:50:09Z DEBUG goblin::pe::import] importing by ordinal 0x23
[2026-08-29T14:50:09Z DEBUG goblin::pe::import] bitfield 0x80000021
[2026-08-29T14:50:09Z DEBUG goblin::pe::import] importing by ordinal 0x21
[2026-08-29T14:50:09Z DEBUG goblin::pe::import] bitfield 0x80000022
[2026-08-29T14:50:09Z DEBUG goblin::pe::import] importing by ordinal 0x22
[2026-08-29T14:50:09Z DEBUG goblin::pe::import] bitfield 0x80000042
[2026-08-29T14:50:09Z DEBUG goblin::pe::import] importing by ordinal 0x42
[2026-08-29T14:50:09Z DEBUG goblin::pe::import] bitfield 0x8000066d
[2026-08-29T14:50:09Z DEBUG goblin::pe::import] importing by ordinal 0x66d
[2026-08-29T14:50:09Z DEBUG goblin::pe::import] bitfield 0x80000057
[2026-08-29T14:50:09Z DEBUG goblin::pe::import] importing by ordinal 0x57
[2026-08-29T14:50:09Z DEBUG goblin::pe::import] bitfield 0x80000754
[2026-08-29T14:50:09Z DEBUG goblin::pe::import] importing by ordinal 0x754
[2026-08-29T14:50:09Z DEBUG goblin::pe::import] bitfield 0x80000024
[2026-08-29T14:50:09Z DEBUG goblin::pe::import] importing by ordinal 0x24
[2026-08-29T14:50:09Z DEBUG goblin::pe::import] bitfield 0x80000753
[2026-08-29T14:50:09Z DEBUG goblin::pe::import] importing by ordinal 0x753
[2026-08-29T14:50:09Z DEBUG goblin::pe::import] bitfield 0x800007d2
[2026-08-29T14:50:09Z DEBUG goblin::pe::import] importing by ordinal 0x7d2
[2026-08-29T14:50:09Z DEBUG goblin::pe::import] bitfield 0x8000057f
[2026-08-29T14:50:09Z DEBUG goblin::pe::import] importing by ordinal 0x57f
[2026-08-29T14:50:09Z DEBUG goblin::pe::import] bitfield 0x80000454
[2026-08-29T14:50:09Z DEBUG goblin::pe::import] importing by ordinal 0x454
[2026-08-29T14:50:09Z DEBUG goblin::pe::import] bitfield 0x80000479
[2026-08-29T14:50:09Z DEBUG goblin::pe::import] importing by ordinal 0x479
[2026-08-29T14:50:09Z DEBUG goblin::pe::import] bitfield 0x8000003d
[2026-08-29T14:50:09Z DEBUG goblin::pe::import] importing by ordinal 0x3d
[2026-08-29T14:50:09Z DEBUG goblin::pe::import] bitfield 0x8000003f
[2026-08-29T14:50:09Z DEBUG goblin::pe::import] importing by ordinal 0x3f
[2026-08-29T14:50:09Z DEBUG goblin::pe::import] bitfield 0x800004b1
[2026-08-29T14:50:09Z DEBUG goblin::pe::import] importing by ordinal 0x4b1
[2026-08-29T14:50:09Z DEBUG goblin::pe::import] bitfield 0x80000040
[2026-08-29T14:50:09Z DEBUG goblin::pe::import] importing by ordinal 0x40
[2026-08-29T14:50:09Z DEBUG goblin::pe::import] bitfield 0x800005d4
[2026-08-29T14:50:09Z DEBUG goblin::pe::import] importing by ordinal 0x5d4
[2026-08-29T14:50:09Z DEBUG goblin::pe::import] imports done
[2026-08-29T14:50:09Z DEBUG goblin::pe::import] Successfully synthesized import lookup table entry from lookup table: [
        OrdinalNumber(
            1092,
        ),
        OrdinalNumber(
            1619,
        ),
        OrdinalNumber(
            286,
        ),
        OrdinalNumber(
            702,
        ),
        OrdinalNumber(
            719,
        ),
        OrdinalNumber(
            1018,
        ),
        OrdinalNumber(
            1094,
        ),
        OrdinalNumber(
            1095,
        ),
        OrdinalNumber(
            1575,
        ),
        OrdinalNumber(
            1574,
        ),
        OrdinalNumber(
            1572,
        ),
        OrdinalNumber(
            1041,
        ),
        OrdinalNumber(
            1102,
        ),
        OrdinalNumber(
            1580,
        ),
        OrdinalNumber(
            1046,
        ),
        OrdinalNumber(
            993,
        ),
        OrdinalNumber(
            858,
        ),
        OrdinalNumber(
            859,
        ),
        OrdinalNumber(
            264,
        ),
        OrdinalNumber(
            919,
        ),
        OrdinalNumber(
            19,
        ),
        OrdinalNumber(
            885,
        ),
        OrdinalNumber(
            95,
        ),
        OrdinalNumber(
            246,
        ),
        OrdinalNumber(
            266,
        ),
        OrdinalNumber(
            864,
        ),
        OrdinalNumber(
            496,
        ),
        OrdinalNumber(
            250,
        ),
        OrdinalNumber(
            537,
        ),
        OrdinalNumber(
            870,
        ),
        OrdinalNumber(
            260,
        ),
        OrdinalNumber(
            265,
        ),
        OrdinalNumber(
            25,
        ),
        OrdinalNumber(
            261,
        ),
        OrdinalNumber(
            492,
        ),
        OrdinalNumber(
            196,
        ),
        OrdinalNumber(
            491,
        ),
        OrdinalNumber(
            1113,
        ),
        OrdinalNumber(
            1121,
        ),
        OrdinalNumber(
            1118,
        ),
        OrdinalNumber(
            165,
        ),
        OrdinalNumber(
            385,
        ),
        OrdinalNumber(
            379,
        ),
        OrdinalNumber(
            399,
        ),
        OrdinalNumber(
            386,
        ),
        OrdinalNumber(
            382,
        ),
        OrdinalNumber(
            390,
        ),
        OrdinalNumber(
            389,
        ),
        OrdinalNumber(
            392,
        ),
        OrdinalNumber(
            381,
        ),
        OrdinalNumber(
            387,
        ),
        OrdinalNumber(
            380,
        ),
        OrdinalNumber(
            384,
        ),
        OrdinalNumber(
            1054,
        ),
        OrdinalNumber(
            1177,
        ),
        OrdinalNumber(
            247,
        ),
        OrdinalNumber(
            258,
        ),
        OrdinalNumber(
            263,
        ),
        OrdinalNumber(
            259,
        ),
        OrdinalNumber(
            262,
        ),
        OrdinalNumber(
            921,
        ),
        OrdinalNumber(
            912,
        ),
        OrdinalNumber(
            884,
        ),
        OrdinalNumber(
            1146,
        ),
        OrdinalNumber(
            88,
        ),
        OrdinalNumber(
            493,
        ),
        OrdinalNumber(
            271,
        ),
        OrdinalNumber(
            826,
        ),
        OrdinalNumber(
            701,
        ),
        OrdinalNumber(
            1120,
        ),
        OrdinalNumber(
            1131,
        ),
        OrdinalNumber(
            1130,
        ),
        OrdinalNumber(
            1346,
        ),
        OrdinalNumber(
            1052,
        ),
        OrdinalNumber(
            2054,
        ),
        OrdinalNumber(
            1047,
        ),
        OrdinalNumber(
            1044,
        ),
        OrdinalNumber(
            1043,
        ),
        OrdinalNumber(
            2044,
        ),
        OrdinalNumber(
            988,
        ),
        OrdinalNumber(
            1010,
        ),
        OrdinalNumber(
            2027,
        ),
        OrdinalNumber(
            2016,
        ),
        OrdinalNumber(
            2037,
        ),
        OrdinalNumber(
            2021,
        ),
        OrdinalNumber(
            2053,
        ),
        OrdinalNumber(
            2046,
        ),
        OrdinalNumber(
            2008,
        ),
        OrdinalNumber(
            1051,
        ),
        OrdinalNumber(
            2025,
        ),
        OrdinalNumber(
            2029,
        ),
        OrdinalNumber(
            2012,
        ),
        OrdinalNumber(
            2026,
        ),
        OrdinalNumber(
            2033,
        ),
        OrdinalNumber(
            2048,
        ),
        OrdinalNumber(
            2043,
        ),
        OrdinalNumber(
            2052,
        ),
        OrdinalNumber(
            2047,
        ),
        OrdinalNumber(
            1036,
        ),
        OrdinalNumber(
            2005,
        ),
        OrdinalNumber(
            2032,
        ),
        OrdinalNumber(
            1403,
        ),
        OrdinalNumber(
            2031,
        ),
        OrdinalNumber(
            1068,
        ),
        OrdinalNumber(
            2041,
        ),
        OrdinalNumber(
            1410,
        ),
        OrdinalNumber(
            535,
        ),
        OrdinalNumber(
            555,
        ),
        OrdinalNumber(
            497,
        ),
        OrdinalNumber(
            556,
        ),
        OrdinalNumber(
            553,
        ),
        OrdinalNumber(
            1415,
        ),
        OrdinalNumber(
            1413,
        ),
        OrdinalNumber(
            1079,
        ),
        OrdinalNumber(
            1417,
        ),
        OrdinalNumber(
            1039,
        ),
        OrdinalNumber(
            272,
        ),
        OrdinalNumber(
            725,
        ),
        OrdinalNumber(
            529,
        ),
        OrdinalNumber(
            541,
        ),
        OrdinalNumber(
            954,
        ),
        OrdinalNumber(
            953,
        ),
        OrdinalNumber(
            528,
        ),
        OrdinalNumber(
            89,
        ),
        OrdinalNumber(
            910,
        ),
        OrdinalNumber(
            947,
        ),
        OrdinalNumber(
            90,
        ),
        OrdinalNumber(
            911,
        ),
        OrdinalNumber(
            1182,
        ),
        OrdinalNumber(
            530,
        ),
        OrdinalNumber(
            903,
        ),
        OrdinalNumber(
            653,
        ),
        OrdinalNumber(
            950,
        ),
        OrdinalNumber(
            887,
        ),
        OrdinalNumber(
            951,
        ),
        OrdinalNumber(
            1611,
        ),
        OrdinalNumber(
            1777,
        ),
        OrdinalNumber(
            1666,
        ),
        OrdinalNumber(
            916,
        ),
        OrdinalNumber(
            1115,
        ),
        OrdinalNumber(
            1100,
        ),
        OrdinalNumber(
            197,
        ),
        OrdinalNumber(
            514,
        ),
        OrdinalNumber(
            1239,
        ),
        OrdinalNumber(
            1238,
        ),
        OrdinalNumber(
            383,
        ),
        OrdinalNumber(
            285,
        ),
        OrdinalNumber(
            1229,
        ),
        OrdinalNumber(
            1768,
        ),
        OrdinalNumber(
            1160,
        ),
        OrdinalNumber(
            860,
        ),
        OrdinalNumber(
            861,
        ),
        OrdinalNumber(
            831,
        ),
        OrdinalNumber(
            284,
        ),
        OrdinalNumber(
            734,
        ),
        OrdinalNumber(
            736,
        ),
        OrdinalNumber(
            102,
        ),
        OrdinalNumber(
            249,
        ),
        OrdinalNumber(
            252,
        ),
        OrdinalNumber(
            683,
        ),
        OrdinalNumber(
            682,
        ),
        OrdinalNumber(
            254,
        ),
        OrdinalNumber(
            256,
        ),
        OrdinalNumber(
            731,
        ),
        OrdinalNumber(
            1453,
        ),
        OrdinalNumber(
            709,
        ),
        OrdinalNumber(
            878,
        ),
        OrdinalNumber(
            704,
        ),
        OrdinalNumber(
            708,
        ),
        OrdinalNumber(
            730,
        ),
        OrdinalNumber(
            866,
        ),
        OrdinalNumber(
            10,
        ),
        OrdinalNumber(
            11,
        ),
        OrdinalNumber(
            173,
        ),
        OrdinalNumber(
            1064,
        ),
        OrdinalNumber(
            171,
        ),
        OrdinalNumber(
            170,
        ),
        OrdinalNumber(
            168,
        ),
        OrdinalNumber(
            1126,
        ),
        OrdinalNumber(
            234,
        ),
        OrdinalNumber(
            516,
        ),
        OrdinalNumber(
            15,
        ),
        OrdinalNumber(
            16,
        ),
        OrdinalNumber(
            520,
        ),
        OrdinalNumber(
            1556,
        ),
        OrdinalNumber(
            1551,
        ),
        OrdinalNumber(
            2024,
        ),
        OrdinalNumber(
            1070,
        ),
        OrdinalNumber(
            2001,
        ),
        OrdinalNumber(
            2000,
        ),
        OrdinalNumber(
            2003,
        ),
        OrdinalNumber(
            65,
        ),
        OrdinalNumber(
            2018,
        ),
        OrdinalNumber(
            1065,
        ),
        OrdinalNumber(
            35,
        ),
        OrdinalNumber(
            33,
        ),
        OrdinalNumber(
            34,
        ),
        OrdinalNumber(
            66,
        ),
        OrdinalNumber(
            1645,
        ),
        OrdinalNumber(
            87,
        ),
        OrdinalNumber(
            1876,
        ),
        OrdinalNumber(
            36,
        ),
        OrdinalNumber(
            1875,
        ),
        OrdinalNumber(
            2002,
        ),
        OrdinalNumber(
            1407,
        ),
        OrdinalNumber(
            1108,
        ),
        OrdinalNumber(
            1145,
        ),
        OrdinalNumber(
            61,
        ),
        OrdinalNumber(
            63,
        ),
        OrdinalNumber(
            1201,
        ),
        OrdinalNumber(
            64,
        ),
        OrdinalNumber(
            1492,
        ),
    ]
[2026-08-29T14:50:09Z DEBUG goblin::pe::utils] Checking .text for 0x131000 ∈ 0x1000..0x118124
[2026-08-29T14:50:09Z DEBUG goblin::pe::utils] Checking .rdata for 0x131000 ∈ 0x119000..0x1303a8
[2026-08-29T14:50:09Z DEBUG goblin::pe::utils] Checking .data for 0x131000 ∈ 0x131000..0x137220
[2026-08-29T14:50:09Z DEBUG goblin::pe::utils] Found in section .data(2), remapped into offset 0x12ea00
[2026-08-29T14:50:09Z DEBUG goblin::pe::import] entry SyntheticImportDirectoryEntry {
        import_directory_entry: ImportDirectoryEntry {
            import_lookup_table_rva: 1241056,
            time_date_stamp: 0,
            forwarder_chain: 0,
            name_rva: 1241928,
            import_address_table_rva: 1249280,
        },
        name: "COREDLL.dll",
        import_lookup_table: Some(
            [
                OrdinalNumber(
                    1092,
                ),
                OrdinalNumber(
                    1619,
                ),
                OrdinalNumber(
                    286,
                ),
                OrdinalNumber(
                    702,
                ),
                OrdinalNumber(
                    719,
                ),
                OrdinalNumber(
                    1018,
                ),
                OrdinalNumber(
                    1094,
                ),
                OrdinalNumber(
                    1095,
                ),
                OrdinalNumber(
                    1575,
                ),
                OrdinalNumber(
                    1574,
                ),
                OrdinalNumber(
                    1572,
                ),
                OrdinalNumber(
                    1041,
                ),
                OrdinalNumber(
                    1102,
                ),
                OrdinalNumber(
                    1580,
                ),
                OrdinalNumber(
                    1046,
                ),
                OrdinalNumber(
                    993,
                ),
                OrdinalNumber(
                    858,
                ),
                OrdinalNumber(
                    859,
                ),
                OrdinalNumber(
                    264,
                ),
                OrdinalNumber(
                    919,
                ),
                OrdinalNumber(
                    19,
                ),
                OrdinalNumber(
                    885,
                ),
                OrdinalNumber(
                    95,
                ),
                OrdinalNumber(
                    246,
                ),
                OrdinalNumber(
                    266,
                ),
                OrdinalNumber(
                    864,
                ),
                OrdinalNumber(
                    496,
                ),
                OrdinalNumber(
                    250,
                ),
                OrdinalNumber(
                    537,
                ),
                OrdinalNumber(
                    870,
                ),
                OrdinalNumber(
                    260,
                ),
                OrdinalNumber(
                    265,
                ),
                OrdinalNumber(
                    25,
                ),
                OrdinalNumber(
                    261,
                ),
                OrdinalNumber(
                    492,
                ),
                OrdinalNumber(
                    196,
                ),
                OrdinalNumber(
                    491,
                ),
                OrdinalNumber(
                    1113,
                ),
                OrdinalNumber(
                    1121,
                ),
                OrdinalNumber(
                    1118,
                ),
                OrdinalNumber(
                    165,
                ),
                OrdinalNumber(
                    385,
                ),
                OrdinalNumber(
                    379,
                ),
                OrdinalNumber(
                    399,
                ),
                OrdinalNumber(
                    386,
                ),
                OrdinalNumber(
                    382,
                ),
                OrdinalNumber(
                    390,
                ),
                OrdinalNumber(
                    389,
                ),
                OrdinalNumber(
                    392,
                ),
                OrdinalNumber(
                    381,
                ),
                OrdinalNumber(
                    387,
                ),
                OrdinalNumber(
                    380,
                ),
                OrdinalNumber(
                    384,
                ),
                OrdinalNumber(
                    1054,
                ),
                OrdinalNumber(
                    1177,
                ),
                OrdinalNumber(
                    247,
                ),
                OrdinalNumber(
                    258,
                ),
                OrdinalNumber(
                    263,
                ),
                OrdinalNumber(
                    259,
                ),
                OrdinalNumber(
                    262,
                ),
                OrdinalNumber(
                    921,
                ),
                OrdinalNumber(
                    912,
                ),
                OrdinalNumber(
                    884,
                ),
                OrdinalNumber(
                    1146,
                ),
                OrdinalNumber(
                    88,
                ),
                OrdinalNumber(
                    493,
                ),
                OrdinalNumber(
                    271,
                ),
                OrdinalNumber(
                    826,
                ),
                OrdinalNumber(
                    701,
                ),
                OrdinalNumber(
                    1120,
                ),
                OrdinalNumber(
                    1131,
                ),
                OrdinalNumber(
                    1130,
                ),
                OrdinalNumber(
                    1346,
                ),
                OrdinalNumber(
                    1052,
                ),
                OrdinalNumber(
                    2054,
                ),
                OrdinalNumber(
                    1047,
                ),
                OrdinalNumber(
                    1044,
                ),
                OrdinalNumber(
                    1043,
                ),
                OrdinalNumber(
                    2044,
                ),
                OrdinalNumber(
                    988,
                ),
                OrdinalNumber(
                    1010,
                ),
                OrdinalNumber(
                    2027,
                ),
                OrdinalNumber(
                    2016,
                ),
                OrdinalNumber(
                    2037,
                ),
                OrdinalNumber(
                    2021,
                ),
                OrdinalNumber(
                    2053,
                ),
                OrdinalNumber(
                    2046,
                ),
                OrdinalNumber(
                    2008,
                ),
                OrdinalNumber(
                    1051,
                ),
                OrdinalNumber(
                    2025,
                ),
                OrdinalNumber(
                    2029,
                ),
                OrdinalNumber(
                    2012,
                ),
                OrdinalNumber(
                    2026,
                ),
                OrdinalNumber(
                    2033,
                ),
                OrdinalNumber(
                    2048,
                ),
                OrdinalNumber(
                    2043,
                ),
                OrdinalNumber(
                    2052,
                ),
                OrdinalNumber(
                    2047,
                ),
                OrdinalNumber(
                    1036,
                ),
                OrdinalNumber(
                    2005,
                ),
                OrdinalNumber(
                    2032,
                ),
                OrdinalNumber(
                    1403,
                ),
                OrdinalNumber(
                    2031,
                ),
                OrdinalNumber(
                    1068,
                ),
                OrdinalNumber(
                    2041,
                ),
                OrdinalNumber(
                    1410,
                ),
                OrdinalNumber(
                    535,
                ),
                OrdinalNumber(
                    555,
                ),
                OrdinalNumber(
                    497,
                ),
                OrdinalNumber(
                    556,
                ),
                OrdinalNumber(
                    553,
                ),
                OrdinalNumber(
                    1415,
                ),
                OrdinalNumber(
                    1413,
                ),
                OrdinalNumber(
                    1079,
                ),
                OrdinalNumber(
                    1417,
                ),
                OrdinalNumber(
                    1039,
                ),
                OrdinalNumber(
                    272,
                ),
                OrdinalNumber(
                    725,
                ),
                OrdinalNumber(
                    529,
                ),
                OrdinalNumber(
                    541,
                ),
                OrdinalNumber(
                    954,
                ),
                OrdinalNumber(
                    953,
                ),
                OrdinalNumber(
                    528,
                ),
                OrdinalNumber(
                    89,
                ),
                OrdinalNumber(
                    910,
                ),
                OrdinalNumber(
                    947,
                ),
                OrdinalNumber(
                    90,
                ),
                OrdinalNumber(
                    911,
                ),
                OrdinalNumber(
                    1182,
                ),
                OrdinalNumber(
                    530,
                ),
                OrdinalNumber(
                    903,
                ),
                OrdinalNumber(
                    653,
                ),
                OrdinalNumber(
                    950,
                ),
                OrdinalNumber(
                    887,
                ),
                OrdinalNumber(
                    951,
                ),
                OrdinalNumber(
                    1611,
                ),
                OrdinalNumber(
                    1777,
                ),
                OrdinalNumber(
                    1666,
                ),
                OrdinalNumber(
                    916,
                ),
                OrdinalNumber(
                    1115,
                ),
                OrdinalNumber(
                    1100,
                ),
                OrdinalNumber(
                    197,
                ),
                OrdinalNumber(
                    514,
                ),
                OrdinalNumber(
                    1239,
                ),
                OrdinalNumber(
                    1238,
                ),
                OrdinalNumber(
                    383,
                ),
                OrdinalNumber(
                    285,
                ),
                OrdinalNumber(
                    1229,
                ),
                OrdinalNumber(
                    1768,
                ),
                OrdinalNumber(
                    1160,
                ),
                OrdinalNumber(
                    860,
                ),
                OrdinalNumber(
                    861,
                ),
                OrdinalNumber(
                    831,
                ),
                OrdinalNumber(
                    284,
                ),
                OrdinalNumber(
                    734,
                ),
                OrdinalNumber(
                    736,
                ),
                OrdinalNumber(
                    102,
                ),
                OrdinalNumber(
                    249,
                ),
                OrdinalNumber(
                    252,
                ),
                OrdinalNumber(
                    683,
                ),
                OrdinalNumber(
                    682,
                ),
                OrdinalNumber(
                    254,
                ),
                OrdinalNumber(
                    256,
                ),
                OrdinalNumber(
                    731,
                ),
                OrdinalNumber(
                    1453,
                ),
                OrdinalNumber(
                    709,
                ),
                OrdinalNumber(
                    878,
                ),
                OrdinalNumber(
                    704,
                ),
                OrdinalNumber(
                    708,
                ),
                OrdinalNumber(
                    730,
                ),
                OrdinalNumber(
                    866,
                ),
                OrdinalNumber(
                    10,
                ),
                OrdinalNumber(
                    11,
                ),
                OrdinalNumber(
                    173,
                ),
                OrdinalNumber(
                    1064,
                ),
                OrdinalNumber(
                    171,
                ),
                OrdinalNumber(
                    170,
                ),
                OrdinalNumber(
                    168,
                ),
                OrdinalNumber(
                    1126,
                ),
                OrdinalNumber(
                    234,
                ),
                OrdinalNumber(
                    516,
                ),
                OrdinalNumber(
                    15,
                ),
                OrdinalNumber(
                    16,
                ),
                OrdinalNumber(
                    520,
                ),
                OrdinalNumber(
                    1556,
                ),
                OrdinalNumber(
                    1551,
                ),
                OrdinalNumber(
                    2024,
                ),
                OrdinalNumber(
                    1070,
                ),
                OrdinalNumber(
                    2001,
                ),
                OrdinalNumber(
                    2000,
                ),
                OrdinalNumber(
                    2003,
                ),
                OrdinalNumber(
                    65,
                ),
                OrdinalNumber(
                    2018,
                ),
                OrdinalNumber(
                    1065,
                ),
                OrdinalNumber(
                    35,
                ),
                OrdinalNumber(
                    33,
                ),
                OrdinalNumber(
                    34,
                ),
                OrdinalNumber(
                    66,
                ),
                OrdinalNumber(
                    1645,
                ),
                OrdinalNumber(
                    87,
                ),
                OrdinalNumber(
                    1876,
                ),
                OrdinalNumber(
                    36,
                ),
                OrdinalNumber(
                    1875,
                ),
                OrdinalNumber(
                    2002,
                ),
                OrdinalNumber(
                    1407,
                ),
                OrdinalNumber(
                    1108,
                ),
                OrdinalNumber(
                    1145,
                ),
                OrdinalNumber(
                    61,
                ),
                OrdinalNumber(
                    63,
                ),
                OrdinalNumber(
                    1201,
                ),
                OrdinalNumber(
                    64,
                ),
                OrdinalNumber(
                    1492,
                ),
            ],
        ),
        import_address_table: [
            2147484740,
            2147485267,
            2147483934,
            2147484350,
            2147484367,
            2147484666,
            2147484742,
            2147484743,
            2147485223,
            2147485222,
            2147485220,
            2147484689,
            2147484750,
            2147485228,
            2147484694,
            2147484641,
            2147484506,
            2147484507,
            2147483912,
            2147484567,
            2147483667,
            2147484533,
            2147483743,
            2147483894,
            2147483914,
            2147484512,
            2147484144,
            2147483898,
            2147484185,
            2147484518,
            2147483908,
            2147483913,
            2147483673,
            2147483909,
            2147484140,
            2147483844,
            2147484139,
            2147484761,
            2147484769,
            2147484766,
            2147483813,
            2147484033,
            2147484027,
            2147484047,
            2147484034,
            2147484030,
            2147484038,
            2147484037,
            2147484040,
            2147484029,
            2147484035,
            2147484028,
            2147484032,
            2147484702,
            2147484825,
            2147483895,
            2147483906,
            2147483911,
            2147483907,
            2147483910,
            2147484569,
            2147484560,
            2147484532,
            2147484794,
            2147483736,
            2147484141,
            2147483919,
            2147484474,
            2147484349,
            2147484768,
            2147484779,
            2147484778,
            2147484994,
            2147484700,
            2147485702,
            2147484695,
            2147484692,
            2147484691,
            2147485692,
            2147484636,
            2147484658,
            2147485675,
            2147485664,
            2147485685,
            2147485669,
            2147485701,
            2147485694,
            2147485656,
            2147484699,
            2147485673,
            2147485677,
            2147485660,
            2147485674,
            2147485681,
            2147485696,
            2147485691,
            2147485700,
            2147485695,
            2147484684,
            2147485653,
            2147485680,
            2147485051,
            2147485679,
            2147484716,
            2147485689,
            2147485058,
            2147484183,
            2147484203,
            2147484145,
            2147484204,
            2147484201,
            2147485063,
            2147485061,
            2147484727,
            2147485065,
            2147484687,
            2147483920,
            2147484373,
            2147484177,
            2147484189,
            2147484602,
            2147484601,
            2147484176,
            2147483737,
            2147484558,
            2147484595,
            2147483738,
            2147484559,
            2147484830,
            2147484178,
            2147484551,
            2147484301,
            2147484598,
            2147484535,
            2147484599,
            2147485259,
            2147485425,
            2147485314,
            2147484564,
            2147484763,
            2147484748,
            2147483845,
            2147484162,
            2147484887,
            2147484886,
            2147484031,
            2147483933,
            2147484877,
            2147485416,
            2147484808,
            2147484508,
            2147484509,
            2147484479,
            2147483932,
            2147484382,
            2147484384,
            2147483750,
            2147483897,
            2147483900,
            2147484331,
            2147484330,
            2147483902,
            2147483904,
            2147484379,
            2147485101,
            2147484357,
            2147484526,
            2147484352,
            2147484356,
            2147484378,
            2147484514,
            2147483658,
            2147483659,
            2147483821,
            2147484712,
            2147483819,
            2147483818,
            2147483816,
            2147484774,
            2147483882,
            2147484164,
            2147483663,
            2147483664,
            2147484168,
            2147485204,
            2147485199,
            2147485672,
            2147484718,
            2147485649,
            2147485648,
            2147485651,
            2147483713,
            2147485666,
            2147484713,
            2147483683,
            2147483681,
            2147483682,
            2147483714,
            2147485293,
            2147483735,
            2147485524,
            2147483684,
            2147485523,
            2147485650,
            2147485055,
            2147484756,
            2147484793,
            2147483709,
            2147483711,
            2147484849,
            2147483712,
            2147485140,
        ],
    }
[2026-08-29T14:50:09Z DEBUG goblin::pe::import] ImportDirectoryEntry {
        import_lookup_table_rva: 1241908,
        time_date_stamp: 0,
        forwarder_chain: 0,
        name_rva: 1242006,
        import_address_table_rva: 1250132,
    }
[2026-08-29T14:50:09Z DEBUG goblin::pe::utils] Checking .text for 0x12f396 ∈ 0x1000..0x118124
[2026-08-29T14:50:09Z DEBUG goblin::pe::utils] Checking .rdata for 0x12f396 ∈ 0x119000..0x1303a8
[2026-08-29T14:50:09Z DEBUG goblin::pe::utils] Found in section .rdata(1), remapped into offset 0x12d996
[2026-08-29T14:50:09Z DEBUG goblin::pe::utils] Checking .text for 0x12f334 ∈ 0x1000..0x118124
[2026-08-29T14:50:09Z DEBUG goblin::pe::utils] Checking .rdata for 0x12f334 ∈ 0x119000..0x1303a8
[2026-08-29T14:50:09Z DEBUG goblin::pe::utils] Found in section .rdata(1), remapped into offset 0x12d934
[2026-08-29T14:50:09Z DEBUG goblin::pe::import] Synthesizing lookup table imports for MMTimer.dll lib, with import lookup table rva: 0x12f334
[2026-08-29T14:50:09Z DEBUG goblin::pe::import] bitfield 0x12f384
[2026-08-29T14:50:09Z DEBUG goblin::pe::import] searching for RVA 0x12f384
[2026-08-29T14:50:09Z DEBUG goblin::pe::utils] Checking .text for 0x12f384 ∈ 0x1000..0x118124
[2026-08-29T14:50:09Z DEBUG goblin::pe::utils] Checking .rdata for 0x12f384 ∈ 0x119000..0x1303a8
[2026-08-29T14:50:09Z DEBUG goblin::pe::utils] Found in section .rdata(1), remapped into offset 0x12d984
[2026-08-29T14:50:09Z DEBUG goblin::pe::import] offset 0x12d984
[2026-08-29T14:50:09Z DEBUG goblin::pe::import] bitfield 0x12f374
[2026-08-29T14:50:09Z DEBUG goblin::pe::import] searching for RVA 0x12f374
[2026-08-29T14:50:09Z DEBUG goblin::pe::utils] Checking .text for 0x12f374 ∈ 0x1000..0x118124
[2026-08-29T14:50:09Z DEBUG goblin::pe::utils] Checking .rdata for 0x12f374 ∈ 0x119000..0x1303a8
[2026-08-29T14:50:09Z DEBUG goblin::pe::utils] Found in section .rdata(1), remapped into offset 0x12d974
[2026-08-29T14:50:09Z DEBUG goblin::pe::import] offset 0x12d974
[2026-08-29T14:50:09Z DEBUG goblin::pe::import] bitfield 0x12f364
[2026-08-29T14:50:09Z DEBUG goblin::pe::import] searching for RVA 0x12f364
[2026-08-29T14:50:09Z DEBUG goblin::pe::utils] Checking .text for 0x12f364 ∈ 0x1000..0x118124
[2026-08-29T14:50:09Z DEBUG goblin::pe::utils] Checking .rdata for 0x12f364 ∈ 0x119000..0x1303a8
[2026-08-29T14:50:09Z DEBUG goblin::pe::utils] Found in section .rdata(1), remapped into offset 0x12d964
[2026-08-29T14:50:09Z DEBUG goblin::pe::import] offset 0x12d964
[2026-08-29T14:50:09Z DEBUG goblin::pe::import] bitfield 0x12f354
[2026-08-29T14:50:09Z DEBUG goblin::pe::import] searching for RVA 0x12f354
[2026-08-29T14:50:09Z DEBUG goblin::pe::utils] Checking .text for 0x12f354 ∈ 0x1000..0x118124
[2026-08-29T14:50:09Z DEBUG goblin::pe::utils] Checking .rdata for 0x12f354 ∈ 0x119000..0x1303a8
[2026-08-29T14:50:09Z DEBUG goblin::pe::utils] Found in section .rdata(1), remapped into offset 0x12d954
[2026-08-29T14:50:09Z DEBUG goblin::pe::import] offset 0x12d954
[2026-08-29T14:50:09Z DEBUG goblin::pe::import] imports done
[2026-08-29T14:50:09Z DEBUG goblin::pe::import] Successfully synthesized import lookup table entry from lookup table: [
        HintNameTableRVA(
            (
                1241988,
                HintNameTableEntry {
                    hint: 0,
                    name: "timeBeginPeriod",
                },
            ),
        ),
        HintNameTableRVA(
            (
                1241972,
                HintNameTableEntry {
                    hint: 6,
                    name: "timeKillEvent",
                },
            ),
        ),
        HintNameTableRVA(
            (
                1241956,
                HintNameTableEntry {
                    hint: 1,
                    name: "timeEndPeriod",
                },
            ),
        ),
        HintNameTableRVA(
            (
                1241940,
                HintNameTableEntry {
                    hint: 7,
                    name: "timeSetEvent",
                },
            ),
        ),
    ]
[2026-08-29T14:50:09Z DEBUG goblin::pe::utils] Checking .text for 0x131354 ∈ 0x1000..0x118124
[2026-08-29T14:50:09Z DEBUG goblin::pe::utils] Checking .rdata for 0x131354 ∈ 0x119000..0x1303a8
[2026-08-29T14:50:09Z DEBUG goblin::pe::utils] Checking .data for 0x131354 ∈ 0x131000..0x137220
[2026-08-29T14:50:09Z DEBUG goblin::pe::utils] Found in section .data(2), remapped into offset 0x12ed54
[2026-08-29T14:50:09Z DEBUG goblin::pe::import] entry SyntheticImportDirectoryEntry {
        import_directory_entry: ImportDirectoryEntry {
            import_lookup_table_rva: 1241908,
            time_date_stamp: 0,
            forwarder_chain: 0,
            name_rva: 1242006,
            import_address_table_rva: 1250132,
        },
        name: "MMTimer.dll",
        import_lookup_table: Some(
            [
                HintNameTableRVA(
                    (
                        1241988,
                        HintNameTableEntry {
                            hint: 0,
                            name: "timeBeginPeriod",
                        },
                    ),
                ),
                HintNameTableRVA(
                    (
                        1241972,
                        HintNameTableEntry {
                            hint: 6,
                            name: "timeKillEvent",
                        },
                    ),
                ),
                HintNameTableRVA(
                    (
                        1241956,
                        HintNameTableEntry {
                            hint: 1,
                            name: "timeEndPeriod",
                        },
                    ),
                ),
                HintNameTableRVA(
                    (
                        1241940,
                        HintNameTableEntry {
                            hint: 7,
                            name: "timeSetEvent",
                        },
                    ),
                ),
            ],
        ),
        import_address_table: [
            1241988,
            1241972,
            1241956,
            1241940,
        ],
    }
[2026-08-29T14:50:09Z DEBUG goblin::pe::import] ImportDirectoryEntry {
        import_lookup_table_rva: 0,
        time_date_stamp: 0,
        forwarder_chain: 0,
        name_rva: 0,
        import_address_table_rva: 0,
    }
[2026-08-29T14:50:09Z DEBUG goblin::pe::import] finished ImportData
[2026-08-29T14:50:09Z DEBUG goblin::pe] import data ImportData {
        import_data: [
            SyntheticImportDirectoryEntry {
                import_directory_entry: ImportDirectoryEntry {
                    import_lookup_table_rva: 1241056,
                    time_date_stamp: 0,
                    forwarder_chain: 0,
                    name_rva: 1241928,
                    import_address_table_rva: 1249280,
                },
                name: "COREDLL.dll",
                import_lookup_table: Some(
                    [
                        OrdinalNumber(
                            1092,
                        ),
                        OrdinalNumber(
                            1619,
                        ),
                        OrdinalNumber(
                            286,
                        ),
                        OrdinalNumber(
                            702,
                        ),
                        OrdinalNumber(
                            719,
                        ),
                        OrdinalNumber(
                            1018,
                        ),
                        OrdinalNumber(
                            1094,
                        ),
                        OrdinalNumber(
                            1095,
                        ),
                        OrdinalNumber(
                            1575,
                        ),
                        OrdinalNumber(
                            1574,
                        ),
                        OrdinalNumber(
                            1572,
                        ),
                        OrdinalNumber(
                            1041,
                        ),
                        OrdinalNumber(
                            1102,
                        ),
                        OrdinalNumber(
                            1580,
                        ),
                        OrdinalNumber(
                            1046,
                        ),
                        OrdinalNumber(
                            993,
                        ),
                        OrdinalNumber(
                            858,
                        ),
                        OrdinalNumber(
                            859,
                        ),
                        OrdinalNumber(
                            264,
                        ),
                        OrdinalNumber(
                            919,
                        ),
                        OrdinalNumber(
                            19,
                        ),
                        OrdinalNumber(
                            885,
                        ),
                        OrdinalNumber(
                            95,
                        ),
                        OrdinalNumber(
                            246,
                        ),
                        OrdinalNumber(
                            266,
                        ),
                        OrdinalNumber(
                            864,
                        ),
                        OrdinalNumber(
                            496,
                        ),
                        OrdinalNumber(
                            250,
                        ),
                        OrdinalNumber(
                            537,
                        ),
                        OrdinalNumber(
                            870,
                        ),
                        OrdinalNumber(
                            260,
                        ),
                        OrdinalNumber(
                            265,
                        ),
                        OrdinalNumber(
                            25,
                        ),
                        OrdinalNumber(
                            261,
                        ),
                        OrdinalNumber(
                            492,
                        ),
                        OrdinalNumber(
                            196,
                        ),
                        OrdinalNumber(
                            491,
                        ),
                        OrdinalNumber(
                            1113,
                        ),
                        OrdinalNumber(
                            1121,
                        ),
                        OrdinalNumber(
                            1118,
                        ),
                        OrdinalNumber(
                            165,
                        ),
                        OrdinalNumber(
                            385,
                        ),
                        OrdinalNumber(
                            379,
                        ),
                        OrdinalNumber(
                            399,
                        ),
                        OrdinalNumber(
                            386,
                        ),
                        OrdinalNumber(
                            382,
                        ),
                        OrdinalNumber(
                            390,
                        ),
                        OrdinalNumber(
                            389,
                        ),
                        OrdinalNumber(
                            392,
                        ),
                        OrdinalNumber(
                            381,
                        ),
                        OrdinalNumber(
                            387,
                        ),
                        OrdinalNumber(
                            380,
                        ),
                        OrdinalNumber(
                            384,
                        ),
                        OrdinalNumber(
                            1054,
                        ),
                        OrdinalNumber(
                            1177,
                        ),
                        OrdinalNumber(
                            247,
                        ),
                        OrdinalNumber(
                            258,
                        ),
                        OrdinalNumber(
                            263,
                        ),
                        OrdinalNumber(
                            259,
                        ),
                        OrdinalNumber(
                            262,
                        ),
                        OrdinalNumber(
                            921,
                        ),
                        OrdinalNumber(
                            912,
                        ),
                        OrdinalNumber(
                            884,
                        ),
                        OrdinalNumber(
                            1146,
                        ),
                        OrdinalNumber(
                            88,
                        ),
                        OrdinalNumber(
                            493,
                        ),
                        OrdinalNumber(
                            271,
                        ),
                        OrdinalNumber(
                            826,
                        ),
                        OrdinalNumber(
                            701,
                        ),
                        OrdinalNumber(
                            1120,
                        ),
                        OrdinalNumber(
                            1131,
                        ),
                        OrdinalNumber(
                            1130,
                        ),
                        OrdinalNumber(
                            1346,
                        ),
                        OrdinalNumber(
                            1052,
                        ),
                        OrdinalNumber(
                            2054,
                        ),
                        OrdinalNumber(
                            1047,
                        ),
                        OrdinalNumber(
                            1044,
                        ),
                        OrdinalNumber(
                            1043,
                        ),
                        OrdinalNumber(
                            2044,
                        ),
                        OrdinalNumber(
                            988,
                        ),
                        OrdinalNumber(
                            1010,
                        ),
                        OrdinalNumber(
                            2027,
                        ),
                        OrdinalNumber(
                            2016,
                        ),
                        OrdinalNumber(
                            2037,
                        ),
                        OrdinalNumber(
                            2021,
                        ),
                        OrdinalNumber(
                            2053,
                        ),
                        OrdinalNumber(
                            2046,
                        ),
                        OrdinalNumber(
                            2008,
                        ),
                        OrdinalNumber(
                            1051,
                        ),
                        OrdinalNumber(
                            2025,
                        ),
                        OrdinalNumber(
                            2029,
                        ),
                        OrdinalNumber(
                            2012,
                        ),
                        OrdinalNumber(
                            2026,
                        ),
                        OrdinalNumber(
                            2033,
                        ),
                        OrdinalNumber(
                            2048,
                        ),
                        OrdinalNumber(
                            2043,
                        ),
                        OrdinalNumber(
                            2052,
                        ),
                        OrdinalNumber(
                            2047,
                        ),
                        OrdinalNumber(
                            1036,
                        ),
                        OrdinalNumber(
                            2005,
                        ),
                        OrdinalNumber(
                            2032,
                        ),
                        OrdinalNumber(
                            1403,
                        ),
                        OrdinalNumber(
                            2031,
                        ),
                        OrdinalNumber(
                            1068,
                        ),
                        OrdinalNumber(
                            2041,
                        ),
                        OrdinalNumber(
                            1410,
                        ),
                        OrdinalNumber(
                            535,
                        ),
                        OrdinalNumber(
                            555,
                        ),
                        OrdinalNumber(
                            497,
                        ),
                        OrdinalNumber(
                            556,
                        ),
                        OrdinalNumber(
                            553,
                        ),
                        OrdinalNumber(
                            1415,
                        ),
                        OrdinalNumber(
                            1413,
                        ),
                        OrdinalNumber(
                            1079,
                        ),
                        OrdinalNumber(
                            1417,
                        ),
                        OrdinalNumber(
                            1039,
                        ),
                        OrdinalNumber(
                            272,
                        ),
                        OrdinalNumber(
                            725,
                        ),
                        OrdinalNumber(
                            529,
                        ),
                        OrdinalNumber(
                            541,
                        ),
                        OrdinalNumber(
                            954,
                        ),
                        OrdinalNumber(
                            953,
                        ),
                        OrdinalNumber(
                            528,
                        ),
                        OrdinalNumber(
                            89,
                        ),
                        OrdinalNumber(
                            910,
                        ),
                        OrdinalNumber(
                            947,
                        ),
                        OrdinalNumber(
                            90,
                        ),
                        OrdinalNumber(
                            911,
                        ),
                        OrdinalNumber(
                            1182,
                        ),
                        OrdinalNumber(
                            530,
                        ),
                        OrdinalNumber(
                            903,
                        ),
                        OrdinalNumber(
                            653,
                        ),
                        OrdinalNumber(
                            950,
                        ),
                        OrdinalNumber(
                            887,
                        ),
                        OrdinalNumber(
                            951,
                        ),
                        OrdinalNumber(
                            1611,
                        ),
                        OrdinalNumber(
                            1777,
                        ),
                        OrdinalNumber(
                            1666,
                        ),
                        OrdinalNumber(
                            916,
                        ),
                        OrdinalNumber(
                            1115,
                        ),
                        OrdinalNumber(
                            1100,
                        ),
                        OrdinalNumber(
                            197,
                        ),
                        OrdinalNumber(
                            514,
                        ),
                        OrdinalNumber(
                            1239,
                        ),
                        OrdinalNumber(
                            1238,
                        ),
                        OrdinalNumber(
                            383,
                        ),
                        OrdinalNumber(
                            285,
                        ),
                        OrdinalNumber(
                            1229,
                        ),
                        OrdinalNumber(
                            1768,
                        ),
                        OrdinalNumber(
                            1160,
                        ),
                        OrdinalNumber(
                            860,
                        ),
                        OrdinalNumber(
                            861,
                        ),
                        OrdinalNumber(
                            831,
                        ),
                        OrdinalNumber(
                            284,
                        ),
                        OrdinalNumber(
                            734,
                        ),
                        OrdinalNumber(
                            736,
                        ),
                        OrdinalNumber(
                            102,
                        ),
                        OrdinalNumber(
                            249,
                        ),
                        OrdinalNumber(
                            252,
                        ),
                        OrdinalNumber(
                            683,
                        ),
                        OrdinalNumber(
                            682,
                        ),
                        OrdinalNumber(
                            254,
                        ),
                        OrdinalNumber(
                            256,
                        ),
                        OrdinalNumber(
                            731,
                        ),
                        OrdinalNumber(
                            1453,
                        ),
                        OrdinalNumber(
                            709,
                        ),
                        OrdinalNumber(
                            878,
                        ),
                        OrdinalNumber(
                            704,
                        ),
                        OrdinalNumber(
                            708,
                        ),
                        OrdinalNumber(
                            730,
                        ),
                        OrdinalNumber(
                            866,
                        ),
                        OrdinalNumber(
                            10,
                        ),
                        OrdinalNumber(
                            11,
                        ),
                        OrdinalNumber(
                            173,
                        ),
                        OrdinalNumber(
                            1064,
                        ),
                        OrdinalNumber(
                            171,
                        ),
                        OrdinalNumber(
                            170,
                        ),
                        OrdinalNumber(
                            168,
                        ),
                        OrdinalNumber(
                            1126,
                        ),
                        OrdinalNumber(
                            234,
                        ),
                        OrdinalNumber(
                            516,
                        ),
                        OrdinalNumber(
                            15,
                        ),
                        OrdinalNumber(
                            16,
                        ),
                        OrdinalNumber(
                            520,
                        ),
                        OrdinalNumber(
                            1556,
                        ),
                        OrdinalNumber(
                            1551,
                        ),
                        OrdinalNumber(
                            2024,
                        ),
                        OrdinalNumber(
                            1070,
                        ),
                        OrdinalNumber(
                            2001,
                        ),
                        OrdinalNumber(
                            2000,
                        ),
                        OrdinalNumber(
                            2003,
                        ),
                        OrdinalNumber(
                            65,
                        ),
                        OrdinalNumber(
                            2018,
                        ),
                        OrdinalNumber(
                            1065,
                        ),
                        OrdinalNumber(
                            35,
                        ),
                        OrdinalNumber(
                            33,
                        ),
                        OrdinalNumber(
                            34,
                        ),
                        OrdinalNumber(
                            66,
                        ),
                        OrdinalNumber(
                            1645,
                        ),
                        OrdinalNumber(
                            87,
                        ),
                        OrdinalNumber(
                            1876,
                        ),
                        OrdinalNumber(
                            36,
                        ),
                        OrdinalNumber(
                            1875,
                        ),
                        OrdinalNumber(
                            2002,
                        ),
                        OrdinalNumber(
                            1407,
                        ),
                        OrdinalNumber(
                            1108,
                        ),
                        OrdinalNumber(
                            1145,
                        ),
                        OrdinalNumber(
                            61,
                        ),
                        OrdinalNumber(
                            63,
                        ),
                        OrdinalNumber(
                            1201,
                        ),
                        OrdinalNumber(
                            64,
                        ),
                        OrdinalNumber(
                            1492,
                        ),
                    ],
                ),
                import_address_table: [
                    2147484740,
                    2147485267,
                    2147483934,
                    2147484350,
                    2147484367,
                    2147484666,
                    2147484742,
                    2147484743,
                    2147485223,
                    2147485222,
                    2147485220,
                    2147484689,
                    2147484750,
                    2147485228,
                    2147484694,
                    2147484641,
                    2147484506,
                    2147484507,
                    2147483912,
                    2147484567,
                    2147483667,
                    2147484533,
                    2147483743,
                    2147483894,
                    2147483914,
                    2147484512,
                    2147484144,
                    2147483898,
                    2147484185,
                    2147484518,
                    2147483908,
                    2147483913,
                    2147483673,
                    2147483909,
                    2147484140,
                    2147483844,
                    2147484139,
                    2147484761,
                    2147484769,
                    2147484766,
                    2147483813,
                    2147484033,
                    2147484027,
                    2147484047,
                    2147484034,
                    2147484030,
                    2147484038,
                    2147484037,
                    2147484040,
                    2147484029,
                    2147484035,
                    2147484028,
                    2147484032,
                    2147484702,
                    2147484825,
                    2147483895,
                    2147483906,
                    2147483911,
                    2147483907,
                    2147483910,
                    2147484569,
                    2147484560,
                    2147484532,
                    2147484794,
                    2147483736,
                    2147484141,
                    2147483919,
                    2147484474,
                    2147484349,
                    2147484768,
                    2147484779,
                    2147484778,
                    2147484994,
                    2147484700,
                    2147485702,
                    2147484695,
                    2147484692,
                    2147484691,
                    2147485692,
                    2147484636,
                    2147484658,
                    2147485675,
                    2147485664,
                    2147485685,
                    2147485669,
                    2147485701,
                    2147485694,
                    2147485656,
                    2147484699,
                    2147485673,
                    2147485677,
                    2147485660,
                    2147485674,
                    2147485681,
                    2147485696,
                    2147485691,
                    2147485700,
                    2147485695,
                    2147484684,
                    2147485653,
                    2147485680,
                    2147485051,
                    2147485679,
                    2147484716,
                    2147485689,
                    2147485058,
                    2147484183,
                    2147484203,
                    2147484145,
                    2147484204,
                    2147484201,
                    2147485063,
                    2147485061,
                    2147484727,
                    2147485065,
                    2147484687,
                    2147483920,
                    2147484373,
                    2147484177,
                    2147484189,
                    2147484602,
                    2147484601,
                    2147484176,
                    2147483737,
                    2147484558,
                    2147484595,
                    2147483738,
                    2147484559,
                    2147484830,
                    2147484178,
                    2147484551,
                    2147484301,
                    2147484598,
                    2147484535,
                    2147484599,
                    2147485259,
                    2147485425,
                    2147485314,
                    2147484564,
                    2147484763,
                    2147484748,
                    2147483845,
                    2147484162,
                    2147484887,
                    2147484886,
                    2147484031,
                    2147483933,
                    2147484877,
                    2147485416,
                    2147484808,
                    2147484508,
                    2147484509,
                    2147484479,
                    2147483932,
                    2147484382,
                    2147484384,
                    2147483750,
                    2147483897,
                    2147483900,
                    2147484331,
                    2147484330,
                    2147483902,
                    2147483904,
                    2147484379,
                    2147485101,
                    2147484357,
                    2147484526,
                    2147484352,
                    2147484356,
                    2147484378,
                    2147484514,
                    2147483658,
                    2147483659,
                    2147483821,
                    2147484712,
                    2147483819,
                    2147483818,
                    2147483816,
                    2147484774,
                    2147483882,
                    2147484164,
                    2147483663,
                    2147483664,
                    2147484168,
                    2147485204,
                    2147485199,
                    2147485672,
                    2147484718,
                    2147485649,
                    2147485648,
                    2147485651,
                    2147483713,
                    2147485666,
                    2147484713,
                    2147483683,
                    2147483681,
                    2147483682,
                    2147483714,
                    2147485293,
                    2147483735,
                    2147485524,
                    2147483684,
                    2147485523,
                    2147485650,
                    2147485055,
                    2147484756,
                    2147484793,
                    2147483709,
                    2147483711,
                    2147484849,
                    2147483712,
                    2147485140,
                ],
            },
            SyntheticImportDirectoryEntry {
                import_directory_entry: ImportDirectoryEntry {
                    import_lookup_table_rva: 1241908,
                    time_date_stamp: 0,
                    forwarder_chain: 0,
                    name_rva: 1242006,
                    import_address_table_rva: 1250132,
                },
                name: "MMTimer.dll",
                import_lookup_table: Some(
                    [
                        HintNameTableRVA(
                            (
                                1241988,
                                HintNameTableEntry {
                                    hint: 0,
                                    name: "timeBeginPeriod",
                                },
                            ),
                        ),
                        HintNameTableRVA(
                            (
                                1241972,
                                HintNameTableEntry {
                                    hint: 6,
                                    name: "timeKillEvent",
                                },
                            ),
                        ),
                        HintNameTableRVA(
                            (
                                1241956,
                                HintNameTableEntry {
                                    hint: 1,
                                    name: "timeEndPeriod",
                                },
                            ),
                        ),
                        HintNameTableRVA(
                            (
                                1241940,
                                HintNameTableEntry {
                                    hint: 7,
                                    name: "timeSetEvent",
                                },
                            ),
                        ),
                    ],
                ),
                import_address_table: [
                    1241988,
                    1241972,
                    1241956,
                    1241940,
                ],
            },
        ],
    }
[2026-08-29T14:50:09Z DEBUG goblin::pe::import] Getting imports from COREDLL.dll
[2026-08-29T14:50:09Z DEBUG goblin::pe::import] Getting imports from MMTimer.dll
[2026-08-29T14:50:09Z DEBUG goblin::pe] imports: [
        Import {
            name: "ORDINAL 1092",
            dll: "COREDLL.dll",
            ordinal: 1092,
            offset: 1249280,
            rva: 0,
            size: 4,
        },
        Import {
            name: "ORDINAL 1619",
            dll: "COREDLL.dll",
            ordinal: 1619,
            offset: 1249284,
            rva: 0,
            size: 4,
        },
        Import {
            name: "ORDINAL 286",
            dll: "COREDLL.dll",
            ordinal: 286,
            offset: 1249288,
            rva: 0,
            size: 4,
        },
        Import {
            name: "ORDINAL 702",
            dll: "COREDLL.dll",
            ordinal: 702,
            offset: 1249292,
            rva: 0,
            size: 4,
        },
        Import {
            name: "ORDINAL 719",
            dll: "COREDLL.dll",
            ordinal: 719,
            offset: 1249296,
            rva: 0,
            size: 4,
        },
        Import {
            name: "ORDINAL 1018",
            dll: "COREDLL.dll",
            ordinal: 1018,
            offset: 1249300,
            rva: 0,
            size: 4,
        },
        Import {
            name: "ORDINAL 1094",
            dll: "COREDLL.dll",
            ordinal: 1094,
            offset: 1249304,
            rva: 0,
            size: 4,
        },
        Import {
            name: "ORDINAL 1095",
            dll: "COREDLL.dll",
            ordinal: 1095,
            offset: 1249308,
            rva: 0,
            size: 4,
        },
        Import {
            name: "ORDINAL 1575",
            dll: "COREDLL.dll",
            ordinal: 1575,
            offset: 1249312,
            rva: 0,
            size: 4,
        },
        Import {
            name: "ORDINAL 1574",
            dll: "COREDLL.dll",
            ordinal: 1574,
            offset: 1249316,
            rva: 0,
            size: 4,
        },
        Import {
            name: "ORDINAL 1572",
            dll: "COREDLL.dll",
            ordinal: 1572,
            offset: 1249320,
            rva: 0,
            size: 4,
        },
        Import {
            name: "ORDINAL 1041",
            dll: "COREDLL.dll",
            ordinal: 1041,
            offset: 1249324,
            rva: 0,
            size: 4,
        },
        Import {
            name: "ORDINAL 1102",
            dll: "COREDLL.dll",
            ordinal: 1102,
            offset: 1249328,
            rva: 0,
            size: 4,
        },
        Import {
            name: "ORDINAL 1580",
            dll: "COREDLL.dll",
            ordinal: 1580,
            offset: 1249332,
            rva: 0,
            size: 4,
        },
        Import {
            name: "ORDINAL 1046",
            dll: "COREDLL.dll",
            ordinal: 1046,
            offset: 1249336,
            rva: 0,
            size: 4,
        },
        Import {
            name: "ORDINAL 993",
            dll: "COREDLL.dll",
            ordinal: 993,
            offset: 1249340,
            rva: 0,
            size: 4,
        },
        Import {
            name: "ORDINAL 858",
            dll: "COREDLL.dll",
            ordinal: 858,
            offset: 1249344,
            rva: 0,
            size: 4,
        },
        Import {
            name: "ORDINAL 859",
            dll: "COREDLL.dll",
            ordinal: 859,
            offset: 1249348,
            rva: 0,
            size: 4,
        },
        Import {
            name: "ORDINAL 264",
            dll: "COREDLL.dll",
            ordinal: 264,
            offset: 1249352,
            rva: 0,
            size: 4,
        },
        Import {
            name: "ORDINAL 919",
            dll: "COREDLL.dll",
            ordinal: 919,
            offset: 1249356,
            rva: 0,
            size: 4,
        },
        Import {
            name: "ORDINAL 19",
            dll: "COREDLL.dll",
            ordinal: 19,
            offset: 1249360,
            rva: 0,
            size: 4,
        },
        Import {
            name: "ORDINAL 885",
            dll: "COREDLL.dll",
            ordinal: 885,
            offset: 1249364,
            rva: 0,
            size: 4,
        },
        Import {
            name: "ORDINAL 95",
            dll: "COREDLL.dll",
            ordinal: 95,
            offset: 1249368,
            rva: 0,
            size: 4,
        },
        Import {
            name: "ORDINAL 246",
            dll: "COREDLL.dll",
            ordinal: 246,
            offset: 1249372,
            rva: 0,
            size: 4,
        },
        Import {
            name: "ORDINAL 266",
            dll: "COREDLL.dll",
            ordinal: 266,
            offset: 1249376,
            rva: 0,
            size: 4,
        },
        Import {
            name: "ORDINAL 864",
            dll: "COREDLL.dll",
            ordinal: 864,
            offset: 1249380,
            rva: 0,
            size: 4,
        },
        Import {
            name: "ORDINAL 496",
            dll: "COREDLL.dll",
            ordinal: 496,
            offset: 1249384,
            rva: 0,
            size: 4,
        },
        Import {
            name: "ORDINAL 250",
            dll: "COREDLL.dll",
            ordinal: 250,
            offset: 1249388,
            rva: 0,
            size: 4,
        },
        Import {
            name: "ORDINAL 537",
            dll: "COREDLL.dll",
            ordinal: 537,
            offset: 1249392,
            rva: 0,
            size: 4,
        },
        Import {
            name: "ORDINAL 870",
            dll: "COREDLL.dll",
            ordinal: 870,
            offset: 1249396,
            rva: 0,
            size: 4,
        },
        Import {
            name: "ORDINAL 260",
            dll: "COREDLL.dll",
            ordinal: 260,
            offset: 1249400,
            rva: 0,
            size: 4,
        },
        Import {
            name: "ORDINAL 265",
            dll: "COREDLL.dll",
            ordinal: 265,
            offset: 1249404,
            rva: 0,
            size: 4,
        },
        Import {
            name: "ORDINAL 25",
            dll: "COREDLL.dll",
            ordinal: 25,
            offset: 1249408,
            rva: 0,
            size: 4,
        },
        Import {
            name: "ORDINAL 261",
            dll: "COREDLL.dll",
            ordinal: 261,
            offset: 1249412,
            rva: 0,
            size: 4,
        },
        Import {
            name: "ORDINAL 492",
            dll: "COREDLL.dll",
            ordinal: 492,
            offset: 1249416,
            rva: 0,
            size: 4,
        },
        Import {
            name: "ORDINAL 196",
            dll: "COREDLL.dll",
            ordinal: 196,
            offset: 1249420,
            rva: 0,
            size: 4,
        },
        Import {
            name: "ORDINAL 491",
            dll: "COREDLL.dll",
            ordinal: 491,
            offset: 1249424,
            rva: 0,
            size: 4,
        },
        Import {
            name: "ORDINAL 1113",
            dll: "COREDLL.dll",
            ordinal: 1113,
            offset: 1249428,
            rva: 0,
            size: 4,
        },
        Import {
            name: "ORDINAL 1121",
            dll: "COREDLL.dll",
            ordinal: 1121,
            offset: 1249432,
            rva: 0,
            size: 4,
        },
        Import {
            name: "ORDINAL 1118",
            dll: "COREDLL.dll",
            ordinal: 1118,
            offset: 1249436,
            rva: 0,
            size: 4,
        },
        Import {
            name: "ORDINAL 165",
            dll: "COREDLL.dll",
            ordinal: 165,
            offset: 1249440,
            rva: 0,
            size: 4,
        },
        Import {
            name: "ORDINAL 385",
            dll: "COREDLL.dll",
            ordinal: 385,
            offset: 1249444,
            rva: 0,
            size: 4,
        },
        Import {
            name: "ORDINAL 379",
            dll: "COREDLL.dll",
            ordinal: 379,
            offset: 1249448,
            rva: 0,
            size: 4,
        },
        Import {
            name: "ORDINAL 399",
            dll: "COREDLL.dll",
            ordinal: 399,
            offset: 1249452,
            rva: 0,
            size: 4,
        },
        Import {
            name: "ORDINAL 386",
            dll: "COREDLL.dll",
            ordinal: 386,
            offset: 1249456,
            rva: 0,
            size: 4,
        },
        Import {
            name: "ORDINAL 382",
            dll: "COREDLL.dll",
            ordinal: 382,
            offset: 1249460,
            rva: 0,
            size: 4,
        },
        Import {
            name: "ORDINAL 390",
            dll: "COREDLL.dll",
            ordinal: 390,
            offset: 1249464,
            rva: 0,
            size: 4,
        },
        Import {
            name: "ORDINAL 389",
            dll: "COREDLL.dll",
            ordinal: 389,
            offset: 1249468,
            rva: 0,
            size: 4,
        },
        Import {
            name: "ORDINAL 392",
            dll: "COREDLL.dll",
            ordinal: 392,
            offset: 1249472,
            rva: 0,
            size: 4,
        },
        Import {
            name: "ORDINAL 381",
            dll: "COREDLL.dll",
            ordinal: 381,
            offset: 1249476,
            rva: 0,
            size: 4,
        },
        Import {
            name: "ORDINAL 387",
            dll: "COREDLL.dll",
            ordinal: 387,
            offset: 1249480,
            rva: 0,
            size: 4,
        },
        Import {
            name: "ORDINAL 380",
            dll: "COREDLL.dll",
            ordinal: 380,
            offset: 1249484,
            rva: 0,
            size: 4,
        },
        Import {
            name: "ORDINAL 384",
            dll: "COREDLL.dll",
            ordinal: 384,
            offset: 1249488,
            rva: 0,
            size: 4,
        },
        Import {
            name: "ORDINAL 1054",
            dll: "COREDLL.dll",
            ordinal: 1054,
            offset: 1249492,
            rva: 0,
            size: 4,
        },
        Import {
            name: "ORDINAL 1177",
            dll: "COREDLL.dll",
            ordinal: 1177,
            offset: 1249496,
            rva: 0,
            size: 4,
        },
        Import {
            name: "ORDINAL 247",
            dll: "COREDLL.dll",
            ordinal: 247,
            offset: 1249500,
            rva: 0,
            size: 4,
        },
        Import {
            name: "ORDINAL 258",
            dll: "COREDLL.dll",
            ordinal: 258,
            offset: 1249504,
            rva: 0,
            size: 4,
        },
        Import {
            name: "ORDINAL 263",
            dll: "COREDLL.dll",
            ordinal: 263,
            offset: 1249508,
            rva: 0,
            size: 4,
        },
        Import {
            name: "ORDINAL 259",
            dll: "COREDLL.dll",
            ordinal: 259,
            offset: 1249512,
            rva: 0,
            size: 4,
        },
        Import {
            name: "ORDINAL 262",
            dll: "COREDLL.dll",
            ordinal: 262,
            offset: 1249516,
            rva: 0,
            size: 4,
        },
        Import {
            name: "ORDINAL 921",
            dll: "COREDLL.dll",
            ordinal: 921,
            offset: 1249520,
            rva: 0,
            size: 4,
        },
        Import {
            name: "ORDINAL 912",
            dll: "COREDLL.dll",
            ordinal: 912,
            offset: 1249524,
            rva: 0,
            size: 4,
        },
        Import {
            name: "ORDINAL 884",
            dll: "COREDLL.dll",
            ordinal: 884,
            offset: 1249528,
            rva: 0,
            size: 4,
        },
        Import {
            name: "ORDINAL 1146",
            dll: "COREDLL.dll",
            ordinal: 1146,
            offset: 1249532,
            rva: 0,
            size: 4,
        },
        Import {
            name: "ORDINAL 88",
            dll: "COREDLL.dll",
            ordinal: 88,
            offset: 1249536,
            rva: 0,
            size: 4,
        },
        Import {
            name: "ORDINAL 493",
            dll: "COREDLL.dll",
            ordinal: 493,
            offset: 1249540,
            rva: 0,
            size: 4,
        },
        Import {
            name: "ORDINAL 271",
            dll: "COREDLL.dll",
            ordinal: 271,
            offset: 1249544,
            rva: 0,
            size: 4,
        },
        Import {
            name: "ORDINAL 826",
            dll: "COREDLL.dll",
            ordinal: 826,
            offset: 1249548,
            rva: 0,
            size: 4,
        },
        Import {
            name: "ORDINAL 701",
            dll: "COREDLL.dll",
            ordinal: 701,
            offset: 1249552,
            rva: 0,
            size: 4,
        },
        Import {
            name: "ORDINAL 1120",
            dll: "COREDLL.dll",
            ordinal: 1120,
            offset: 1249556,
            rva: 0,
            size: 4,
        },
        Import {
            name: "ORDINAL 1131",
            dll: "COREDLL.dll",
            ordinal: 1131,
            offset: 1249560,
            rva: 0,
            size: 4,
        },
        Import {
            name: "ORDINAL 1130",
            dll: "COREDLL.dll",
            ordinal: 1130,
            offset: 1249564,
            rva: 0,
            size: 4,
        },
        Import {
            name: "ORDINAL 1346",
            dll: "COREDLL.dll",
            ordinal: 1346,
            offset: 1249568,
            rva: 0,
            size: 4,
        },
        Import {
            name: "ORDINAL 1052",
            dll: "COREDLL.dll",
            ordinal: 1052,
            offset: 1249572,
            rva: 0,
            size: 4,
        },
        Import {
            name: "ORDINAL 2054",
            dll: "COREDLL.dll",
            ordinal: 2054,
            offset: 1249576,
            rva: 0,
            size: 4,
        },
        Import {
            name: "ORDINAL 1047",
            dll: "COREDLL.dll",
            ordinal: 1047,
            offset: 1249580,
            rva: 0,
            size: 4,
        },
        Import {
            name: "ORDINAL 1044",
            dll: "COREDLL.dll",
            ordinal: 1044,
            offset: 1249584,
            rva: 0,
            size: 4,
        },
        Import {
            name: "ORDINAL 1043",
            dll: "COREDLL.dll",
            ordinal: 1043,
            offset: 1249588,
            rva: 0,
            size: 4,
        },
        Import {
            name: "ORDINAL 2044",
            dll: "COREDLL.dll",
            ordinal: 2044,
            offset: 1249592,
            rva: 0,
            size: 4,
        },
        Import {
            name: "ORDINAL 988",
            dll: "COREDLL.dll",
            ordinal: 988,
            offset: 1249596,
            rva: 0,
            size: 4,
        },
        Import {
            name: "ORDINAL 1010",
            dll: "COREDLL.dll",
            ordinal: 1010,
            offset: 1249600,
            rva: 0,
            size: 4,
        },
        Import {
            name: "ORDINAL 2027",
            dll: "COREDLL.dll",
            ordinal: 2027,
            offset: 1249604,
            rva: 0,
            size: 4,
        },
        Import {
            name: "ORDINAL 2016",
            dll: "COREDLL.dll",
            ordinal: 2016,
            offset: 1249608,
            rva: 0,
            size: 4,
        },
        Import {
            name: "ORDINAL 2037",
            dll: "COREDLL.dll",
            ordinal: 2037,
            offset: 1249612,
            rva: 0,
            size: 4,
        },
        Import {
            name: "ORDINAL 2021",
            dll: "COREDLL.dll",
            ordinal: 2021,
            offset: 1249616,
            rva: 0,
            size: 4,
        },
        Import {
            name: "ORDINAL 2053",
            dll: "COREDLL.dll",
            ordinal: 2053,
            offset: 1249620,
            rva: 0,
            size: 4,
        },
        Import {
            name: "ORDINAL 2046",
            dll: "COREDLL.dll",
            ordinal: 2046,
            offset: 1249624,
            rva: 0,
            size: 4,
        },
        Import {
            name: "ORDINAL 2008",
            dll: "COREDLL.dll",
            ordinal: 2008,
            offset: 1249628,
            rva: 0,
            size: 4,
        },
        Import {
            name: "ORDINAL 1051",
            dll: "COREDLL.dll",
            ordinal: 1051,
            offset: 1249632,
            rva: 0,
            size: 4,
        },
        Import {
            name: "ORDINAL 2025",
            dll: "COREDLL.dll",
            ordinal: 2025,
            offset: 1249636,
            rva: 0,
            size: 4,
        },
        Import {
            name: "ORDINAL 2029",
            dll: "COREDLL.dll",
            ordinal: 2029,
            offset: 1249640,
            rva: 0,
            size: 4,
        },
        Import {
            name: "ORDINAL 2012",
            dll: "COREDLL.dll",
            ordinal: 2012,
            offset: 1249644,
            rva: 0,
            size: 4,
        },
        Import {
            name: "ORDINAL 2026",
            dll: "COREDLL.dll",
            ordinal: 2026,
            offset: 1249648,
            rva: 0,
            size: 4,
        },
        Import {
            name: "ORDINAL 2033",
            dll: "COREDLL.dll",
            ordinal: 2033,
            offset: 1249652,
            rva: 0,
            size: 4,
        },
        Import {
            name: "ORDINAL 2048",
            dll: "COREDLL.dll",
            ordinal: 2048,
            offset: 1249656,
            rva: 0,
            size: 4,
        },
        Import {
            name: "ORDINAL 2043",
            dll: "COREDLL.dll",
            ordinal: 2043,
            offset: 1249660,
            rva: 0,
            size: 4,
        },
        Import {
            name: "ORDINAL 2052",
            dll: "COREDLL.dll",
            ordinal: 2052,
            offset: 1249664,
            rva: 0,
            size: 4,
        },
        Import {
            name: "ORDINAL 2047",
            dll: "COREDLL.dll",
            ordinal: 2047,
            offset: 1249668,
            rva: 0,
            size: 4,
        },
        Import {
            name: "ORDINAL 1036",
            dll: "COREDLL.dll",
            ordinal: 1036,
            offset: 1249672,
            rva: 0,
            size: 4,
        },
        Import {
            name: "ORDINAL 2005",
            dll: "COREDLL.dll",
            ordinal: 2005,
            offset: 1249676,
            rva: 0,
            size: 4,
        },
        Import {
            name: "ORDINAL 2032",
            dll: "COREDLL.dll",
            ordinal: 2032,
            offset: 1249680,
            rva: 0,
            size: 4,
        },
        Import {
            name: "ORDINAL 1403",
            dll: "COREDLL.dll",
            ordinal: 1403,
            offset: 1249684,
            rva: 0,
            size: 4,
        },
        Import {
            name: "ORDINAL 2031",
            dll: "COREDLL.dll",
            ordinal: 2031,
            offset: 1249688,
            rva: 0,
            size: 4,
        },
        Import {
            name: "ORDINAL 1068",
            dll: "COREDLL.dll",
            ordinal: 1068,
            offset: 1249692,
            rva: 0,
            size: 4,
        },
        Import {
            name: "ORDINAL 2041",
            dll: "COREDLL.dll",
            ordinal: 2041,
            offset: 1249696,
            rva: 0,
            size: 4,
        },
        Import {
            name: "ORDINAL 1410",
            dll: "COREDLL.dll",
            ordinal: 1410,
            offset: 1249700,
            rva: 0,
            size: 4,
        },
        Import {
            name: "ORDINAL 535",
            dll: "COREDLL.dll",
            ordinal: 535,
            offset: 1249704,
            rva: 0,
            size: 4,
        },
        Import {
            name: "ORDINAL 555",
            dll: "COREDLL.dll",
            ordinal: 555,
            offset: 1249708,
            rva: 0,
            size: 4,
        },
        Import {
            name: "ORDINAL 497",
            dll: "COREDLL.dll",
            ordinal: 497,
            offset: 1249712,
            rva: 0,
            size: 4,
        },
        Import {
            name: "ORDINAL 556",
            dll: "COREDLL.dll",
            ordinal: 556,
            offset: 1249716,
            rva: 0,
            size: 4,
        },
        Import {
            name: "ORDINAL 553",
            dll: "COREDLL.dll",
            ordinal: 553,
            offset: 1249720,
            rva: 0,
            size: 4,
        },
        Import {
            name: "ORDINAL 1415",
            dll: "COREDLL.dll",
            ordinal: 1415,
            offset: 1249724,
            rva: 0,
            size: 4,
        },
        Import {
            name: "ORDINAL 1413",
            dll: "COREDLL.dll",
            ordinal: 1413,
            offset: 1249728,
            rva: 0,
            size: 4,
        },
        Import {
            name: "ORDINAL 1079",
            dll: "COREDLL.dll",
            ordinal: 1079,
            offset: 1249732,
            rva: 0,
            size: 4,
        },
        Import {
            name: "ORDINAL 1417",
            dll: "COREDLL.dll",
            ordinal: 1417,
            offset: 1249736,
            rva: 0,
            size: 4,
        },
        Import {
            name: "ORDINAL 1039",
            dll: "COREDLL.dll",
            ordinal: 1039,
            offset: 1249740,
            rva: 0,
            size: 4,
        },
        Import {
            name: "ORDINAL 272",
            dll: "COREDLL.dll",
            ordinal: 272,
            offset: 1249744,
            rva: 0,
            size: 4,
        },
        Import {
            name: "ORDINAL 725",
            dll: "COREDLL.dll",
            ordinal: 725,
            offset: 1249748,
            rva: 0,
            size: 4,
        },
        Import {
            name: "ORDINAL 529",
            dll: "COREDLL.dll",
            ordinal: 529,
            offset: 1249752,
            rva: 0,
            size: 4,
        },
        Import {
            name: "ORDINAL 541",
            dll: "COREDLL.dll",
            ordinal: 541,
            offset: 1249756,
            rva: 0,
            size: 4,
        },
        Import {
            name: "ORDINAL 954",
            dll: "COREDLL.dll",
            ordinal: 954,
            offset: 1249760,
            rva: 0,
            size: 4,
        },
        Import {
            name: "ORDINAL 953",
            dll: "COREDLL.dll",
            ordinal: 953,
            offset: 1249764,
            rva: 0,
            size: 4,
        },
        Import {
            name: "ORDINAL 528",
            dll: "COREDLL.dll",
            ordinal: 528,
            offset: 1249768,
            rva: 0,
            size: 4,
        },
        Import {
            name: "ORDINAL 89",
            dll: "COREDLL.dll",
            ordinal: 89,
            offset: 1249772,
            rva: 0,
            size: 4,
        },
        Import {
            name: "ORDINAL 910",
            dll: "COREDLL.dll",
            ordinal: 910,
            offset: 1249776,
            rva: 0,
            size: 4,
        },
        Import {
            name: "ORDINAL 947",
            dll: "COREDLL.dll",
            ordinal: 947,
            offset: 1249780,
            rva: 0,
            size: 4,
        },
        Import {
            name: "ORDINAL 90",
            dll: "COREDLL.dll",
            ordinal: 90,
            offset: 1249784,
            rva: 0,
            size: 4,
        },
        Import {
            name: "ORDINAL 911",
            dll: "COREDLL.dll",
            ordinal: 911,
            offset: 1249788,
            rva: 0,
            size: 4,
        },
        Import {
            name: "ORDINAL 1182",
            dll: "COREDLL.dll",
            ordinal: 1182,
            offset: 1249792,
            rva: 0,
            size: 4,
        },
        Import {
            name: "ORDINAL 530",
            dll: "COREDLL.dll",
            ordinal: 530,
            offset: 1249796,
            rva: 0,
            size: 4,
        },
        Import {
            name: "ORDINAL 903",
            dll: "COREDLL.dll",
            ordinal: 903,
            offset: 1249800,
            rva: 0,
            size: 4,
        },
        Import {
            name: "ORDINAL 653",
            dll: "COREDLL.dll",
            ordinal: 653,
            offset: 1249804,
            rva: 0,
            size: 4,
        },
        Import {
            name: "ORDINAL 950",
            dll: "COREDLL.dll",
            ordinal: 950,
            offset: 1249808,
            rva: 0,
            size: 4,
        },
        Import {
            name: "ORDINAL 887",
            dll: "COREDLL.dll",
            ordinal: 887,
            offset: 1249812,
            rva: 0,
            size: 4,
        },
        Import {
            name: "ORDINAL 951",
            dll: "COREDLL.dll",
            ordinal: 951,
            offset: 1249816,
            rva: 0,
            size: 4,
        },
        Import {
            name: "ORDINAL 1611",
            dll: "COREDLL.dll",
            ordinal: 1611,
            offset: 1249820,
            rva: 0,
            size: 4,
        },
        Import {
            name: "ORDINAL 1777",
            dll: "COREDLL.dll",
            ordinal: 1777,
            offset: 1249824,
            rva: 0,
            size: 4,
        },
        Import {
            name: "ORDINAL 1666",
            dll: "COREDLL.dll",
            ordinal: 1666,
            offset: 1249828,
            rva: 0,
            size: 4,
        },
        Import {
            name: "ORDINAL 916",
            dll: "COREDLL.dll",
            ordinal: 916,
            offset: 1249832,
            rva: 0,
            size: 4,
        },
        Import {
            name: "ORDINAL 1115",
            dll: "COREDLL.dll",
            ordinal: 1115,
            offset: 1249836,
            rva: 0,
            size: 4,
        },
        Import {
            name: "ORDINAL 1100",
            dll: "COREDLL.dll",
            ordinal: 1100,
            offset: 1249840,
            rva: 0,
            size: 4,
        },
        Import {
            name: "ORDINAL 197",
            dll: "COREDLL.dll",
            ordinal: 197,
            offset: 1249844,
            rva: 0,
            size: 4,
        },
        Import {
            name: "ORDINAL 514",
            dll: "COREDLL.dll",
            ordinal: 514,
            offset: 1249848,
            rva: 0,
            size: 4,
        },
        Import {
            name: "ORDINAL 1239",
            dll: "COREDLL.dll",
            ordinal: 1239,
            offset: 1249852,
            rva: 0,
            size: 4,
        },
        Import {
            name: "ORDINAL 1238",
            dll: "COREDLL.dll",
            ordinal: 1238,
            offset: 1249856,
            rva: 0,
            size: 4,
        },
        Import {
            name: "ORDINAL 383",
            dll: "COREDLL.dll",
            ordinal: 383,
            offset: 1249860,
            rva: 0,
            size: 4,
        },
        Import {
            name: "ORDINAL 285",
            dll: "COREDLL.dll",
            ordinal: 285,
            offset: 1249864,
            rva: 0,
            size: 4,
        },
        Import {
            name: "ORDINAL 1229",
            dll: "COREDLL.dll",
            ordinal: 1229,
            offset: 1249868,
            rva: 0,
            size: 4,
        },
        Import {
            name: "ORDINAL 1768",
            dll: "COREDLL.dll",
            ordinal: 1768,
            offset: 1249872,
            rva: 0,
            size: 4,
        },
        Import {
            name: "ORDINAL 1160",
            dll: "COREDLL.dll",
            ordinal: 1160,
            offset: 1249876,
            rva: 0,
            size: 4,
        },
        Import {
            name: "ORDINAL 860",
            dll: "COREDLL.dll",
            ordinal: 860,
            offset: 1249880,
            rva: 0,
            size: 4,
        },
        Import {
            name: "ORDINAL 861",
            dll: "COREDLL.dll",
            ordinal: 861,
            offset: 1249884,
            rva: 0,
            size: 4,
        },
        Import {
            name: "ORDINAL 831",
            dll: "COREDLL.dll",
            ordinal: 831,
            offset: 1249888,
            rva: 0,
            size: 4,
        },
        Import {
            name: "ORDINAL 284",
            dll: "COREDLL.dll",
            ordinal: 284,
            offset: 1249892,
            rva: 0,
            size: 4,
        },
        Import {
            name: "ORDINAL 734",
            dll: "COREDLL.dll",
            ordinal: 734,
            offset: 1249896,
            rva: 0,
            size: 4,
        },
        Import {
            name: "ORDINAL 736",
            dll: "COREDLL.dll",
            ordinal: 736,
            offset: 1249900,
            rva: 0,
            size: 4,
        },
        Import {
            name: "ORDINAL 102",
            dll: "COREDLL.dll",
            ordinal: 102,
            offset: 1249904,
            rva: 0,
            size: 4,
        },
        Import {
            name: "ORDINAL 249",
            dll: "COREDLL.dll",
            ordinal: 249,
            offset: 1249908,
            rva: 0,
            size: 4,
        },
        Import {
            name: "ORDINAL 252",
            dll: "COREDLL.dll",
            ordinal: 252,
            offset: 1249912,
            rva: 0,
            size: 4,
        },
        Import {
            name: "ORDINAL 683",
            dll: "COREDLL.dll",
            ordinal: 683,
            offset: 1249916,
            rva: 0,
            size: 4,
        },
        Import {
            name: "ORDINAL 682",
            dll: "COREDLL.dll",
            ordinal: 682,
            offset: 1249920,
            rva: 0,
            size: 4,
        },
        Import {
            name: "ORDINAL 254",
            dll: "COREDLL.dll",
            ordinal: 254,
            offset: 1249924,
            rva: 0,
            size: 4,
        },
        Import {
            name: "ORDINAL 256",
            dll: "COREDLL.dll",
            ordinal: 256,
            offset: 1249928,
            rva: 0,
            size: 4,
        },
        Import {
            name: "ORDINAL 731",
            dll: "COREDLL.dll",
            ordinal: 731,
            offset: 1249932,
            rva: 0,
            size: 4,
        },
        Import {
            name: "ORDINAL 1453",
            dll: "COREDLL.dll",
            ordinal: 1453,
            offset: 1249936,
            rva: 0,
            size: 4,
        },
        Import {
            name: "ORDINAL 709",
            dll: "COREDLL.dll",
            ordinal: 709,
            offset: 1249940,
            rva: 0,
            size: 4,
        },
        Import {
            name: "ORDINAL 878",
            dll: "COREDLL.dll",
            ordinal: 878,
            offset: 1249944,
            rva: 0,
            size: 4,
        },
        Import {
            name: "ORDINAL 704",
            dll: "COREDLL.dll",
            ordinal: 704,
            offset: 1249948,
            rva: 0,
            size: 4,
        },
        Import {
            name: "ORDINAL 708",
            dll: "COREDLL.dll",
            ordinal: 708,
            offset: 1249952,
            rva: 0,
            size: 4,
        },
        Import {
            name: "ORDINAL 730",
            dll: "COREDLL.dll",
            ordinal: 730,
            offset: 1249956,
            rva: 0,
            size: 4,
        },
        Import {
            name: "ORDINAL 866",
            dll: "COREDLL.dll",
            ordinal: 866,
            offset: 1249960,
            rva: 0,
            size: 4,
        },
        Import {
            name: "ORDINAL 10",
            dll: "COREDLL.dll",
            ordinal: 10,
            offset: 1249964,
            rva: 0,
            size: 4,
        },
        Import {
            name: "ORDINAL 11",
            dll: "COREDLL.dll",
            ordinal: 11,
            offset: 1249968,
            rva: 0,
            size: 4,
        },
        Import {
            name: "ORDINAL 173",
            dll: "COREDLL.dll",
            ordinal: 173,
            offset: 1249972,
            rva: 0,
            size: 4,
        },
        Import {
            name: "ORDINAL 1064",
            dll: "COREDLL.dll",
            ordinal: 1064,
            offset: 1249976,
            rva: 0,
            size: 4,
        },
        Import {
            name: "ORDINAL 171",
            dll: "COREDLL.dll",
            ordinal: 171,
            offset: 1249980,
            rva: 0,
            size: 4,
        },
        Import {
            name: "ORDINAL 170",
            dll: "COREDLL.dll",
            ordinal: 170,
            offset: 1249984,
            rva: 0,
            size: 4,
        },
        Import {
            name: "ORDINAL 168",
            dll: "COREDLL.dll",
            ordinal: 168,
            offset: 1249988,
            rva: 0,
            size: 4,
        },
        Import {
            name: "ORDINAL 1126",
            dll: "COREDLL.dll",
            ordinal: 1126,
            offset: 1249992,
            rva: 0,
            size: 4,
        },
        Import {
            name: "ORDINAL 234",
            dll: "COREDLL.dll",
            ordinal: 234,
            offset: 1249996,
            rva: 0,
            size: 4,
        },
        Import {
            name: "ORDINAL 516",
            dll: "COREDLL.dll",
            ordinal: 516,
            offset: 1250000,
            rva: 0,
            size: 4,
        },
        Import {
            name: "ORDINAL 15",
            dll: "COREDLL.dll",
            ordinal: 15,
            offset: 1250004,
            rva: 0,
            size: 4,
        },
        Import {
            name: "ORDINAL 16",
            dll: "COREDLL.dll",
            ordinal: 16,
            offset: 1250008,
            rva: 0,
            size: 4,
        },
        Import {
            name: "ORDINAL 520",
            dll: "COREDLL.dll",
            ordinal: 520,
            offset: 1250012,
            rva: 0,
            size: 4,
        },
        Import {
            name: "ORDINAL 1556",
            dll: "COREDLL.dll",
            ordinal: 1556,
            offset: 1250016,
            rva: 0,
            size: 4,
        },
        Import {
            name: "ORDINAL 1551",
            dll: "COREDLL.dll",
            ordinal: 1551,
            offset: 1250020,
            rva: 0,
            size: 4,
        },
        Import {
            name: "ORDINAL 2024",
            dll: "COREDLL.dll",
            ordinal: 2024,
            offset: 1250024,
            rva: 0,
            size: 4,
        },
        Import {
            name: "ORDINAL 1070",
            dll: "COREDLL.dll",
            ordinal: 1070,
            offset: 1250028,
            rva: 0,
            size: 4,
        },
        Import {
            name: "ORDINAL 2001",
            dll: "COREDLL.dll",
            ordinal: 2001,
            offset: 1250032,
            rva: 0,
            size: 4,
        },
        Import {
            name: "ORDINAL 2000",
            dll: "COREDLL.dll",
            ordinal: 2000,
            offset: 1250036,
            rva: 0,
            size: 4,
        },
        Import {
            name: "ORDINAL 2003",
            dll: "COREDLL.dll",
            ordinal: 2003,
            offset: 1250040,
            rva: 0,
            size: 4,
        },
        Import {
            name: "ORDINAL 65",
            dll: "COREDLL.dll",
            ordinal: 65,
            offset: 1250044,
            rva: 0,
            size: 4,
        },
        Import {
            name: "ORDINAL 2018",
            dll: "COREDLL.dll",
            ordinal: 2018,
            offset: 1250048,
            rva: 0,
            size: 4,
        },
        Import {
            name: "ORDINAL 1065",
            dll: "COREDLL.dll",
            ordinal: 1065,
            offset: 1250052,
            rva: 0,
            size: 4,
        },
        Import {
            name: "ORDINAL 35",
            dll: "COREDLL.dll",
            ordinal: 35,
            offset: 1250056,
            rva: 0,
            size: 4,
        },
        Import {
            name: "ORDINAL 33",
            dll: "COREDLL.dll",
            ordinal: 33,
            offset: 1250060,
            rva: 0,
            size: 4,
        },
        Import {
            name: "ORDINAL 34",
            dll: "COREDLL.dll",
            ordinal: 34,
            offset: 1250064,
            rva: 0,
            size: 4,
        },
        Import {
            name: "ORDINAL 66",
            dll: "COREDLL.dll",
            ordinal: 66,
            offset: 1250068,
            rva: 0,
            size: 4,
        },
        Import {
            name: "ORDINAL 1645",
            dll: "COREDLL.dll",
            ordinal: 1645,
            offset: 1250072,
            rva: 0,
            size: 4,
        },
        Import {
            name: "ORDINAL 87",
            dll: "COREDLL.dll",
            ordinal: 87,
            offset: 1250076,
            rva: 0,
            size: 4,
        },
        Import {
            name: "ORDINAL 1876",
            dll: "COREDLL.dll",
            ordinal: 1876,
            offset: 1250080,
            rva: 0,
            size: 4,
        },
        Import {
            name: "ORDINAL 36",
            dll: "COREDLL.dll",
            ordinal: 36,
            offset: 1250084,
            rva: 0,
            size: 4,
        },
        Import {
            name: "ORDINAL 1875",
            dll: "COREDLL.dll",
            ordinal: 1875,
            offset: 1250088,
            rva: 0,
            size: 4,
        },
        Import {
            name: "ORDINAL 2002",
            dll: "COREDLL.dll",
            ordinal: 2002,
            offset: 1250092,
            rva: 0,
            size: 4,
        },
        Import {
            name: "ORDINAL 1407",
            dll: "COREDLL.dll",
            ordinal: 1407,
            offset: 1250096,
            rva: 0,
            size: 4,
        },
        Import {
            name: "ORDINAL 1108",
            dll: "COREDLL.dll",
            ordinal: 1108,
            offset: 1250100,
            rva: 0,
            size: 4,
        },
        Import {
            name: "ORDINAL 1145",
            dll: "COREDLL.dll",
            ordinal: 1145,
            offset: 1250104,
            rva: 0,
            size: 4,
        },
        Import {
            name: "ORDINAL 61",
            dll: "COREDLL.dll",
            ordinal: 61,
            offset: 1250108,
            rva: 0,
            size: 4,
        },
        Import {
            name: "ORDINAL 63",
            dll: "COREDLL.dll",
            ordinal: 63,
            offset: 1250112,
            rva: 0,
            size: 4,
        },
        Import {
            name: "ORDINAL 1201",
            dll: "COREDLL.dll",
            ordinal: 1201,
            offset: 1250116,
            rva: 0,
            size: 4,
        },
        Import {
            name: "ORDINAL 64",
            dll: "COREDLL.dll",
            ordinal: 64,
            offset: 1250120,
            rva: 0,
            size: 4,
        },
        Import {
            name: "ORDINAL 1492",
            dll: "COREDLL.dll",
            ordinal: 1492,
            offset: 1250124,
            rva: 0,
            size: 4,
        },
        Import {
            name: "timeBeginPeriod",
            dll: "MMTimer.dll",
            ordinal: 0,
            offset: 1250132,
            rva: 1241988,
            size: 4,
        },
        Import {
            name: "timeKillEvent",
            dll: "MMTimer.dll",
            ordinal: 6,
            offset: 1250136,
            rva: 1241972,
            size: 4,
        },
        Import {
            name: "timeEndPeriod",
            dll: "MMTimer.dll",
            ordinal: 1,
            offset: 1250140,
            rva: 1241956,
            size: 4,
        },
        Import {
            name: "timeSetEvent",
            dll: "MMTimer.dll",
            ordinal: 7,
            offset: 1250144,
            rva: 1241940,
            size: 4,
        },
    ]
[2026-08-29T14:50:09Z DEBUG goblin::pe] Header {
        dos_header: DosHeader {
            signature: 23117,
            bytes_on_last_page: 144,
            pages_in_file: 3,
            relocations: 0,
            size_of_header_in_paragraphs: 4,
            minimum_extra_paragraphs_needed: 0,
            maximum_extra_paragraphs_needed: 65535,
            initial_relative_ss: 0,
            initial_sp: 184,
            checksum: 0,
            initial_ip: 0,
            initial_relative_cs: 0,
            file_address_of_relocation_table: 64,
            overlay_number: 0,
            reserved: [
                0,
                0,
                0,
                0,
            ],
            oem_id: 0,
            oem_info: 0,
            reserved2: [
                0,
                0,
                0,
                0,
                0,
                0,
                0,
                0,
                0,
                0,
            ],
            pe_pointer: 256,
        },
        dos_stub: DosStub(
            [
                14,
                31,
                186,
                14,
                0,
                180,
                9,
                205,
                33,
                184,
                1,
                76,
                205,
                33,
                84,
                104,
                105,
                115,
                32,
                112,
                114,
                111,
                103,
                114,
                97,
                109,
                32,
                99,
                97,
                110,
                110,
                111,
                116,
                32,
                98,
                101,
                32,
                114,
                117,
                110,
                32,
                105,
                110,
                32,
                68,
                79,
                83,
                32,
                109,
                111,
                100,
                101,
                46,
                13,
                13,
                10,
                36,
                0,
                0,
                0,
                0,
                0,
                0,
                0,
            ],
        ),
        signature: 17744,
        coff_header: CoffHeader {
            machine: 450,
            number_of_sections: 5,
            time_date_stamp: 1244759828,
            pointer_to_symbol_table: 0,
            number_of_symbol_table: 0,
            size_of_optional_header: 224,
            characteristics: 259,
        },
        optional_header: Some(
            OptionalHeader {
                standard_fields: StandardFields {
                    magic: 267,
                    major_linker_version: 9,
                    minor_linker_version: 0,
                    size_of_code: 1143296,
                    size_of_initialized_data: 139264,
                    size_of_uninitialized_data: 0,
                    address_of_entry_point: 1119700,
                    base_of_code: 4096,
                    base_of_data: 1150976,
                },
                windows_fields: WindowsFields64 {
                    image_base: 65536,
                    section_alignment: 4096,
                    file_alignment: 512,
                    major_operating_system_version: 5,
                    minor_operating_system_version: 0,
                    major_image_version: 0,
                    minor_image_version: 0,
                    major_subsystem_version: 5,
                    minor_subsystem_version: 0,
                    win32_version_value: 0,
                    size_of_image: 1298432,
                    size_of_headers: 1024,
                    check_sum: 0,
                    subsystem: 9,
                    dll_characteristics: 0,
                    size_of_stack_reserve: 1048576,
                    size_of_stack_commit: 4096,
                    size_of_heap_reserve: 1048576,
                    size_of_heap_commit: 4096,
                    loader_flags: 0,
                    number_of_rva_and_sizes: 16,
                },
                data_directories: DataDirectories {
                    data_directories: [
                        Some(
                            (
                                104,
                                DataDirectory {
                                    virtual_address: 1242032,
                                    size: 4088,
                                },
                            ),
                        ),
                        Some(
                            (
                                112,
                                DataDirectory {
                                    virtual_address: 1240996,
                                    size: 60,
                                },
                            ),
                        ),
                        Some(
                            (
                                120,
                                DataDirectory {
                                    virtual_address: 1294336,
                                    size: 2400,
                                },
                            ),
                        ),
                        Some(
                            (
                                128,
                                DataDirectory {
                                    virtual_address: 1277952,
                                    size: 15568,
                                },
                            ),
                        ),
                        None,
                        None,
                        None,
                        None,
                        None,
                        None,
                        None,
                        None,
                        Some(
                            (
                                200,
                                DataDirectory {
                                    virtual_address: 1249280,
                                    size: 872,
                                },
                            ),
                        ),
                        None,
                        None,
                        None,
                    ],
                },
            },
        ),
    }
[2026-08-29T14:50:09Z DEBUG goblin::pe::header] (0) SectionTable {
        name: [
            46,
            116,
            101,
            120,
            116,
            0,
            0,
            0,
        ],
        real_name: None,
        virtual_size: 1143076,
        virtual_address: 4096,
        size_of_raw_data: 1143296,
        pointer_to_raw_data: 1024,
        pointer_to_relocations: 0,
        pointer_to_linenumbers: 0,
        number_of_relocations: 0,
        number_of_linenumbers: 0,
        characteristics: 1610612768,
    }
[2026-08-29T14:50:09Z DEBUG goblin::pe::header] (1) SectionTable {
        name: [
            46,
            114,
            100,
            97,
            116,
            97,
            0,
            0,
        ],
        real_name: None,
        virtual_size: 95144,
        virtual_address: 1150976,
        size_of_raw_data: 95232,
        pointer_to_raw_data: 1144320,
        pointer_to_relocations: 0,
        pointer_to_linenumbers: 0,
        number_of_relocations: 0,
        number_of_linenumbers: 0,
        characteristics: 1073741888,
    }
[2026-08-29T14:50:09Z DEBUG goblin::pe::header] (2) SectionTable {
        name: [
            46,
            100,
            97,
            116,
            97,
            0,
            0,
            0,
        ],
        real_name: None,
        virtual_size: 25120,
        virtual_address: 1249280,
        size_of_raw_data: 13312,
        pointer_to_raw_data: 1239552,
        pointer_to_relocations: 0,
        pointer_to_linenumbers: 0,
        number_of_relocations: 0,
        number_of_linenumbers: 0,
        characteristics: 3221225536,
    }
[2026-08-29T14:50:09Z DEBUG goblin::pe::header] (3) SectionTable {
        name: [
            46,
            112,
            100,
            97,
            116,
            97,
            0,
            0,
        ],
        real_name: None,
        virtual_size: 15568,
        virtual_address: 1277952,
        size_of_raw_data: 15872,
        pointer_to_raw_data: 1252864,
        pointer_to_relocations: 0,
        pointer_to_linenumbers: 0,
        number_of_relocations: 0,
        number_of_linenumbers: 0,
        characteristics: 1073741888,
    }
[2026-08-29T14:50:09Z DEBUG goblin::pe::header] (4) SectionTable {
        name: [
            46,
            114,
            115,
            114,
            99,
            0,
            0,
            0,
        ],
        real_name: None,
        virtual_size: 2400,
        virtual_address: 1294336,
        size_of_raw_data: 2560,
        pointer_to_raw_data: 1268736,
        pointer_to_relocations: 0,
        pointer_to_linenumbers: 0,
        number_of_relocations: 0,
        number_of_linenumbers: 0,
        characteristics: 1073741888,
    }
[2026-08-29T14:50:09Z DEBUG goblin::pe] entry 0x1115d4 image_base 0x10000 is_64: false
[2026-08-29T14:50:09Z DEBUG goblin::pe::export] export_rva 0x12f3b0 size 4088
[2026-08-29T14:50:09Z DEBUG goblin::pe::utils] Checking .text for 0x12f3b0 ∈ 0x1000..0x118124
[2026-08-29T14:50:09Z DEBUG goblin::pe::utils] Checking .rdata for 0x12f3b0 ∈ 0x119000..0x1303a8
[2026-08-29T14:50:09Z DEBUG goblin::pe::utils] Found in section .rdata(1), remapped into offset 0x12d9b0
[2026-08-29T14:50:09Z DEBUG goblin::pe::utils] Checking .text for 0x12f658 ∈ 0x1000..0x118124
[2026-08-29T14:50:09Z DEBUG goblin::pe::utils] Checking .rdata for 0x12f658 ∈ 0x119000..0x1303a8
[2026-08-29T14:50:09Z DEBUG goblin::pe::utils] Found in section .rdata(1), remapped into offset 0x12dc58
[2026-08-29T14:50:09Z DEBUG goblin::pe::utils] Checking .text for 0x12f8d8 ∈ 0x1000..0x118124
[2026-08-29T14:50:09Z DEBUG goblin::pe::utils] Checking .rdata for 0x12f8d8 ∈ 0x119000..0x1303a8
[2026-08-29T14:50:09Z DEBUG goblin::pe::utils] Found in section .rdata(1), remapped into offset 0x12ded8
[2026-08-29T14:50:09Z DEBUG goblin::pe::utils] Checking .text for 0x12f3d8 ∈ 0x1000..0x118124
[2026-08-29T14:50:09Z DEBUG goblin::pe::utils] Checking .rdata for 0x12f3d8 ∈ 0x119000..0x1303a8
[2026-08-29T14:50:09Z DEBUG goblin::pe::utils] Found in section .rdata(1), remapped into offset 0x12d9d8
[2026-08-29T14:50:09Z DEBUG goblin::pe::utils] Checking .text for 0x12fa18 ∈ 0x1000..0x118124
[2026-08-29T14:50:09Z DEBUG goblin::pe::utils] Checking .rdata for 0x12fa18 ∈ 0x119000..0x1303a8
[2026-08-29T14:50:09Z DEBUG goblin::pe::utils] Found in section .rdata(1), remapped into offset 0x12e018
[2026-08-29T14:50:09Z DEBUG goblin::pe] export data ExportData {
        name: Some(
            "Bubble Bash 2.exe",
        ),
        export_directory_table: ExportDirectoryTable {
            export_flags: 0,
            time_date_stamp: 1244759786,
            major_version: 0,
            minor_version: 0,
            name_rva: 1243672,
            ordinal_base: 1,
            address_table_entries: 160,
            number_of_name_pointers: 160,
            export_address_table_rva: 1242072,
            name_pointer_rva: 1242712,
            ordinal_table_rva: 1243352,
        },
        export_name_pointer_table: [
            1243690,
            1243703,
            1243715,
            1243735,
            1243749,
            1243763,
            1243781,
            1243796,
            1243811,
            1243828,
            1243847,
            1243864,
            1243880,
            1243901,
            1243926,
            1243946,
            1243963,
            1243973,
            1243990,
            1244011,
            1244029,
            1244052,
            1244072,
            1244090,
            1244100,
            1244115,
            1244128,
            1244137,
            1244152,
            1244163,
            1244179,
            1244199,
            1244221,
            1244240,
            1244252,
            1244272,
            1244291,
            1244305,
            1244324,
            1244340,
            1244359,
            1244375,
            1244389,
            1244402,
            1244421,
            1244436,
            1244453,
            1244469,
            1244485,
            1244503,
            1244514,
            1244526,
            1244552,
            1244568,
            1244581,
            1244598,
            1244618,
            1244632,
            1244645,
            1244661,
            1244676,
            1244687,
            1244701,
            1244714,
            1244725,
            1244737,
            1244746,
            1244764,
            1244779,
            1244798,
            1244812,
            1244829,
            1244844,
            1244858,
            1244874,
            1244888,
            1244899,
            1244911,
            1244925,
            1244940,
            1244955,
            1244969,
            1244984,
            1244998,
            1245007,
            1245025,
            1245044,
            1245057,
            1245072,
            1245086,
            1245099,
            1245112,
            1245125,
            1245138,
            1245151,
            1245164,
            1245180,
            1245196,
            1245208,
            1245223,
            1245236,
            1245248,
            1245267,
            1245280,
            1245296,
            1245312,
            1245326,
            1245340,
            1245353,
            1245372,
            1245388,
            1245408,
            1245423,
            1245436,
            1245453,
            1245468,
            1245481,
            1245498,
            1245514,
            1245532,
            1245550,
            1245565,
            1245581,
            1245595,
            1245615,
            1245629,
            1245645,
            1245659,
            1245677,
            1245694,
            1245715,
            1245733,
            1245748,
            1245772,
            1245786,
            1245801,
            1245815,
            1245827,
            1245841,
            1245855,
            1245869,
            1245883,
            1245897,
            1245911,
            1245922,
            1245932,
            1245948,
            1245963,
            1245980,
            1245990,
            1246001,
            1246012,
            1246023,
            1246034,
            1246047,
            1246058,
            1246070,
            1246082,
            1246095,
            1246106,
        ],
        export_ordinal_table: [
            0,
            1,
            2,
            3,
            4,
            5,
            6,
            7,
            8,
            9,
            10,
            11,
            12,
            13,
            14,
            15,
            16,
            17,
            18,
            19,
            20,
            21,
            22,
            23,
            24,
            25,
            26,
            27,
            28,
            29,
            30,
            31,
            32,
            33,
            34,
            35,
            36,
            37,
            38,
            39,
            40,
            41,
            42,
            43,
            44,
            45,
            46,
            47,
            48,
            49,
            50,
            51,
            52,
            53,
            54,
            55,
            56,
            57,
            58,
            59,
            60,
            61,
            62,
            63,
            64,
            65,
            66,
            67,
            68,
            69,
            70,
            71,
            72,
            73,
            74,
            75,
            76,
            77,
            78,
            79,
            80,
            81,
            82,
            83,
            84,
            85,
            86,
            87,
            88,
            89,
            90,
            91,
            92,
            93,
            94,
            95,
            96,
            97,
            98,
            99,
            100,
            101,
            102,
            103,
            104,
            105,
            106,
            107,
            108,
            109,
            110,
            111,
            112,
            113,
            114,
            115,
            116,
            117,
            118,
            119,
            120,
            121,
            122,
            123,
            124,
            125,
            126,
            127,
            128,
            129,
            130,
            131,
            132,
            133,
            134,
            135,
            136,
            137,
            138,
            139,
            140,
            141,
            142,
            143,
            144,
            145,
            146,
            147,
            148,
            149,
            150,
            151,
            152,
            153,
            154,
            155,
            156,
            157,
            158,
            159,
        ],
        export_address_table: [
            ExportRVA(
                811224,
            ),
            ExportRVA(
                895300,
            ),
            ExportRVA(
                814772,
            ),
            ExportRVA(
                814428,
            ),
            ExportRVA(
                816396,
            ),
            ExportRVA(
                878488,
            ),
            ExportRVA(
                813136,
            ),
            ExportRVA(
                816352,
            ),
            ExportRVA(
                878396,
            ),
            ExportRVA(
                808380,
            ),
            ExportRVA(
                825792,
            ),
            ExportRVA(
                831316,
            ),
            ExportRVA(
                804392,
            ),
            ExportRVA(
                805032,
            ),
            ExportRVA(
                892080,
            ),
            ExportRVA(
                852596,
            ),
            ExportRVA(
                809888,
            ),
            ExportRVA(
                831412,
            ),
            ExportRVA(
                831412,
            ),
            ExportRVA(
                795500,
            ),
            ExportRVA(
                795632,
            ),
            ExportRVA(
                825316,
            ),
            ExportRVA(
                824180,
            ),
            ExportRVA(
                813156,
            ),
            ExportRVA(
                803792,
            ),
            ExportRVA(
                807040,
            ),
            ExportRVA(
                796652,
            ),
            ExportRVA(
                826768,
            ),
            ExportRVA(
                895360,
            ),
            ExportRVA(
                809288,
            ),
            ExportRVA(
                798808,
            ),
            ExportRVA(
                798492,
            ),
            ExportRVA(
                798400,
            ),
            ExportRVA(
                4096,
            ),
            ExportRVA(
                798588,
            ),
            ExportRVA(
                798888,
            ),
            ExportRVA(
                4096,
            ),
            ExportRVA(
                4096,
            ),
            ExportRVA(
                853056,
            ),
            ExportRVA(
                816188,
            ),
            ExportRVA(
                806144,
            ),
            ExportRVA(
                826752,
            ),
            ExportRVA(
                813120,
            ),
            ExportRVA(
                803776,
            ),
            ExportRVA(
                824304,
            ),
            ExportRVA(
                825396,
            ),
            ExportRVA(
                824204,
            ),
            ExportRVA(
                824256,
            ),
            ExportRVA(
                831620,
            ),
            ExportRVA(
                819296,
            ),
            ExportRVA(
                818996,
            ),
            ExportRVA(
                831660,
            ),
            ExportRVA(
                852952,
            ),
            ExportRVA(
                809692,
            ),
            ExportRVA(
                792424,
            ),
            ExportRVA(
                792396,
            ),
            ExportRVA(
                800856,
            ),
            ExportRVA(
                951256,
            ),
            ExportRVA(
                951348,
            ),
            ExportRVA(
                951624,
            ),
            ExportRVA(
                951072,
            ),
            ExportRVA(
                951164,
            ),
            ExportRVA(
                950980,
            ),
            ExportRVA(
                951440,
            ),
            ExportRVA(
                951532,
            ),
            ExportRVA(
                791288,
            ),
            ExportRVA(
                791028,
            ),
            ExportRVA(
                852980,
            ),
            ExportRVA(
                791584,
            ),
            ExportRVA(
                792452,
            ),
            ExportRVA(
                932488,
            ),
            ExportRVA(
                932208,
            ),
            ExportRVA(
                816272,
            ),
            ExportRVA(
                808128,
            ),
            ExportRVA(
                806196,
            ),
            ExportRVA(
                818804,
            ),
            ExportRVA(
                818892,
            ),
            ExportRVA(
                814880,
            ),
            ExportRVA(
                816248,
            ),
            ExportRVA(
                802684,
            ),
            ExportRVA(
                803172,
            ),
            ExportRVA(
                803124,
            ),
            ExportRVA(
                803512,
            ),
            ExportRVA(
                791488,
            ),
            ExportRVA(
                791336,
            ),
            ExportRVA(
                895180,
            ),
            ExportRVA(
                894948,
            ),
            ExportRVA(
                894748,
            ),
            ExportRVA(
                895060,
            ),
            ExportRVA(
                895404,
            ),
            ExportRVA(
                895508,
            ),
            ExportRVA(
                895616,
            ),
            ExportRVA(
                895364,
            ),
            ExportRVA(
                895468,
            ),
            ExportRVA(
                895572,
            ),
            ExportRVA(
                891568,
            ),
            ExportRVA(
                811472,
            ),
            ExportRVA(
                892596,
            ),
            ExportRVA(
                892320,
            ),
            ExportRVA(
                892556,
            ),
            ExportRVA(
                892432,
            ),
            ExportRVA(
                892192,
            ),
            ExportRVA(
                805480,
            ),
            ExportRVA(
                806020,
            ),
            ExportRVA(
                805172,
            ),
            ExportRVA(
                798056,
            ),
            ExportRVA(
                826260,
            ),
            ExportRVA(
                812112,
            ),
            ExportRVA(
                803548,
            ),
            ExportRVA(
                824288,
            ),
            ExportRVA(
                891552,
            ),
            ExportRVA(
                797736,
            ),
            ExportRVA(
                811728,
            ),
            ExportRVA(
                793980,
            ),
            ExportRVA(
                826908,
            ),
            ExportRVA(
                851584,
            ),
            ExportRVA(
                932800,
            ),
            ExportRVA(
                816312,
            ),
            ExportRVA(
                808268,
            ),
            ExportRVA(
                891980,
            ),
            ExportRVA(
                795928,
            ),
            ExportRVA(
                796044,
            ),
            ExportRVA(
                806544,
            ),
            ExportRVA(
                792288,
            ),
            ExportRVA(
                791596,
            ),
            ExportRVA(
                792524,
            ),
            ExportRVA(
                798096,
            ),
            ExportRVA(
                799252,
            ),
            ExportRVA(
                800372,
            ),
            ExportRVA(
                800596,
            ),
            ExportRVA(
                798948,
            ),
            ExportRVA(
                800012,
            ),
            ExportRVA(
                800644,
            ),
            ExportRVA(
                803256,
            ),
            ExportRVA(
                852884,
            ),
            ExportRVA(
                827116,
            ),
            ExportRVA(
                791444,
            ),
            ExportRVA(
                895744,
            ),
            ExportRVA(
                895828,
            ),
            ExportRVA(
                895928,
            ),
            ExportRVA(
                895708,
            ),
            ExportRVA(
                895792,
            ),
            ExportRVA(
                895892,
            ),
            ExportRVA(
                813564,
            ),
            ExportRVA(
                929208,
            ),
            ExportRVA(
                931760,
            ),
            ExportRVA(
                928932,
            ),
            ExportRVA(
                931784,
            ),
            ExportRVA(
                834060,
            ),
            ExportRVA(
                831464,
            ),
            ExportRVA(
                831544,
            ),
            ExportRVA(
                813240,
            ),
            ExportRVA(
                833720,
            ),
            ExportRVA(
                834708,
            ),
            ExportRVA(
                833964,
            ),
            ExportRVA(
                833848,
            ),
            ExportRVA(
                833768,
            ),
            ExportRVA(
                834592,
            ),
            ExportRVA(
                834344,
            ),
            ExportRVA(
                835972,
            ),
        ],
    }
[2026-08-29T14:50:09Z DEBUG goblin::pe::utils] Checking .text for 0x12fa2a ∈ 0x1000..0x118124
[2026-08-29T14:50:09Z DEBUG goblin::pe::utils] Checking .rdata for 0x12fa2a ∈ 0x119000..0x1303a8
[2026-08-29T14:50:09Z DEBUG goblin::pe::utils] Found in section .rdata(1), remapped into offset 0x12e02a
[2026-08-29T14:50:09Z DEBUG goblin::pe::utils] Checking .text for 0xc60d8 ∈ 0x1000..0x118124
[2026-08-29T14:50:09Z DEBUG goblin::pe::utils] Found in section .text(0), remapped into offset 0xc54d8
[2026-08-29T14:50:09Z DEBUG goblin::pe::utils] Checking .text for 0x12fa37 ∈ 0x1000..0x118124
[2026-08-29T14:50:09Z DEBUG goblin::pe::utils] Checking .rdata for 0x12fa37 ∈ 0x119000..0x1303a8
[2026-08-29T14:50:09Z DEBUG goblin::pe::utils] Found in section .rdata(1), remapped into offset 0x12e037
[2026-08-29T14:50:09Z DEBUG goblin::pe::utils] Checking .text for 0xda944 ∈ 0x1000..0x118124
[2026-08-29T14:50:09Z DEBUG goblin::pe::utils] Found in section .text(0), remapped into offset 0xd9d44
[2026-08-29T14:50:09Z DEBUG goblin::pe::utils] Checking .text for 0x12fa43 ∈ 0x1000..0x118124
[2026-08-29T14:50:09Z DEBUG goblin::pe::utils] Checking .rdata for 0x12fa43 ∈ 0x119000..0x1303a8
[2026-08-29T14:50:09Z DEBUG goblin::pe::utils] Found in section .rdata(1), remapped into offset 0x12e043
[2026-08-29T14:50:09Z DEBUG goblin::pe::utils] Checking .text for 0xc6eb4 ∈ 0x1000..0x118124
[2026-08-29T14:50:09Z DEBUG goblin::pe::utils] Found in section .text(0), remapped into offset 0xc62b4
[2026-08-29T14:50:09Z DEBUG goblin::pe::utils] Checking .text for 0x12fa57 ∈ 0x1000..0x118124
[2026-08-29T14:50:09Z DEBUG goblin::pe::utils] Checking .rdata for 0x12fa57 ∈ 0x119000..0x1303a8
[2026-08-29T14:50:09Z DEBUG goblin::pe::utils] Found in section .rdata(1), remapped into offset 0x12e057
[2026-08-29T14:50:09Z DEBUG goblin::pe::utils] Checking .text for 0xc6d5c ∈ 0x1000..0x118124
[2026-08-29T14:50:09Z DEBUG goblin::pe::utils] Found in section .text(0), remapped into offset 0xc615c
[2026-08-29T14:50:09Z DEBUG goblin::pe::utils] Checking .text for 0x12fa65 ∈ 0x1000..0x118124
[2026-08-29T14:50:09Z DEBUG goblin::pe::utils] Checking .rdata for 0x12fa65 ∈ 0x119000..0x1303a8
[2026-08-29T14:50:09Z DEBUG goblin::pe::utils] Found in section .rdata(1), remapped into offset 0x12e065
[2026-08-29T14:50:09Z DEBUG goblin::pe::utils] Checking .text for 0xc750c ∈ 0x1000..0x118124
[2026-08-29T14:50:09Z DEBUG goblin::pe::utils] Found in section .text(0), remapped into offset 0xc690c
[2026-08-29T14:50:09Z DEBUG goblin::pe::utils] Checking .text for 0x12fa73 ∈ 0x1000..0x118124
[2026-08-29T14:50:09Z DEBUG goblin::pe::utils] Checking .rdata for 0x12fa73 ∈ 0x119000..0x1303a8
[2026-08-29T14:50:09Z DEBUG goblin::pe::utils] Found in section .rdata(1), remapped into offset 0x12e073
[2026-08-29T14:50:09Z DEBUG goblin::pe::utils] Checking .text for 0xd6798 ∈ 0x1000..0x118124
[2026-08-29T14:50:09Z DEBUG goblin::pe::utils] Found in section .text(0), remapped into offset 0xd5b98
[2026-08-29T14:50:09Z DEBUG goblin::pe::utils] Checking .text for 0x12fa85 ∈ 0x1000..0x118124
[2026-08-29T14:50:09Z DEBUG goblin::pe::utils] Checking .rdata for 0x12fa85 ∈ 0x119000..0x1303a8
[2026-08-29T14:50:09Z DEBUG goblin::pe::utils] Found in section .rdata(1), remapped into offset 0x12e085
[2026-08-29T14:50:09Z DEBUG goblin::pe::utils] Checking .text for 0xc6850 ∈ 0x1000..0x118124
[2026-08-29T14:50:09Z DEBUG goblin::pe::utils] Found in section .text(0), remapped into offset 0xc5c50
[2026-08-29T14:50:09Z DEBUG goblin::pe::utils] Checking .text for 0x12fa94 ∈ 0x1000..0x118124
[2026-08-29T14:50:09Z DEBUG goblin::pe::utils] Checking .rdata for 0x12fa94 ∈ 0x119000..0x1303a8
[2026-08-29T14:50:09Z DEBUG goblin::pe::utils] Found in section .rdata(1), remapped into offset 0x12e094
[2026-08-29T14:50:09Z DEBUG goblin::pe::utils] Checking .text for 0xc74e0 ∈ 0x1000..0x118124
[2026-08-29T14:50:09Z DEBUG goblin::pe::utils] Found in section .text(0), remapped into offset 0xc68e0
[2026-08-29T14:50:09Z DEBUG goblin::pe::utils] Checking .text for 0x12faa3 ∈ 0x1000..0x118124
[2026-08-29T14:50:09Z DEBUG goblin::pe::utils] Checking .rdata for 0x12faa3 ∈ 0x119000..0x1303a8
[2026-08-29T14:50:09Z DEBUG goblin::pe::utils] Found in section .rdata(1), remapped into offset 0x12e0a3
[2026-08-29T14:50:09Z DEBUG goblin::pe::utils] Checking .text for 0xd673c ∈ 0x1000..0x118124
[2026-08-29T14:50:09Z DEBUG goblin::pe::utils] Found in section .text(0), remapped into offset 0xd5b3c
[2026-08-29T14:50:09Z DEBUG goblin::pe::utils] Checking .text for 0x12fab4 ∈ 0x1000..0x118124
[2026-08-29T14:50:09Z DEBUG goblin::pe::utils] Checking .rdata for 0x12fab4 ∈ 0x119000..0x1303a8
[2026-08-29T14:50:09Z DEBUG goblin::pe::utils] Found in section .rdata(1), remapped into offset 0x12e0b4
[2026-08-29T14:50:09Z DEBUG goblin::pe::utils] Checking .text for 0xc55bc ∈ 0x1000..0x118124
[2026-08-29T14:50:09Z DEBUG goblin::pe::utils] Found in section .text(0), remapped into offset 0xc49bc
[2026-08-29T14:50:09Z DEBUG goblin::pe::utils] Checking .text for 0x12fac7 ∈ 0x1000..0x118124
[2026-08-29T14:50:09Z DEBUG goblin::pe::utils] Checking .rdata for 0x12fac7 ∈ 0x119000..0x1303a8
[2026-08-29T14:50:09Z DEBUG goblin::pe::utils] Found in section .rdata(1), remapped into offset 0x12e0c7
[2026-08-29T14:50:09Z DEBUG goblin::pe::utils] Checking .text for 0xc99c0 ∈ 0x1000..0x118124
[2026-08-29T14:50:09Z DEBUG goblin::pe::utils] Found in section .text(0), remapped into offset 0xc8dc0
[2026-08-29T14:50:09Z DEBUG goblin::pe::utils] Checking .text for 0x12fad8 ∈ 0x1000..0x118124
[2026-08-29T14:50:09Z DEBUG goblin::pe::utils] Checking .rdata for 0x12fad8 ∈ 0x119000..0x1303a8
[2026-08-29T14:50:09Z DEBUG goblin::pe::utils] Found in section .rdata(1), remapped into offset 0x12e0d8
[2026-08-29T14:50:09Z DEBUG goblin::pe::utils] Checking .text for 0xcaf54 ∈ 0x1000..0x118124
[2026-08-29T14:50:09Z DEBUG goblin::pe::utils] Found in section .text(0), remapped into offset 0xca354
[2026-08-29T14:50:09Z DEBUG goblin::pe::utils] Checking .text for 0x12fae8 ∈ 0x1000..0x118124
[2026-08-29T14:50:09Z DEBUG goblin::pe::utils] Checking .rdata for 0x12fae8 ∈ 0x119000..0x1303a8
[2026-08-29T14:50:09Z DEBUG goblin::pe::utils] Found in section .rdata(1), remapped into offset 0x12e0e8
[2026-08-29T14:50:09Z DEBUG goblin::pe::utils] Checking .text for 0xc4628 ∈ 0x1000..0x118124
[2026-08-29T14:50:09Z DEBUG goblin::pe::utils] Found in section .text(0), remapped into offset 0xc3a28
[2026-08-29T14:50:09Z DEBUG goblin::pe::utils] Checking .text for 0x12fafd ∈ 0x1000..0x118124
[2026-08-29T14:50:09Z DEBUG goblin::pe::utils] Checking .rdata for 0x12fafd ∈ 0x119000..0x1303a8
[2026-08-29T14:50:09Z DEBUG goblin::pe::utils] Found in section .rdata(1), remapped into offset 0x12e0fd
[2026-08-29T14:50:09Z DEBUG goblin::pe::utils] Checking .text for 0xc48a8 ∈ 0x1000..0x118124
[2026-08-29T14:50:09Z DEBUG goblin::pe::utils] Found in section .text(0), remapped into offset 0xc3ca8
[2026-08-29T14:50:09Z DEBUG goblin::pe::utils] Checking .text for 0x12fb16 ∈ 0x1000..0x118124
[2026-08-29T14:50:09Z DEBUG goblin::pe::utils] Checking .rdata for 0x12fb16 ∈ 0x119000..0x1303a8
[2026-08-29T14:50:09Z DEBUG goblin::pe::utils] Found in section .rdata(1), remapped into offset 0x12e116
[2026-08-29T14:50:09Z DEBUG goblin::pe::utils] Checking .text for 0xd9cb0 ∈ 0x1000..0x118124
[2026-08-29T14:50:09Z DEBUG goblin::pe::utils] Found in section .text(0), remapped into offset 0xd90b0
[2026-08-29T14:50:09Z DEBUG goblin::pe::utils] Checking .text for 0x12fb2a ∈ 0x1000..0x118124
[2026-08-29T14:50:09Z DEBUG goblin::pe::utils] Checking .rdata for 0x12fb2a ∈ 0x119000..0x1303a8
[2026-08-29T14:50:09Z DEBUG goblin::pe::utils] Found in section .rdata(1), remapped into offset 0x12e12a
[2026-08-29T14:50:09Z DEBUG goblin::pe::utils] Checking .text for 0xd0274 ∈ 0x1000..0x118124
[2026-08-29T14:50:09Z DEBUG goblin::pe::utils] Found in section .text(0), remapped into offset 0xcf674
[2026-08-29T14:50:09Z DEBUG goblin::pe::utils] Checking .text for 0x12fb3b ∈ 0x1000..0x118124
[2026-08-29T14:50:09Z DEBUG goblin::pe::utils] Checking .rdata for 0x12fb3b ∈ 0x119000..0x1303a8
[2026-08-29T14:50:09Z DEBUG goblin::pe::utils] Found in section .rdata(1), remapped into offset 0x12e13b
[2026-08-29T14:50:09Z DEBUG goblin::pe::utils] Checking .text for 0xc5ba0 ∈ 0x1000..0x118124
[2026-08-29T14:50:09Z DEBUG goblin::pe::utils] Found in section .text(0), remapped into offset 0xc4fa0
[2026-08-29T14:50:09Z DEBUG goblin::pe::utils] Checking .text for 0x12fb45 ∈ 0x1000..0x118124
[2026-08-29T14:50:09Z DEBUG goblin::pe::utils] Checking .rdata for 0x12fb45 ∈ 0x119000..0x1303a8
[2026-08-29T14:50:09Z DEBUG goblin::pe::utils] Found in section .rdata(1), remapped into offset 0x12e145
[2026-08-29T14:50:09Z DEBUG goblin::pe::utils] Checking .text for 0xcafb4 ∈ 0x1000..0x118124
[2026-08-29T14:50:09Z DEBUG goblin::pe::utils] Found in section .text(0), remapped into offset 0xca3b4
[2026-08-29T14:50:09Z DEBUG goblin::pe::utils] Checking .text for 0x12fb56 ∈ 0x1000..0x118124
[2026-08-29T14:50:09Z DEBUG goblin::pe::utils] Checking .rdata for 0x12fb56 ∈ 0x119000..0x1303a8
[2026-08-29T14:50:09Z DEBUG goblin::pe::utils] Found in section .rdata(1), remapped into offset 0x12e156
[2026-08-29T14:50:09Z DEBUG goblin::pe::utils] Checking .text for 0xcafb4 ∈ 0x1000..0x118124
[2026-08-29T14:50:09Z DEBUG goblin::pe::utils] Found in section .text(0), remapped into offset 0xca3b4
[2026-08-29T14:50:09Z DEBUG goblin::pe::utils] Checking .text for 0x12fb6b ∈ 0x1000..0x118124
[2026-08-29T14:50:09Z DEBUG goblin::pe::utils] Checking .rdata for 0x12fb6b ∈ 0x119000..0x1303a8
[2026-08-29T14:50:09Z DEBUG goblin::pe::utils] Found in section .rdata(1), remapped into offset 0x12e16b
[2026-08-29T14:50:09Z DEBUG goblin::pe::utils] Checking .text for 0xc236c ∈ 0x1000..0x118124
[2026-08-29T14:50:09Z DEBUG goblin::pe::utils] Found in section .text(0), remapped into offset 0xc176c
[2026-08-29T14:50:09Z DEBUG goblin::pe::utils] Checking .text for 0x12fb7d ∈ 0x1000..0x118124
[2026-08-29T14:50:09Z DEBUG goblin::pe::utils] Checking .rdata for 0x12fb7d ∈ 0x119000..0x1303a8
[2026-08-29T14:50:09Z DEBUG goblin::pe::utils] Found in section .rdata(1), remapped into offset 0x12e17d
[2026-08-29T14:50:09Z DEBUG goblin::pe::utils] Checking .text for 0xc23f0 ∈ 0x1000..0x118124
[2026-08-29T14:50:09Z DEBUG goblin::pe::utils] Found in section .text(0), remapped into offset 0xc17f0
[2026-08-29T14:50:09Z DEBUG goblin::pe::utils] Checking .text for 0x12fb94 ∈ 0x1000..0x118124
[2026-08-29T14:50:09Z DEBUG goblin::pe::utils] Checking .rdata for 0x12fb94 ∈ 0x119000..0x1303a8
[2026-08-29T14:50:09Z DEBUG goblin::pe::utils] Found in section .rdata(1), remapped into offset 0x12e194
[2026-08-29T14:50:09Z DEBUG goblin::pe::utils] Checking .text for 0xc97e4 ∈ 0x1000..0x118124
[2026-08-29T14:50:09Z DEBUG goblin::pe::utils] Found in section .text(0), remapped into offset 0xc8be4
[2026-08-29T14:50:09Z DEBUG goblin::pe::utils] Checking .text for 0x12fba8 ∈ 0x1000..0x118124
[2026-08-29T14:50:09Z DEBUG goblin::pe::utils] Checking .rdata for 0x12fba8 ∈ 0x119000..0x1303a8
[2026-08-29T14:50:09Z DEBUG goblin::pe::utils] Found in section .rdata(1), remapped into offset 0x12e1a8
[2026-08-29T14:50:09Z DEBUG goblin::pe::utils] Checking .text for 0xc9374 ∈ 0x1000..0x118124
[2026-08-29T14:50:09Z DEBUG goblin::pe::utils] Found in section .text(0), remapped into offset 0xc8774
[2026-08-29T14:50:09Z DEBUG goblin::pe::utils] Checking .text for 0x12fbba ∈ 0x1000..0x118124
[2026-08-29T14:50:09Z DEBUG goblin::pe::utils] Checking .rdata for 0x12fbba ∈ 0x119000..0x1303a8
[2026-08-29T14:50:09Z DEBUG goblin::pe::utils] Found in section .rdata(1), remapped into offset 0x12e1ba
[2026-08-29T14:50:09Z DEBUG goblin::pe::utils] Checking .text for 0xc6864 ∈ 0x1000..0x118124
[2026-08-29T14:50:09Z DEBUG goblin::pe::utils] Found in section .text(0), remapped into offset 0xc5c64
[2026-08-29T14:50:09Z DEBUG goblin::pe::utils] Checking .text for 0x12fbc4 ∈ 0x1000..0x118124
[2026-08-29T14:50:09Z DEBUG goblin::pe::utils] Checking .rdata for 0x12fbc4 ∈ 0x119000..0x1303a8
[2026-08-29T14:50:09Z DEBUG goblin::pe::utils] Found in section .rdata(1), remapped into offset 0x12e1c4
[2026-08-29T14:50:09Z DEBUG goblin::pe::utils] Checking .text for 0xc43d0 ∈ 0x1000..0x118124
[2026-08-29T14:50:09Z DEBUG goblin::pe::utils] Found in section .text(0), remapped into offset 0xc37d0
[2026-08-29T14:50:09Z DEBUG goblin::pe::utils] Checking .text for 0x12fbd3 ∈ 0x1000..0x118124
[2026-08-29T14:50:09Z DEBUG goblin::pe::utils] Checking .rdata for 0x12fbd3 ∈ 0x119000..0x1303a8
[2026-08-29T14:50:09Z DEBUG goblin::pe::utils] Found in section .rdata(1), remapped into offset 0x12e1d3
[2026-08-29T14:50:09Z DEBUG goblin::pe::utils] Checking .text for 0xc5080 ∈ 0x1000..0x118124
[2026-08-29T14:50:09Z DEBUG goblin::pe::utils] Found in section .text(0), remapped into offset 0xc4480
[2026-08-29T14:50:09Z DEBUG goblin::pe::utils] Checking .text for 0x12fbe0 ∈ 0x1000..0x118124
[2026-08-29T14:50:09Z DEBUG goblin::pe::utils] Checking .rdata for 0x12fbe0 ∈ 0x119000..0x1303a8
[2026-08-29T14:50:09Z DEBUG goblin::pe::utils] Found in section .rdata(1), remapped into offset 0x12e1e0
[2026-08-29T14:50:09Z DEBUG goblin::pe::utils] Checking .text for 0xc27ec ∈ 0x1000..0x118124
[2026-08-29T14:50:09Z DEBUG goblin::pe::utils] Found in section .text(0), remapped into offset 0xc1bec
[2026-08-29T14:50:09Z DEBUG goblin::pe::utils] Checking .text for 0x12fbe9 ∈ 0x1000..0x118124
[2026-08-29T14:50:09Z DEBUG goblin::pe::utils] Checking .rdata for 0x12fbe9 ∈ 0x119000..0x1303a8
[2026-08-29T14:50:09Z DEBUG goblin::pe::utils] Found in section .rdata(1), remapped into offset 0x12e1e9
[2026-08-29T14:50:09Z DEBUG goblin::pe::utils] Checking .text for 0xc9d90 ∈ 0x1000..0x118124
[2026-08-29T14:50:09Z DEBUG goblin::pe::utils] Found in section .text(0), remapped into offset 0xc9190
[2026-08-29T14:50:09Z DEBUG goblin::pe::utils] Checking .text for 0x12fbf8 ∈ 0x1000..0x118124
[2026-08-29T14:50:09Z DEBUG goblin::pe::utils] Checking .rdata for 0x12fbf8 ∈ 0x119000..0x1303a8
[2026-08-29T14:50:09Z DEBUG goblin::pe::utils] Found in section .rdata(1), remapped into offset 0x12e1f8
[2026-08-29T14:50:09Z DEBUG goblin::pe::utils] Checking .text for 0xda980 ∈ 0x1000..0x118124
[2026-08-29T14:50:09Z DEBUG goblin::pe::utils] Found in section .text(0), remapped into offset 0xd9d80
[2026-08-29T14:50:09Z DEBUG goblin::pe::utils] Checking .text for 0x12fc03 ∈ 0x1000..0x118124
[2026-08-29T14:50:09Z DEBUG goblin::pe::utils] Checking .rdata for 0x12fc03 ∈ 0x119000..0x1303a8
[2026-08-29T14:50:09Z DEBUG goblin::pe::utils] Found in section .rdata(1), remapped into offset 0x12e203
[2026-08-29T14:50:09Z DEBUG goblin::pe::utils] Checking .text for 0xc5948 ∈ 0x1000..0x118124
[2026-08-29T14:50:09Z DEBUG goblin::pe::utils] Found in section .text(0), remapped into offset 0xc4d48
[2026-08-29T14:50:09Z DEBUG goblin::pe::utils] Checking .text for 0x12fc13 ∈ 0x1000..0x118124
[2026-08-29T14:50:09Z DEBUG goblin::pe::utils] Checking .rdata for 0x12fc13 ∈ 0x119000..0x1303a8
[2026-08-29T14:50:09Z DEBUG goblin::pe::utils] Found in section .rdata(1), remapped into offset 0x12e213
[2026-08-29T14:50:09Z DEBUG goblin::pe::utils] Checking .text for 0xc3058 ∈ 0x1000..0x118124
[2026-08-29T14:50:09Z DEBUG goblin::pe::utils] Found in section .text(0), remapped into offset 0xc2458
[2026-08-29T14:50:09Z DEBUG goblin::pe::utils] Checking .text for 0x12fc27 ∈ 0x1000..0x118124
[2026-08-29T14:50:09Z DEBUG goblin::pe::utils] Checking .rdata for 0x12fc27 ∈ 0x119000..0x1303a8
[2026-08-29T14:50:09Z DEBUG goblin::pe::utils] Found in section .rdata(1), remapped into offset 0x12e227
[2026-08-29T14:50:09Z DEBUG goblin::pe::utils] Checking .text for 0xc2f1c ∈ 0x1000..0x118124
[2026-08-29T14:50:09Z DEBUG goblin::pe::utils] Found in section .text(0), remapped into offset 0xc231c
[2026-08-29T14:50:09Z DEBUG goblin::pe::utils] Checking .text for 0x12fc3d ∈ 0x1000..0x118124
[2026-08-29T14:50:09Z DEBUG goblin::pe::utils] Checking .rdata for 0x12fc3d ∈ 0x119000..0x1303a8
[2026-08-29T14:50:09Z DEBUG goblin::pe::utils] Found in section .rdata(1), remapped into offset 0x12e23d
[2026-08-29T14:50:09Z DEBUG goblin::pe::utils] Checking .text for 0xc2ec0 ∈ 0x1000..0x118124
[2026-08-29T14:50:09Z DEBUG goblin::pe::utils] Found in section .text(0), remapped into offset 0xc22c0
[2026-08-29T14:50:09Z DEBUG goblin::pe::utils] Checking .text for 0x12fc50 ∈ 0x1000..0x118124
[2026-08-29T14:50:09Z DEBUG goblin::pe::utils] Checking .rdata for 0x12fc50 ∈ 0x119000..0x1303a8
[2026-08-29T14:50:09Z DEBUG goblin::pe::utils] Found in section .rdata(1), remapped into offset 0x12e250
[2026-08-29T14:50:09Z DEBUG goblin::pe::utils] Checking .text for 0x1000 ∈ 0x1000..0x118124
[2026-08-29T14:50:09Z DEBUG goblin::pe::utils] Found in section .text(0), remapped into offset 0x400
[2026-08-29T14:50:09Z DEBUG goblin::pe::utils] Checking .text for 0x12fc5c ∈ 0x1000..0x118124
[2026-08-29T14:50:09Z DEBUG goblin::pe::utils] Checking .rdata for 0x12fc5c ∈ 0x119000..0x1303a8
[2026-08-29T14:50:09Z DEBUG goblin::pe::utils] Found in section .rdata(1), remapped into offset 0x12e25c
[2026-08-29T14:50:09Z DEBUG goblin::pe::utils] Checking .text for 0xc2f7c ∈ 0x1000..0x118124
[2026-08-29T14:50:09Z DEBUG goblin::pe::utils] Found in section .text(0), remapped into offset 0xc237c
[2026-08-29T14:50:09Z DEBUG goblin::pe::utils] Checking .text for 0x12fc70 ∈ 0x1000..0x118124
[2026-08-29T14:50:09Z DEBUG goblin::pe::utils] Checking .rdata for 0x12fc70 ∈ 0x119000..0x1303a8
[2026-08-29T14:50:09Z DEBUG goblin::pe::utils] Found in section .rdata(1), remapped into offset 0x12e270
[2026-08-29T14:50:09Z DEBUG goblin::pe::utils] Checking .text for 0xc30a8 ∈ 0x1000..0x118124
[2026-08-29T14:50:09Z DEBUG goblin::pe::utils] Found in section .text(0), remapped into offset 0xc24a8
[2026-08-29T14:50:09Z DEBUG goblin::pe::utils] Checking .text for 0x12fc83 ∈ 0x1000..0x118124
[2026-08-29T14:50:09Z DEBUG goblin::pe::utils] Checking .rdata for 0x12fc83 ∈ 0x119000..0x1303a8
[2026-08-29T14:50:09Z DEBUG goblin::pe::utils] Found in section .rdata(1), remapped into offset 0x12e283
[2026-08-29T14:50:09Z DEBUG goblin::pe::utils] Checking .text for 0x1000 ∈ 0x1000..0x118124
[2026-08-29T14:50:09Z DEBUG goblin::pe::utils] Found in section .text(0), remapped into offset 0x400
[2026-08-29T14:50:09Z DEBUG goblin::pe::utils] Checking .text for 0x12fc91 ∈ 0x1000..0x118124
[2026-08-29T14:50:09Z DEBUG goblin::pe::utils] Checking .rdata for 0x12fc91 ∈ 0x119000..0x1303a8
[2026-08-29T14:50:09Z DEBUG goblin::pe::utils] Found in section .rdata(1), remapped into offset 0x12e291
[2026-08-29T14:50:09Z DEBUG goblin::pe::utils] Checking .text for 0x1000 ∈ 0x1000..0x118124
[2026-08-29T14:50:09Z DEBUG goblin::pe::utils] Found in section .text(0), remapped into offset 0x400
[2026-08-29T14:50:09Z DEBUG goblin::pe::utils] Checking .text for 0x12fca4 ∈ 0x1000..0x118124
[2026-08-29T14:50:09Z DEBUG goblin::pe::utils] Checking .rdata for 0x12fca4 ∈ 0x119000..0x1303a8
[2026-08-29T14:50:09Z DEBUG goblin::pe::utils] Found in section .rdata(1), remapped into offset 0x12e2a4
[2026-08-29T14:50:09Z DEBUG goblin::pe::utils] Checking .text for 0xd0440 ∈ 0x1000..0x118124
[2026-08-29T14:50:09Z DEBUG goblin::pe::utils] Found in section .text(0), remapped into offset 0xcf840
[2026-08-29T14:50:09Z DEBUG goblin::pe::utils] Checking .text for 0x12fcb4 ∈ 0x1000..0x118124
[2026-08-29T14:50:09Z DEBUG goblin::pe::utils] Checking .rdata for 0x12fcb4 ∈ 0x119000..0x1303a8
[2026-08-29T14:50:09Z DEBUG goblin::pe::utils] Found in section .rdata(1), remapped into offset 0x12e2b4
[2026-08-29T14:50:09Z DEBUG goblin::pe::utils] Checking .text for 0xc743c ∈ 0x1000..0x118124
[2026-08-29T14:50:09Z DEBUG goblin::pe::utils] Found in section .text(0), remapped into offset 0xc683c
[2026-08-29T14:50:09Z DEBUG goblin::pe::utils] Checking .text for 0x12fcc7 ∈ 0x1000..0x118124
[2026-08-29T14:50:09Z DEBUG goblin::pe::utils] Checking .rdata for 0x12fcc7 ∈ 0x119000..0x1303a8
[2026-08-29T14:50:09Z DEBUG goblin::pe::utils] Found in section .rdata(1), remapped into offset 0x12e2c7
[2026-08-29T14:50:09Z DEBUG goblin::pe::utils] Checking .text for 0xc4d00 ∈ 0x1000..0x118124
[2026-08-29T14:50:09Z DEBUG goblin::pe::utils] Found in section .text(0), remapped into offset 0xc4100
[2026-08-29T14:50:09Z DEBUG goblin::pe::utils] Checking .text for 0x12fcd7 ∈ 0x1000..0x118124
[2026-08-29T14:50:09Z DEBUG goblin::pe::utils] Checking .rdata for 0x12fcd7 ∈ 0x119000..0x1303a8
[2026-08-29T14:50:09Z DEBUG goblin::pe::utils] Found in section .rdata(1), remapped into offset 0x12e2d7
[2026-08-29T14:50:09Z DEBUG goblin::pe::utils] Checking .text for 0xc9d80 ∈ 0x1000..0x118124
[2026-08-29T14:50:09Z DEBUG goblin::pe::utils] Found in section .text(0), remapped into offset 0xc9180
[2026-08-29T14:50:09Z DEBUG goblin::pe::utils] Checking .text for 0x12fce5 ∈ 0x1000..0x118124
[2026-08-29T14:50:09Z DEBUG goblin::pe::utils] Checking .rdata for 0x12fce5 ∈ 0x119000..0x1303a8
[2026-08-29T14:50:09Z DEBUG goblin::pe::utils] Found in section .rdata(1), remapped into offset 0x12e2e5
[2026-08-29T14:50:09Z DEBUG goblin::pe::utils] Checking .text for 0xc6840 ∈ 0x1000..0x118124
[2026-08-29T14:50:09Z DEBUG goblin::pe::utils] Found in section .text(0), remapped into offset 0xc5c40
[2026-08-29T14:50:09Z DEBUG goblin::pe::utils] Checking .text for 0x12fcf2 ∈ 0x1000..0x118124
[2026-08-29T14:50:09Z DEBUG goblin::pe::utils] Checking .rdata for 0x12fcf2 ∈ 0x119000..0x1303a8
[2026-08-29T14:50:09Z DEBUG goblin::pe::utils] Found in section .rdata(1), remapped into offset 0x12e2f2
[2026-08-29T14:50:09Z DEBUG goblin::pe::utils] Checking .text for 0xc43c0 ∈ 0x1000..0x118124
[2026-08-29T14:50:09Z DEBUG goblin::pe::utils] Found in section .text(0), remapped into offset 0xc37c0
[2026-08-29T14:50:09Z DEBUG goblin::pe::utils] Checking .text for 0x12fd05 ∈ 0x1000..0x118124
[2026-08-29T14:50:09Z DEBUG goblin::pe::utils] Checking .rdata for 0x12fd05 ∈ 0x119000..0x1303a8
[2026-08-29T14:50:09Z DEBUG goblin::pe::utils] Found in section .rdata(1), remapped into offset 0x12e305
[2026-08-29T14:50:09Z DEBUG goblin::pe::utils] Checking .text for 0xc93f0 ∈ 0x1000..0x118124
[2026-08-29T14:50:09Z DEBUG goblin::pe::utils] Found in section .text(0), remapped into offset 0xc87f0
[2026-08-29T14:50:09Z DEBUG goblin::pe::utils] Checking .text for 0x12fd14 ∈ 0x1000..0x118124
[2026-08-29T14:50:09Z DEBUG goblin::pe::utils] Checking .rdata for 0x12fd14 ∈ 0x119000..0x1303a8
[2026-08-29T14:50:09Z DEBUG goblin::pe::utils] Found in section .rdata(1), remapped into offset 0x12e314
[2026-08-29T14:50:09Z DEBUG goblin::pe::utils] Checking .text for 0xc9834 ∈ 0x1000..0x118124
[2026-08-29T14:50:09Z DEBUG goblin::pe::utils] Found in section .text(0), remapped into offset 0xc8c34
[2026-08-29T14:50:09Z DEBUG goblin::pe::utils] Checking .text for 0x12fd25 ∈ 0x1000..0x118124
[2026-08-29T14:50:09Z DEBUG goblin::pe::utils] Checking .rdata for 0x12fd25 ∈ 0x119000..0x1303a8
[2026-08-29T14:50:09Z DEBUG goblin::pe::utils] Found in section .rdata(1), remapped into offset 0x12e325
[2026-08-29T14:50:09Z DEBUG goblin::pe::utils] Checking .text for 0xc938c ∈ 0x1000..0x118124
[2026-08-29T14:50:09Z DEBUG goblin::pe::utils] Found in section .text(0), remapped into offset 0xc878c
[2026-08-29T14:50:09Z DEBUG goblin::pe::utils] Checking .text for 0x12fd35 ∈ 0x1000..0x118124
[2026-08-29T14:50:09Z DEBUG goblin::pe::utils] Checking .rdata for 0x12fd35 ∈ 0x119000..0x1303a8
[2026-08-29T14:50:09Z DEBUG goblin::pe::utils] Found in section .rdata(1), remapped into offset 0x12e335
[2026-08-29T14:50:09Z DEBUG goblin::pe::utils] Checking .text for 0xc93c0 ∈ 0x1000..0x118124
[2026-08-29T14:50:09Z DEBUG goblin::pe::utils] Found in section .text(0), remapped into offset 0xc87c0
[2026-08-29T14:50:09Z DEBUG goblin::pe::utils] Checking .text for 0x12fd45 ∈ 0x1000..0x118124
[2026-08-29T14:50:09Z DEBUG goblin::pe::utils] Checking .rdata for 0x12fd45 ∈ 0x119000..0x1303a8
[2026-08-29T14:50:09Z DEBUG goblin::pe::utils] Found in section .rdata(1), remapped into offset 0x12e345
[2026-08-29T14:50:09Z DEBUG goblin::pe::utils] Checking .text for 0xcb084 ∈ 0x1000..0x118124
[2026-08-29T14:50:09Z DEBUG goblin::pe::utils] Found in section .text(0), remapped into offset 0xca484
[2026-08-29T14:50:09Z DEBUG goblin::pe::utils] Checking .text for 0x12fd57 ∈ 0x1000..0x118124
[2026-08-29T14:50:09Z DEBUG goblin::pe::utils] Checking .rdata for 0x12fd57 ∈ 0x119000..0x1303a8
[2026-08-29T14:50:09Z DEBUG goblin::pe::utils] Found in section .rdata(1), remapped into offset 0x12e357
[2026-08-29T14:50:09Z DEBUG goblin::pe::utils] Checking .text for 0xc8060 ∈ 0x1000..0x118124
[2026-08-29T14:50:09Z DEBUG goblin::pe::utils] Found in section .text(0), remapped into offset 0xc7460
[2026-08-29T14:50:09Z DEBUG goblin::pe::utils] Checking .text for 0x12fd62 ∈ 0x1000..0x118124
[2026-08-29T14:50:09Z DEBUG goblin::pe::utils] Checking .rdata for 0x12fd62 ∈ 0x119000..0x1303a8
[2026-08-29T14:50:09Z DEBUG goblin::pe::utils] Found in section .rdata(1), remapped into offset 0x12e362
[2026-08-29T14:50:09Z DEBUG goblin::pe::utils] Checking .text for 0xc7f34 ∈ 0x1000..0x118124
[2026-08-29T14:50:09Z DEBUG goblin::pe::utils] Found in section .text(0), remapped into offset 0xc7334
[2026-08-29T14:50:09Z DEBUG goblin::pe::utils] Checking .text for 0x12fd6e ∈ 0x1000..0x118124
[2026-08-29T14:50:09Z DEBUG goblin::pe::utils] Checking .rdata for 0x12fd6e ∈ 0x119000..0x1303a8
[2026-08-29T14:50:09Z DEBUG goblin::pe::utils] Found in section .rdata(1), remapped into offset 0x12e36e
[2026-08-29T14:50:09Z DEBUG goblin::pe::utils] Checking .text for 0xcb0ac ∈ 0x1000..0x118124
[2026-08-29T14:50:09Z DEBUG goblin::pe::utils] Found in section .text(0), remapped into offset 0xca4ac
[2026-08-29T14:50:09Z DEBUG goblin::pe::utils] Checking .text for 0x12fd88 ∈ 0x1000..0x118124
[2026-08-29T14:50:09Z DEBUG goblin::pe::utils] Checking .rdata for 0x12fd88 ∈ 0x119000..0x1303a8
[2026-08-29T14:50:09Z DEBUG goblin::pe::utils] Found in section .rdata(1), remapped into offset 0x12e388
[2026-08-29T14:50:09Z DEBUG goblin::pe::utils] Checking .text for 0xd03d8 ∈ 0x1000..0x118124
[2026-08-29T14:50:09Z DEBUG goblin::pe::utils] Found in section .text(0), remapped into offset 0xcf7d8
[2026-08-29T14:50:09Z DEBUG goblin::pe::utils] Checking .text for 0x12fd98 ∈ 0x1000..0x118124
[2026-08-29T14:50:09Z DEBUG goblin::pe::utils] Checking .rdata for 0x12fd98 ∈ 0x119000..0x1303a8
[2026-08-29T14:50:09Z DEBUG goblin::pe::utils] Found in section .rdata(1), remapped into offset 0x12e398
[2026-08-29T14:50:09Z DEBUG goblin::pe::utils] Checking .text for 0xc5adc ∈ 0x1000..0x118124
[2026-08-29T14:50:09Z DEBUG goblin::pe::utils] Found in section .text(0), remapped into offset 0xc4edc
[2026-08-29T14:50:09Z DEBUG goblin::pe::utils] Checking .text for 0x12fda5 ∈ 0x1000..0x118124
[2026-08-29T14:50:09Z DEBUG goblin::pe::utils] Checking .rdata for 0x12fda5 ∈ 0x119000..0x1303a8
[2026-08-29T14:50:09Z DEBUG goblin::pe::utils] Found in section .rdata(1), remapped into offset 0x12e3a5
[2026-08-29T14:50:09Z DEBUG goblin::pe::utils] Checking .text for 0xc1768 ∈ 0x1000..0x118124
[2026-08-29T14:50:09Z DEBUG goblin::pe::utils] Found in section .text(0), remapped into offset 0xc0b68
[2026-08-29T14:50:09Z DEBUG goblin::pe::utils] Checking .text for 0x12fdb6 ∈ 0x1000..0x118124
[2026-08-29T14:50:09Z DEBUG goblin::pe::utils] Checking .rdata for 0x12fdb6 ∈ 0x119000..0x1303a8
[2026-08-29T14:50:09Z DEBUG goblin::pe::utils] Found in section .rdata(1), remapped into offset 0x12e3b6
[2026-08-29T14:50:09Z DEBUG goblin::pe::utils] Checking .text for 0xc174c ∈ 0x1000..0x118124
[2026-08-29T14:50:09Z DEBUG goblin::pe::utils] Found in section .text(0), remapped into offset 0xc0b4c
[2026-08-29T14:50:09Z DEBUG goblin::pe::utils] Checking .text for 0x12fdca ∈ 0x1000..0x118124
[2026-08-29T14:50:09Z DEBUG goblin::pe::utils] Checking .rdata for 0x12fdca ∈ 0x119000..0x1303a8
[2026-08-29T14:50:09Z DEBUG goblin::pe::utils] Found in section .rdata(1), remapped into offset 0x12e3ca
[2026-08-29T14:50:09Z DEBUG goblin::pe::utils] Checking .text for 0xc3858 ∈ 0x1000..0x118124
[2026-08-29T14:50:09Z DEBUG goblin::pe::utils] Found in section .text(0), remapped into offset 0xc2c58
[2026-08-29T14:50:09Z DEBUG goblin::pe::utils] Checking .text for 0x12fdd8 ∈ 0x1000..0x118124
[2026-08-29T14:50:09Z DEBUG goblin::pe::utils] Checking .rdata for 0x12fdd8 ∈ 0x119000..0x1303a8
[2026-08-29T14:50:09Z DEBUG goblin::pe::utils] Found in section .rdata(1), remapped into offset 0x12e3d8
[2026-08-29T14:50:09Z DEBUG goblin::pe::utils] Checking .text for 0xe83d8 ∈ 0x1000..0x118124
[2026-08-29T14:50:09Z DEBUG goblin::pe::utils] Found in section .text(0), remapped into offset 0xe77d8
[2026-08-29T14:50:09Z DEBUG goblin::pe::utils] Checking .text for 0x12fde5 ∈ 0x1000..0x118124
[2026-08-29T14:50:09Z DEBUG goblin::pe::utils] Checking .rdata for 0x12fde5 ∈ 0x119000..0x1303a8
[2026-08-29T14:50:09Z DEBUG goblin::pe::utils] Found in section .rdata(1), remapped into offset 0x12e3e5
[2026-08-29T14:50:09Z DEBUG goblin::pe::utils] Checking .text for 0xe8434 ∈ 0x1000..0x118124
[2026-08-29T14:50:09Z DEBUG goblin::pe::utils] Found in section .text(0), remapped into offset 0xe7834
[2026-08-29T14:50:09Z DEBUG goblin::pe::utils] Checking .text for 0x12fdf5 ∈ 0x1000..0x118124
[2026-08-29T14:50:09Z DEBUG goblin::pe::utils] Checking .rdata for 0x12fdf5 ∈ 0x119000..0x1303a8
[2026-08-29T14:50:09Z DEBUG goblin::pe::utils] Found in section .rdata(1), remapped into offset 0x12e3f5
[2026-08-29T14:50:09Z DEBUG goblin::pe::utils] Checking .text for 0xe8548 ∈ 0x1000..0x118124
[2026-08-29T14:50:09Z DEBUG goblin::pe::utils] Found in section .text(0), remapped into offset 0xe7948
[2026-08-29T14:50:09Z DEBUG goblin::pe::utils] Checking .text for 0x12fe04 ∈ 0x1000..0x118124
[2026-08-29T14:50:09Z DEBUG goblin::pe::utils] Checking .rdata for 0x12fe04 ∈ 0x119000..0x1303a8
[2026-08-29T14:50:09Z DEBUG goblin::pe::utils] Found in section .rdata(1), remapped into offset 0x12e404
[2026-08-29T14:50:09Z DEBUG goblin::pe::utils] Checking .text for 0xe8320 ∈ 0x1000..0x118124
[2026-08-29T14:50:09Z DEBUG goblin::pe::utils] Found in section .text(0), remapped into offset 0xe7720
[2026-08-29T14:50:09Z DEBUG goblin::pe::utils] Checking .text for 0x12fe0f ∈ 0x1000..0x118124
[2026-08-29T14:50:09Z DEBUG goblin::pe::utils] Checking .rdata for 0x12fe0f ∈ 0x119000..0x1303a8
[2026-08-29T14:50:09Z DEBUG goblin::pe::utils] Found in section .rdata(1), remapped into offset 0x12e40f
[2026-08-29T14:50:09Z DEBUG goblin::pe::utils] Checking .text for 0xe837c ∈ 0x1000..0x118124
[2026-08-29T14:50:09Z DEBUG goblin::pe::utils] Found in section .text(0), remapped into offset 0xe777c
[2026-08-29T14:50:09Z DEBUG goblin::pe::utils] Checking .text for 0x12fe1d ∈ 0x1000..0x118124
[2026-08-29T14:50:09Z DEBUG goblin::pe::utils] Checking .rdata for 0x12fe1d ∈ 0x119000..0x1303a8
[2026-08-29T14:50:09Z DEBUG goblin::pe::utils] Found in section .rdata(1), remapped into offset 0x12e41d
[2026-08-29T14:50:09Z DEBUG goblin::pe::utils] Checking .text for 0xe82c4 ∈ 0x1000..0x118124
[2026-08-29T14:50:09Z DEBUG goblin::pe::utils] Found in section .text(0), remapped into offset 0xe76c4
[2026-08-29T14:50:09Z DEBUG goblin::pe::utils] Checking .text for 0x12fe2a ∈ 0x1000..0x118124
[2026-08-29T14:50:09Z DEBUG goblin::pe::utils] Checking .rdata for 0x12fe2a ∈ 0x119000..0x1303a8
[2026-08-29T14:50:09Z DEBUG goblin::pe::utils] Found in section .rdata(1), remapped into offset 0x12e42a
[2026-08-29T14:50:09Z DEBUG goblin::pe::utils] Checking .text for 0xe8490 ∈ 0x1000..0x118124
[2026-08-29T14:50:09Z DEBUG goblin::pe::utils] Found in section .text(0), remapped into offset 0xe7890
[2026-08-29T14:50:09Z DEBUG goblin::pe::utils] Checking .text for 0x12fe35 ∈ 0x1000..0x118124
[2026-08-29T14:50:09Z DEBUG goblin::pe::utils] Checking .rdata for 0x12fe35 ∈ 0x119000..0x1303a8
[2026-08-29T14:50:09Z DEBUG goblin::pe::utils] Found in section .rdata(1), remapped into offset 0x12e435
[2026-08-29T14:50:09Z DEBUG goblin::pe::utils] Checking .text for 0xe84ec ∈ 0x1000..0x118124
[2026-08-29T14:50:09Z DEBUG goblin::pe::utils] Found in section .text(0), remapped into offset 0xe78ec
[2026-08-29T14:50:09Z DEBUG goblin::pe::utils] Checking .text for 0x12fe41 ∈ 0x1000..0x118124
[2026-08-29T14:50:09Z DEBUG goblin::pe::utils] Checking .rdata for 0x12fe41 ∈ 0x119000..0x1303a8
[2026-08-29T14:50:09Z DEBUG goblin::pe::utils] Found in section .rdata(1), remapped into offset 0x12e441
[2026-08-29T14:50:09Z DEBUG goblin::pe::utils] Checking .text for 0xc12f8 ∈ 0x1000..0x118124
[2026-08-29T14:50:09Z DEBUG goblin::pe::utils] Found in section .text(0), remapped into offset 0xc06f8
[2026-08-29T14:50:09Z DEBUG goblin::pe::utils] Checking .text for 0x12fe4a ∈ 0x1000..0x118124
[2026-08-29T14:50:09Z DEBUG goblin::pe::utils] Checking .rdata for 0x12fe4a ∈ 0x119000..0x1303a8
[2026-08-29T14:50:09Z DEBUG goblin::pe::utils] Found in section .rdata(1), remapped into offset 0x12e44a
[2026-08-29T14:50:09Z DEBUG goblin::pe::utils] Checking .text for 0xc11f4 ∈ 0x1000..0x118124
[2026-08-29T14:50:09Z DEBUG goblin::pe::utils] Found in section .text(0), remapped into offset 0xc05f4
[2026-08-29T14:50:09Z DEBUG goblin::pe::utils] Checking .text for 0x12fe5c ∈ 0x1000..0x118124
[2026-08-29T14:50:09Z DEBUG goblin::pe::utils] Checking .rdata for 0x12fe5c ∈ 0x119000..0x1303a8
[2026-08-29T14:50:09Z DEBUG goblin::pe::utils] Found in section .rdata(1), remapped into offset 0x12e45c
[2026-08-29T14:50:09Z DEBUG goblin::pe::utils] Checking .text for 0xd03f4 ∈ 0x1000..0x118124
[2026-08-29T14:50:09Z DEBUG goblin::pe::utils] Found in section .text(0), remapped into offset 0xcf7f4
[2026-08-29T14:50:09Z DEBUG goblin::pe::utils] Checking .text for 0x12fe6b ∈ 0x1000..0x118124
[2026-08-29T14:50:09Z DEBUG goblin::pe::utils] Checking .rdata for 0x12fe6b ∈ 0x119000..0x1303a8
[2026-08-29T14:50:09Z DEBUG goblin::pe::utils] Found in section .rdata(1), remapped into offset 0x12e46b
[2026-08-29T14:50:09Z DEBUG goblin::pe::utils] Checking .text for 0xc1420 ∈ 0x1000..0x118124
[2026-08-29T14:50:09Z DEBUG goblin::pe::utils] Found in section .text(0), remapped into offset 0xc0820
[2026-08-29T14:50:09Z DEBUG goblin::pe::utils] Checking .text for 0x12fe7e ∈ 0x1000..0x118124
[2026-08-29T14:50:09Z DEBUG goblin::pe::utils] Checking .rdata for 0x12fe7e ∈ 0x119000..0x1303a8
[2026-08-29T14:50:09Z DEBUG goblin::pe::utils] Found in section .rdata(1), remapped into offset 0x12e47e
[2026-08-29T14:50:09Z DEBUG goblin::pe::utils] Checking .text for 0xc1784 ∈ 0x1000..0x118124
[2026-08-29T14:50:09Z DEBUG goblin::pe::utils] Found in section .text(0), remapped into offset 0xc0b84
[2026-08-29T14:50:09Z DEBUG goblin::pe::utils] Checking .text for 0x12fe8c ∈ 0x1000..0x118124
[2026-08-29T14:50:09Z DEBUG goblin::pe::utils] Checking .rdata for 0x12fe8c ∈ 0x119000..0x1303a8
[2026-08-29T14:50:09Z DEBUG goblin::pe::utils] Found in section .rdata(1), remapped into offset 0x12e48c
[2026-08-29T14:50:09Z DEBUG goblin::pe::utils] Checking .text for 0xe3a88 ∈ 0x1000..0x118124
[2026-08-29T14:50:09Z DEBUG goblin::pe::utils] Found in section .text(0), remapped into offset 0xe2e88
[2026-08-29T14:50:09Z DEBUG goblin::pe::utils] Checking .text for 0x12fe9d ∈ 0x1000..0x118124
[2026-08-29T14:50:09Z DEBUG goblin::pe::utils] Checking .rdata for 0x12fe9d ∈ 0x119000..0x1303a8
[2026-08-29T14:50:09Z DEBUG goblin::pe::utils] Found in section .rdata(1), remapped into offset 0x12e49d
[2026-08-29T14:50:09Z DEBUG goblin::pe::utils] Checking .text for 0xe3970 ∈ 0x1000..0x118124
[2026-08-29T14:50:09Z DEBUG goblin::pe::utils] Found in section .text(0), remapped into offset 0xe2d70
[2026-08-29T14:50:09Z DEBUG goblin::pe::utils] Checking .text for 0x12feac ∈ 0x1000..0x118124
[2026-08-29T14:50:09Z DEBUG goblin::pe::utils] Checking .rdata for 0x12feac ∈ 0x119000..0x1303a8
[2026-08-29T14:50:09Z DEBUG goblin::pe::utils] Found in section .rdata(1), remapped into offset 0x12e4ac
[2026-08-29T14:50:09Z DEBUG goblin::pe::utils] Checking .text for 0xc7490 ∈ 0x1000..0x118124
[2026-08-29T14:50:09Z DEBUG goblin::pe::utils] Found in section .text(0), remapped into offset 0xc6890
[2026-08-29T14:50:09Z DEBUG goblin::pe::utils] Checking .text for 0x12feba ∈ 0x1000..0x118124
[2026-08-29T14:50:09Z DEBUG goblin::pe::utils] Checking .rdata for 0x12feba ∈ 0x119000..0x1303a8
[2026-08-29T14:50:09Z DEBUG goblin::pe::utils] Found in section .rdata(1), remapped into offset 0x12e4ba
[2026-08-29T14:50:09Z DEBUG goblin::pe::utils] Checking .text for 0xc54c0 ∈ 0x1000..0x118124
[2026-08-29T14:50:09Z DEBUG goblin::pe::utils] Found in section .text(0), remapped into offset 0xc48c0
[2026-08-29T14:50:09Z DEBUG goblin::pe::utils] Checking .text for 0x12feca ∈ 0x1000..0x118124
[2026-08-29T14:50:09Z DEBUG goblin::pe::utils] Checking .rdata for 0x12feca ∈ 0x119000..0x1303a8
[2026-08-29T14:50:09Z DEBUG goblin::pe::utils] Found in section .rdata(1), remapped into offset 0x12e4ca
[2026-08-29T14:50:09Z DEBUG goblin::pe::utils] Checking .text for 0xc4d34 ∈ 0x1000..0x118124
[2026-08-29T14:50:09Z DEBUG goblin::pe::utils] Found in section .text(0), remapped into offset 0xc4134
[2026-08-29T14:50:09Z DEBUG goblin::pe::utils] Checking .text for 0x12fed8 ∈ 0x1000..0x118124
[2026-08-29T14:50:09Z DEBUG goblin::pe::utils] Checking .rdata for 0x12fed8 ∈ 0x119000..0x1303a8
[2026-08-29T14:50:09Z DEBUG goblin::pe::utils] Found in section .rdata(1), remapped into offset 0x12e4d8
[2026-08-29T14:50:09Z DEBUG goblin::pe::utils] Checking .text for 0xc7e74 ∈ 0x1000..0x118124
[2026-08-29T14:50:09Z DEBUG goblin::pe::utils] Found in section .text(0), remapped into offset 0xc7274
[2026-08-29T14:50:09Z DEBUG goblin::pe::utils] Checking .text for 0x12fee3 ∈ 0x1000..0x118124
[2026-08-29T14:50:09Z DEBUG goblin::pe::utils] Checking .rdata for 0x12fee3 ∈ 0x119000..0x1303a8
[2026-08-29T14:50:09Z DEBUG goblin::pe::utils] Found in section .rdata(1), remapped into offset 0x12e4e3
[2026-08-29T14:50:09Z DEBUG goblin::pe::utils] Checking .text for 0xc7ecc ∈ 0x1000..0x118124
[2026-08-29T14:50:09Z DEBUG goblin::pe::utils] Found in section .text(0), remapped into offset 0xc72cc
[2026-08-29T14:50:09Z DEBUG goblin::pe::utils] Checking .text for 0x12feef ∈ 0x1000..0x118124
[2026-08-29T14:50:09Z DEBUG goblin::pe::utils] Checking .rdata for 0x12feef ∈ 0x119000..0x1303a8
[2026-08-29T14:50:09Z DEBUG goblin::pe::utils] Found in section .rdata(1), remapped into offset 0x12e4ef
[2026-08-29T14:50:09Z DEBUG goblin::pe::utils] Checking .text for 0xc6f20 ∈ 0x1000..0x118124
[2026-08-29T14:50:09Z DEBUG goblin::pe::utils] Found in section .text(0), remapped into offset 0xc6320
[2026-08-29T14:50:09Z DEBUG goblin::pe::utils] Checking .text for 0x12fefd ∈ 0x1000..0x118124
[2026-08-29T14:50:09Z DEBUG goblin::pe::utils] Checking .rdata for 0x12fefd ∈ 0x119000..0x1303a8
[2026-08-29T14:50:09Z DEBUG goblin::pe::utils] Found in section .rdata(1), remapped into offset 0x12e4fd
[2026-08-29T14:50:09Z DEBUG goblin::pe::utils] Checking .text for 0xc7478 ∈ 0x1000..0x118124
[2026-08-29T14:50:09Z DEBUG goblin::pe::utils] Found in section .text(0), remapped into offset 0xc6878
[2026-08-29T14:50:09Z DEBUG goblin::pe::utils] Checking .text for 0x12ff0c ∈ 0x1000..0x118124
[2026-08-29T14:50:09Z DEBUG goblin::pe::utils] Checking .rdata for 0x12ff0c ∈ 0x119000..0x1303a8
[2026-08-29T14:50:09Z DEBUG goblin::pe::utils] Found in section .rdata(1), remapped into offset 0x12e50c
[2026-08-29T14:50:09Z DEBUG goblin::pe::utils] Checking .text for 0xc3f7c ∈ 0x1000..0x118124
[2026-08-29T14:50:09Z DEBUG goblin::pe::utils] Found in section .text(0), remapped into offset 0xc337c
[2026-08-29T14:50:09Z DEBUG goblin::pe::utils] Checking .text for 0x12ff1b ∈ 0x1000..0x118124
[2026-08-29T14:50:09Z DEBUG goblin::pe::utils] Checking .rdata for 0x12ff1b ∈ 0x119000..0x1303a8
[2026-08-29T14:50:09Z DEBUG goblin::pe::utils] Found in section .rdata(1), remapped into offset 0x12e51b
[2026-08-29T14:50:09Z DEBUG goblin::pe::utils] Checking .text for 0xc4164 ∈ 0x1000..0x118124
[2026-08-29T14:50:09Z DEBUG goblin::pe::utils] Found in section .text(0), remapped into offset 0xc3564
[2026-08-29T14:50:09Z DEBUG goblin::pe::utils] Checking .text for 0x12ff29 ∈ 0x1000..0x118124
[2026-08-29T14:50:09Z DEBUG goblin::pe::utils] Checking .rdata for 0x12ff29 ∈ 0x119000..0x1303a8
[2026-08-29T14:50:09Z DEBUG goblin::pe::utils] Found in section .rdata(1), remapped into offset 0x12e529
[2026-08-29T14:50:09Z DEBUG goblin::pe::utils] Checking .text for 0xc4134 ∈ 0x1000..0x118124
[2026-08-29T14:50:09Z DEBUG goblin::pe::utils] Found in section .text(0), remapped into offset 0xc3534
[2026-08-29T14:50:09Z DEBUG goblin::pe::utils] Checking .text for 0x12ff38 ∈ 0x1000..0x118124
[2026-08-29T14:50:09Z DEBUG goblin::pe::utils] Checking .rdata for 0x12ff38 ∈ 0x119000..0x1303a8
[2026-08-29T14:50:09Z DEBUG goblin::pe::utils] Found in section .rdata(1), remapped into offset 0x12e538
[2026-08-29T14:50:09Z DEBUG goblin::pe::utils] Checking .text for 0xc42b8 ∈ 0x1000..0x118124
[2026-08-29T14:50:09Z DEBUG goblin::pe::utils] Found in section .text(0), remapped into offset 0xc36b8
[2026-08-29T14:50:09Z DEBUG goblin::pe::utils] Checking .text for 0x12ff46 ∈ 0x1000..0x118124
[2026-08-29T14:50:09Z DEBUG goblin::pe::utils] Checking .rdata for 0x12ff46 ∈ 0x119000..0x1303a8
[2026-08-29T14:50:09Z DEBUG goblin::pe::utils] Found in section .rdata(1), remapped into offset 0x12e546
[2026-08-29T14:50:09Z DEBUG goblin::pe::utils] Checking .text for 0xc13c0 ∈ 0x1000..0x118124
[2026-08-29T14:50:09Z DEBUG goblin::pe::utils] Found in section .text(0), remapped into offset 0xc07c0
[2026-08-29T14:50:09Z DEBUG goblin::pe::utils] Checking .text for 0x12ff4f ∈ 0x1000..0x118124
[2026-08-29T14:50:09Z DEBUG goblin::pe::utils] Checking .rdata for 0x12ff4f ∈ 0x119000..0x1303a8
[2026-08-29T14:50:09Z DEBUG goblin::pe::utils] Found in section .rdata(1), remapped into offset 0x12e54f
[2026-08-29T14:50:09Z DEBUG goblin::pe::utils] Checking .text for 0xc1328 ∈ 0x1000..0x118124
[2026-08-29T14:50:09Z DEBUG goblin::pe::utils] Found in section .text(0), remapped into offset 0xc0728
[2026-08-29T14:50:09Z DEBUG goblin::pe::utils] Checking .text for 0x12ff61 ∈ 0x1000..0x118124
[2026-08-29T14:50:09Z DEBUG goblin::pe::utils] Checking .rdata for 0x12ff61 ∈ 0x119000..0x1303a8
[2026-08-29T14:50:09Z DEBUG goblin::pe::utils] Found in section .rdata(1), remapped into offset 0x12e561
[2026-08-29T14:50:09Z DEBUG goblin::pe::utils] Checking .text for 0xda8cc ∈ 0x1000..0x118124
[2026-08-29T14:50:09Z DEBUG goblin::pe::utils] Found in section .text(0), remapped into offset 0xd9ccc
[2026-08-29T14:50:09Z DEBUG goblin::pe::utils] Checking .text for 0x12ff74 ∈ 0x1000..0x118124
[2026-08-29T14:50:09Z DEBUG goblin::pe::utils] Checking .rdata for 0x12ff74 ∈ 0x119000..0x1303a8
[2026-08-29T14:50:09Z DEBUG goblin::pe::utils] Found in section .rdata(1), remapped into offset 0x12e574
[2026-08-29T14:50:09Z DEBUG goblin::pe::utils] Checking .text for 0xda7e4 ∈ 0x1000..0x118124
[2026-08-29T14:50:09Z DEBUG goblin::pe::utils] Found in section .text(0), remapped into offset 0xd9be4
[2026-08-29T14:50:09Z DEBUG goblin::pe::utils] Checking .text for 0x12ff81 ∈ 0x1000..0x118124
[2026-08-29T14:50:09Z DEBUG goblin::pe::utils] Checking .rdata for 0x12ff81 ∈ 0x119000..0x1303a8
[2026-08-29T14:50:09Z DEBUG goblin::pe::utils] Found in section .rdata(1), remapped into offset 0x12e581
[2026-08-29T14:50:09Z DEBUG goblin::pe::utils] Checking .text for 0xda71c ∈ 0x1000..0x118124
[2026-08-29T14:50:09Z DEBUG goblin::pe::utils] Found in section .text(0), remapped into offset 0xd9b1c
[2026-08-29T14:50:09Z DEBUG goblin::pe::utils] Checking .text for 0x12ff90 ∈ 0x1000..0x118124
[2026-08-29T14:50:09Z DEBUG goblin::pe::utils] Checking .rdata for 0x12ff90 ∈ 0x119000..0x1303a8
[2026-08-29T14:50:09Z DEBUG goblin::pe::utils] Found in section .rdata(1), remapped into offset 0x12e590
[2026-08-29T14:50:09Z DEBUG goblin::pe::utils] Checking .text for 0xda854 ∈ 0x1000..0x118124
[2026-08-29T14:50:09Z DEBUG goblin::pe::utils] Found in section .text(0), remapped into offset 0xd9c54
[2026-08-29T14:50:09Z DEBUG goblin::pe::utils] Checking .text for 0x12ff9e ∈ 0x1000..0x118124
[2026-08-29T14:50:09Z DEBUG goblin::pe::utils] Checking .rdata for 0x12ff9e ∈ 0x119000..0x1303a8
[2026-08-29T14:50:09Z DEBUG goblin::pe::utils] Found in section .rdata(1), remapped into offset 0x12e59e
[2026-08-29T14:50:09Z DEBUG goblin::pe::utils] Checking .text for 0xda9ac ∈ 0x1000..0x118124
[2026-08-29T14:50:09Z DEBUG goblin::pe::utils] Found in section .text(0), remapped into offset 0xd9dac
[2026-08-29T14:50:09Z DEBUG goblin::pe::utils] Checking .text for 0x12ffab ∈ 0x1000..0x118124
[2026-08-29T14:50:09Z DEBUG goblin::pe::utils] Checking .rdata for 0x12ffab ∈ 0x119000..0x1303a8
[2026-08-29T14:50:09Z DEBUG goblin::pe::utils] Found in section .rdata(1), remapped into offset 0x12e5ab
[2026-08-29T14:50:09Z DEBUG goblin::pe::utils] Checking .text for 0xdaa14 ∈ 0x1000..0x118124
[2026-08-29T14:50:09Z DEBUG goblin::pe::utils] Found in section .text(0), remapped into offset 0xd9e14
[2026-08-29T14:50:09Z DEBUG goblin::pe::utils] Checking .text for 0x12ffb8 ∈ 0x1000..0x118124
[2026-08-29T14:50:09Z DEBUG goblin::pe::utils] Checking .rdata for 0x12ffb8 ∈ 0x119000..0x1303a8
[2026-08-29T14:50:09Z DEBUG goblin::pe::utils] Found in section .rdata(1), remapped into offset 0x12e5b8
[2026-08-29T14:50:09Z DEBUG goblin::pe::utils] Checking .text for 0xdaa80 ∈ 0x1000..0x118124
[2026-08-29T14:50:09Z DEBUG goblin::pe::utils] Found in section .text(0), remapped into offset 0xd9e80
[2026-08-29T14:50:09Z DEBUG goblin::pe::utils] Checking .text for 0x12ffc5 ∈ 0x1000..0x118124
[2026-08-29T14:50:09Z DEBUG goblin::pe::utils] Checking .rdata for 0x12ffc5 ∈ 0x119000..0x1303a8
[2026-08-29T14:50:09Z DEBUG goblin::pe::utils] Found in section .rdata(1), remapped into offset 0x12e5c5
[2026-08-29T14:50:09Z DEBUG goblin::pe::utils] Checking .text for 0xda984 ∈ 0x1000..0x118124
[2026-08-29T14:50:09Z DEBUG goblin::pe::utils] Found in section .text(0), remapped into offset 0xd9d84
[2026-08-29T14:50:09Z DEBUG goblin::pe::utils] Checking .text for 0x12ffd2 ∈ 0x1000..0x118124
[2026-08-29T14:50:09Z DEBUG goblin::pe::utils] Checking .rdata for 0x12ffd2 ∈ 0x119000..0x1303a8
[2026-08-29T14:50:09Z DEBUG goblin::pe::utils] Found in section .rdata(1), remapped into offset 0x12e5d2
[2026-08-29T14:50:09Z DEBUG goblin::pe::utils] Checking .text for 0xda9ec ∈ 0x1000..0x118124
[2026-08-29T14:50:09Z DEBUG goblin::pe::utils] Found in section .text(0), remapped into offset 0xd9dec
[2026-08-29T14:50:09Z DEBUG goblin::pe::utils] Checking .text for 0x12ffdf ∈ 0x1000..0x118124
[2026-08-29T14:50:09Z DEBUG goblin::pe::utils] Checking .rdata for 0x12ffdf ∈ 0x119000..0x1303a8
[2026-08-29T14:50:09Z DEBUG goblin::pe::utils] Found in section .rdata(1), remapped into offset 0x12e5df
[2026-08-29T14:50:09Z DEBUG goblin::pe::utils] Checking .text for 0xdaa54 ∈ 0x1000..0x118124
[2026-08-29T14:50:09Z DEBUG goblin::pe::utils] Found in section .text(0), remapped into offset 0xd9e54
[2026-08-29T14:50:09Z DEBUG goblin::pe::utils] Checking .text for 0x12ffec ∈ 0x1000..0x118124
[2026-08-29T14:50:09Z DEBUG goblin::pe::utils] Checking .rdata for 0x12ffec ∈ 0x119000..0x1303a8
[2026-08-29T14:50:09Z DEBUG goblin::pe::utils] Found in section .rdata(1), remapped into offset 0x12e5ec
[2026-08-29T14:50:09Z DEBUG goblin::pe::utils] Checking .text for 0xd9ab0 ∈ 0x1000..0x118124
[2026-08-29T14:50:09Z DEBUG goblin::pe::utils] Found in section .text(0), remapped into offset 0xd8eb0
[2026-08-29T14:50:09Z DEBUG goblin::pe::utils] Checking .text for 0x12fffc ∈ 0x1000..0x118124
[2026-08-29T14:50:09Z DEBUG goblin::pe::utils] Checking .rdata for 0x12fffc ∈ 0x119000..0x1303a8
[2026-08-29T14:50:09Z DEBUG goblin::pe::utils] Found in section .rdata(1), remapped into offset 0x12e5fc
[2026-08-29T14:50:09Z DEBUG goblin::pe::utils] Checking .text for 0xc61d0 ∈ 0x1000..0x118124
[2026-08-29T14:50:09Z DEBUG goblin::pe::utils] Found in section .text(0), remapped into offset 0xc55d0
[2026-08-29T14:50:09Z DEBUG goblin::pe::utils] Checking .text for 0x13000c ∈ 0x1000..0x118124
[2026-08-29T14:50:09Z DEBUG goblin::pe::utils] Checking .rdata for 0x13000c ∈ 0x119000..0x1303a8
[2026-08-29T14:50:09Z DEBUG goblin::pe::utils] Found in section .rdata(1), remapped into offset 0x12e60c
[2026-08-29T14:50:09Z DEBUG goblin::pe::utils] Checking .text for 0xd9eb4 ∈ 0x1000..0x118124
[2026-08-29T14:50:09Z DEBUG goblin::pe::utils] Found in section .text(0), remapped into offset 0xd92b4
[2026-08-29T14:50:09Z DEBUG goblin::pe::utils] Checking .text for 0x130018 ∈ 0x1000..0x118124
[2026-08-29T14:50:09Z DEBUG goblin::pe::utils] Checking .rdata for 0x130018 ∈ 0x119000..0x1303a8
[2026-08-29T14:50:09Z DEBUG goblin::pe::utils] Found in section .rdata(1), remapped into offset 0x12e618
[2026-08-29T14:50:09Z DEBUG goblin::pe::utils] Checking .text for 0xd9da0 ∈ 0x1000..0x118124
[2026-08-29T14:50:09Z DEBUG goblin::pe::utils] Found in section .text(0), remapped into offset 0xd91a0
[2026-08-29T14:50:09Z DEBUG goblin::pe::utils] Checking .text for 0x130027 ∈ 0x1000..0x118124
[2026-08-29T14:50:09Z DEBUG goblin::pe::utils] Checking .rdata for 0x130027 ∈ 0x119000..0x1303a8
[2026-08-29T14:50:09Z DEBUG goblin::pe::utils] Found in section .rdata(1), remapped into offset 0x12e627
[2026-08-29T14:50:09Z DEBUG goblin::pe::utils] Checking .text for 0xd9e8c ∈ 0x1000..0x118124
[2026-08-29T14:50:09Z DEBUG goblin::pe::utils] Found in section .text(0), remapped into offset 0xd928c
[2026-08-29T14:50:09Z DEBUG goblin::pe::utils] Checking .text for 0x130034 ∈ 0x1000..0x118124
[2026-08-29T14:50:09Z DEBUG goblin::pe::utils] Checking .rdata for 0x130034 ∈ 0x119000..0x1303a8
[2026-08-29T14:50:09Z DEBUG goblin::pe::utils] Found in section .rdata(1), remapped into offset 0x12e634
[2026-08-29T14:50:09Z DEBUG goblin::pe::utils] Checking .text for 0xd9e10 ∈ 0x1000..0x118124
[2026-08-29T14:50:09Z DEBUG goblin::pe::utils] Found in section .text(0), remapped into offset 0xd9210
[2026-08-29T14:50:09Z DEBUG goblin::pe::utils] Checking .text for 0x130040 ∈ 0x1000..0x118124
[2026-08-29T14:50:09Z DEBUG goblin::pe::utils] Checking .rdata for 0x130040 ∈ 0x119000..0x1303a8
[2026-08-29T14:50:09Z DEBUG goblin::pe::utils] Found in section .rdata(1), remapped into offset 0x12e640
[2026-08-29T14:50:09Z DEBUG goblin::pe::utils] Checking .text for 0xd9d20 ∈ 0x1000..0x118124
[2026-08-29T14:50:09Z DEBUG goblin::pe::utils] Found in section .text(0), remapped into offset 0xd9120
[2026-08-29T14:50:09Z DEBUG goblin::pe::utils] Checking .text for 0x130053 ∈ 0x1000..0x118124
[2026-08-29T14:50:09Z DEBUG goblin::pe::utils] Checking .rdata for 0x130053 ∈ 0x119000..0x1303a8
[2026-08-29T14:50:09Z DEBUG goblin::pe::utils] Found in section .rdata(1), remapped into offset 0x12e653
[2026-08-29T14:50:09Z DEBUG goblin::pe::utils] Checking .text for 0xc4a68 ∈ 0x1000..0x118124
[2026-08-29T14:50:09Z DEBUG goblin::pe::utils] Found in section .text(0), remapped into offset 0xc3e68
[2026-08-29T14:50:09Z DEBUG goblin::pe::utils] Checking .text for 0x130060 ∈ 0x1000..0x118124
[2026-08-29T14:50:09Z DEBUG goblin::pe::utils] Checking .rdata for 0x130060 ∈ 0x119000..0x1303a8
[2026-08-29T14:50:09Z DEBUG goblin::pe::utils] Found in section .rdata(1), remapped into offset 0x12e660
[2026-08-29T14:50:09Z DEBUG goblin::pe::utils] Checking .text for 0xc4c84 ∈ 0x1000..0x118124
[2026-08-29T14:50:09Z DEBUG goblin::pe::utils] Found in section .text(0), remapped into offset 0xc4084
[2026-08-29T14:50:09Z DEBUG goblin::pe::utils] Checking .text for 0x130070 ∈ 0x1000..0x118124
[2026-08-29T14:50:09Z DEBUG goblin::pe::utils] Checking .rdata for 0x130070 ∈ 0x119000..0x1303a8
[2026-08-29T14:50:09Z DEBUG goblin::pe::utils] Found in section .rdata(1), remapped into offset 0x12e670
[2026-08-29T14:50:09Z DEBUG goblin::pe::utils] Checking .text for 0xc4934 ∈ 0x1000..0x118124
[2026-08-29T14:50:09Z DEBUG goblin::pe::utils] Found in section .text(0), remapped into offset 0xc3d34
[2026-08-29T14:50:09Z DEBUG goblin::pe::utils] Checking .text for 0x130080 ∈ 0x1000..0x118124
[2026-08-29T14:50:09Z DEBUG goblin::pe::utils] Checking .rdata for 0x130080 ∈ 0x119000..0x1303a8
[2026-08-29T14:50:09Z DEBUG goblin::pe::utils] Found in section .rdata(1), remapped into offset 0x12e680
[2026-08-29T14:50:09Z DEBUG goblin::pe::utils] Checking .text for 0xc2d68 ∈ 0x1000..0x118124
[2026-08-29T14:50:09Z DEBUG goblin::pe::utils] Found in section .text(0), remapped into offset 0xc2168
[2026-08-29T14:50:09Z DEBUG goblin::pe::utils] Checking .text for 0x13008e ∈ 0x1000..0x118124
[2026-08-29T14:50:09Z DEBUG goblin::pe::utils] Checking .rdata for 0x13008e ∈ 0x119000..0x1303a8
[2026-08-29T14:50:09Z DEBUG goblin::pe::utils] Found in section .rdata(1), remapped into offset 0x12e68e
[2026-08-29T14:50:09Z DEBUG goblin::pe::utils] Checking .text for 0xc9b94 ∈ 0x1000..0x118124
[2026-08-29T14:50:09Z DEBUG goblin::pe::utils] Found in section .text(0), remapped into offset 0xc8f94
[2026-08-29T14:50:09Z DEBUG goblin::pe::utils] Checking .text for 0x13009c ∈ 0x1000..0x118124
[2026-08-29T14:50:09Z DEBUG goblin::pe::utils] Checking .rdata for 0x13009c ∈ 0x119000..0x1303a8
[2026-08-29T14:50:09Z DEBUG goblin::pe::utils] Found in section .rdata(1), remapped into offset 0x12e69c
[2026-08-29T14:50:09Z DEBUG goblin::pe::utils] Checking .text for 0xc6450 ∈ 0x1000..0x118124
[2026-08-29T14:50:09Z DEBUG goblin::pe::utils] Found in section .text(0), remapped into offset 0xc5850
[2026-08-29T14:50:09Z DEBUG goblin::pe::utils] Checking .text for 0x1300a9 ∈ 0x1000..0x118124
[2026-08-29T14:50:09Z DEBUG goblin::pe::utils] Checking .rdata for 0x1300a9 ∈ 0x119000..0x1303a8
[2026-08-29T14:50:09Z DEBUG goblin::pe::utils] Found in section .rdata(1), remapped into offset 0x12e6a9
[2026-08-29T14:50:09Z DEBUG goblin::pe::utils] Checking .text for 0xc42dc ∈ 0x1000..0x118124
[2026-08-29T14:50:09Z DEBUG goblin::pe::utils] Found in section .text(0), remapped into offset 0xc36dc
[2026-08-29T14:50:09Z DEBUG goblin::pe::utils] Checking .text for 0x1300bc ∈ 0x1000..0x118124
[2026-08-29T14:50:09Z DEBUG goblin::pe::utils] Checking .rdata for 0x1300bc ∈ 0x119000..0x1303a8
[2026-08-29T14:50:09Z DEBUG goblin::pe::utils] Found in section .rdata(1), remapped into offset 0x12e6bc
[2026-08-29T14:50:09Z DEBUG goblin::pe::utils] Checking .text for 0xc93e0 ∈ 0x1000..0x118124
[2026-08-29T14:50:09Z DEBUG goblin::pe::utils] Found in section .text(0), remapped into offset 0xc87e0
[2026-08-29T14:50:09Z DEBUG goblin::pe::utils] Checking .text for 0x1300cc ∈ 0x1000..0x118124
[2026-08-29T14:50:09Z DEBUG goblin::pe::utils] Checking .rdata for 0x1300cc ∈ 0x119000..0x1303a8
[2026-08-29T14:50:09Z DEBUG goblin::pe::utils] Found in section .rdata(1), remapped into offset 0x12e6cc
[2026-08-29T14:50:09Z DEBUG goblin::pe::utils] Checking .text for 0xd9aa0 ∈ 0x1000..0x118124
[2026-08-29T14:50:09Z DEBUG goblin::pe::utils] Found in section .text(0), remapped into offset 0xd8ea0
[2026-08-29T14:50:09Z DEBUG goblin::pe::utils] Checking .text for 0x1300e0 ∈ 0x1000..0x118124
[2026-08-29T14:50:09Z DEBUG goblin::pe::utils] Checking .rdata for 0x1300e0 ∈ 0x119000..0x1303a8
[2026-08-29T14:50:09Z DEBUG goblin::pe::utils] Found in section .rdata(1), remapped into offset 0x12e6e0
[2026-08-29T14:50:09Z DEBUG goblin::pe::utils] Checking .text for 0xc2c28 ∈ 0x1000..0x118124
[2026-08-29T14:50:09Z DEBUG goblin::pe::utils] Found in section .text(0), remapped into offset 0xc2028
[2026-08-29T14:50:09Z DEBUG goblin::pe::utils] Checking .text for 0x1300ef ∈ 0x1000..0x118124
[2026-08-29T14:50:09Z DEBUG goblin::pe::utils] Checking .rdata for 0x1300ef ∈ 0x119000..0x1303a8
[2026-08-29T14:50:09Z DEBUG goblin::pe::utils] Found in section .rdata(1), remapped into offset 0x12e6ef
[2026-08-29T14:50:09Z DEBUG goblin::pe::utils] Checking .text for 0xc62d0 ∈ 0x1000..0x118124
[2026-08-29T14:50:09Z DEBUG goblin::pe::utils] Found in section .text(0), remapped into offset 0xc56d0
[2026-08-29T14:50:09Z DEBUG goblin::pe::utils] Checking .text for 0x1300fc ∈ 0x1000..0x118124
[2026-08-29T14:50:09Z DEBUG goblin::pe::utils] Checking .rdata for 0x1300fc ∈ 0x119000..0x1303a8
[2026-08-29T14:50:09Z DEBUG goblin::pe::utils] Found in section .rdata(1), remapped into offset 0x12e6fc
[2026-08-29T14:50:09Z DEBUG goblin::pe::utils] Checking .text for 0xc1d7c ∈ 0x1000..0x118124
[2026-08-29T14:50:09Z DEBUG goblin::pe::utils] Found in section .text(0), remapped into offset 0xc117c
[2026-08-29T14:50:09Z DEBUG goblin::pe::utils] Checking .text for 0x13010d ∈ 0x1000..0x118124
[2026-08-29T14:50:09Z DEBUG goblin::pe::utils] Checking .rdata for 0x13010d ∈ 0x119000..0x1303a8
[2026-08-29T14:50:09Z DEBUG goblin::pe::utils] Found in section .rdata(1), remapped into offset 0x12e70d
[2026-08-29T14:50:09Z DEBUG goblin::pe::utils] Checking .text for 0xc9e1c ∈ 0x1000..0x118124
[2026-08-29T14:50:09Z DEBUG goblin::pe::utils] Found in section .text(0), remapped into offset 0xc921c
[2026-08-29T14:50:09Z DEBUG goblin::pe::utils] Checking .text for 0x13011c ∈ 0x1000..0x118124
[2026-08-29T14:50:09Z DEBUG goblin::pe::utils] Checking .rdata for 0x13011c ∈ 0x119000..0x1303a8
[2026-08-29T14:50:09Z DEBUG goblin::pe::utils] Found in section .rdata(1), remapped into offset 0x12e71c
[2026-08-29T14:50:09Z DEBUG goblin::pe::utils] Checking .text for 0xcfe80 ∈ 0x1000..0x118124
[2026-08-29T14:50:09Z DEBUG goblin::pe::utils] Found in section .text(0), remapped into offset 0xcf280
[2026-08-29T14:50:09Z DEBUG goblin::pe::utils] Checking .text for 0x130129 ∈ 0x1000..0x118124
[2026-08-29T14:50:09Z DEBUG goblin::pe::utils] Checking .rdata for 0x130129 ∈ 0x119000..0x1303a8
[2026-08-29T14:50:09Z DEBUG goblin::pe::utils] Found in section .rdata(1), remapped into offset 0x12e729
[2026-08-29T14:50:09Z DEBUG goblin::pe::utils] Checking .text for 0xe3bc0 ∈ 0x1000..0x118124
[2026-08-29T14:50:09Z DEBUG goblin::pe::utils] Found in section .text(0), remapped into offset 0xe2fc0
[2026-08-29T14:50:09Z DEBUG goblin::pe::utils] Checking .text for 0x13013a ∈ 0x1000..0x118124
[2026-08-29T14:50:09Z DEBUG goblin::pe::utils] Checking .rdata for 0x13013a ∈ 0x119000..0x1303a8
[2026-08-29T14:50:09Z DEBUG goblin::pe::utils] Found in section .rdata(1), remapped into offset 0x12e73a
[2026-08-29T14:50:09Z DEBUG goblin::pe::utils] Checking .text for 0xc74b8 ∈ 0x1000..0x118124
[2026-08-29T14:50:09Z DEBUG goblin::pe::utils] Found in section .text(0), remapped into offset 0xc68b8
[2026-08-29T14:50:09Z DEBUG goblin::pe::utils] Checking .text for 0x13014a ∈ 0x1000..0x118124
[2026-08-29T14:50:09Z DEBUG goblin::pe::utils] Checking .rdata for 0x13014a ∈ 0x119000..0x1303a8
[2026-08-29T14:50:09Z DEBUG goblin::pe::utils] Found in section .rdata(1), remapped into offset 0x12e74a
[2026-08-29T14:50:09Z DEBUG goblin::pe::utils] Checking .text for 0xc554c ∈ 0x1000..0x118124
[2026-08-29T14:50:09Z DEBUG goblin::pe::utils] Found in section .text(0), remapped into offset 0xc494c
[2026-08-29T14:50:09Z DEBUG goblin::pe::utils] Checking .text for 0x13015c ∈ 0x1000..0x118124
[2026-08-29T14:50:09Z DEBUG goblin::pe::utils] Checking .rdata for 0x13015c ∈ 0x119000..0x1303a8
[2026-08-29T14:50:09Z DEBUG goblin::pe::utils] Found in section .rdata(1), remapped into offset 0x12e75c
[2026-08-29T14:50:09Z DEBUG goblin::pe::utils] Checking .text for 0xd9c4c ∈ 0x1000..0x118124
[2026-08-29T14:50:09Z DEBUG goblin::pe::utils] Found in section .text(0), remapped into offset 0xd904c
[2026-08-29T14:50:09Z DEBUG goblin::pe::utils] Checking .text for 0x13016e ∈ 0x1000..0x118124
[2026-08-29T14:50:09Z DEBUG goblin::pe::utils] Checking .rdata for 0x13016e ∈ 0x119000..0x1303a8
[2026-08-29T14:50:09Z DEBUG goblin::pe::utils] Found in section .rdata(1), remapped into offset 0x12e76e
[2026-08-29T14:50:09Z DEBUG goblin::pe::utils] Checking .text for 0xc2518 ∈ 0x1000..0x118124
[2026-08-29T14:50:09Z DEBUG goblin::pe::utils] Found in section .text(0), remapped into offset 0xc1918
[2026-08-29T14:50:09Z DEBUG goblin::pe::utils] Checking .text for 0x13017d ∈ 0x1000..0x118124
[2026-08-29T14:50:09Z DEBUG goblin::pe::utils] Checking .rdata for 0x13017d ∈ 0x119000..0x1303a8
[2026-08-29T14:50:09Z DEBUG goblin::pe::utils] Found in section .rdata(1), remapped into offset 0x12e77d
[2026-08-29T14:50:09Z DEBUG goblin::pe::utils] Checking .text for 0xc258c ∈ 0x1000..0x118124
[2026-08-29T14:50:09Z DEBUG goblin::pe::utils] Found in section .text(0), remapped into offset 0xc198c
[2026-08-29T14:50:09Z DEBUG goblin::pe::utils] Checking .text for 0x13018d ∈ 0x1000..0x118124
[2026-08-29T14:50:09Z DEBUG goblin::pe::utils] Checking .rdata for 0x13018d ∈ 0x119000..0x1303a8
[2026-08-29T14:50:09Z DEBUG goblin::pe::utils] Found in section .rdata(1), remapped into offset 0x12e78d
[2026-08-29T14:50:09Z DEBUG goblin::pe::utils] Checking .text for 0xc4e90 ∈ 0x1000..0x118124
[2026-08-29T14:50:09Z DEBUG goblin::pe::utils] Found in section .text(0), remapped into offset 0xc4290
[2026-08-29T14:50:09Z DEBUG goblin::pe::utils] Checking .text for 0x13019b ∈ 0x1000..0x118124
[2026-08-29T14:50:09Z DEBUG goblin::pe::utils] Checking .rdata for 0x13019b ∈ 0x119000..0x1303a8
[2026-08-29T14:50:09Z DEBUG goblin::pe::utils] Found in section .rdata(1), remapped into offset 0x12e79b
[2026-08-29T14:50:09Z DEBUG goblin::pe::utils] Checking .text for 0xc16e0 ∈ 0x1000..0x118124
[2026-08-29T14:50:09Z DEBUG goblin::pe::utils] Found in section .text(0), remapped into offset 0xc0ae0
[2026-08-29T14:50:09Z DEBUG goblin::pe::utils] Checking .text for 0x1301af ∈ 0x1000..0x118124
[2026-08-29T14:50:09Z DEBUG goblin::pe::utils] Checking .rdata for 0x1301af ∈ 0x119000..0x1303a8
[2026-08-29T14:50:09Z DEBUG goblin::pe::utils] Found in section .rdata(1), remapped into offset 0x12e7af
[2026-08-29T14:50:09Z DEBUG goblin::pe::utils] Checking .text for 0xc142c ∈ 0x1000..0x118124
[2026-08-29T14:50:09Z DEBUG goblin::pe::utils] Found in section .text(0), remapped into offset 0xc082c
[2026-08-29T14:50:09Z DEBUG goblin::pe::utils] Checking .text for 0x1301bd ∈ 0x1000..0x118124
[2026-08-29T14:50:09Z DEBUG goblin::pe::utils] Checking .rdata for 0x1301bd ∈ 0x119000..0x1303a8
[2026-08-29T14:50:09Z DEBUG goblin::pe::utils] Found in section .rdata(1), remapped into offset 0x12e7bd
[2026-08-29T14:50:09Z DEBUG goblin::pe::utils] Checking .text for 0xc17cc ∈ 0x1000..0x118124
[2026-08-29T14:50:09Z DEBUG goblin::pe::utils] Found in section .text(0), remapped into offset 0xc0bcc
[2026-08-29T14:50:09Z DEBUG goblin::pe::utils] Checking .text for 0x1301cd ∈ 0x1000..0x118124
[2026-08-29T14:50:09Z DEBUG goblin::pe::utils] Checking .rdata for 0x1301cd ∈ 0x119000..0x1303a8
[2026-08-29T14:50:09Z DEBUG goblin::pe::utils] Found in section .rdata(1), remapped into offset 0x12e7cd
[2026-08-29T14:50:09Z DEBUG goblin::pe::utils] Checking .text for 0xc2d90 ∈ 0x1000..0x118124
[2026-08-29T14:50:09Z DEBUG goblin::pe::utils] Found in section .text(0), remapped into offset 0xc2190
[2026-08-29T14:50:09Z DEBUG goblin::pe::utils] Checking .text for 0x1301db ∈ 0x1000..0x118124
[2026-08-29T14:50:09Z DEBUG goblin::pe::utils] Checking .rdata for 0x1301db ∈ 0x119000..0x1303a8
[2026-08-29T14:50:09Z DEBUG goblin::pe::utils] Found in section .rdata(1), remapped into offset 0x12e7db
[2026-08-29T14:50:09Z DEBUG goblin::pe::utils] Checking .text for 0xc3214 ∈ 0x1000..0x118124
[2026-08-29T14:50:09Z DEBUG goblin::pe::utils] Found in section .text(0), remapped into offset 0xc2614
[2026-08-29T14:50:09Z DEBUG goblin::pe::utils] Checking .text for 0x1301ed ∈ 0x1000..0x118124
[2026-08-29T14:50:09Z DEBUG goblin::pe::utils] Checking .rdata for 0x1301ed ∈ 0x119000..0x1303a8
[2026-08-29T14:50:09Z DEBUG goblin::pe::utils] Found in section .rdata(1), remapped into offset 0x12e7ed
[2026-08-29T14:50:09Z DEBUG goblin::pe::utils] Checking .text for 0xc3674 ∈ 0x1000..0x118124
[2026-08-29T14:50:09Z DEBUG goblin::pe::utils] Found in section .text(0), remapped into offset 0xc2a74
[2026-08-29T14:50:09Z DEBUG goblin::pe::utils] Checking .text for 0x1301fe ∈ 0x1000..0x118124
[2026-08-29T14:50:09Z DEBUG goblin::pe::utils] Checking .rdata for 0x1301fe ∈ 0x119000..0x1303a8
[2026-08-29T14:50:09Z DEBUG goblin::pe::utils] Found in section .rdata(1), remapped into offset 0x12e7fe
[2026-08-29T14:50:09Z DEBUG goblin::pe::utils] Checking .text for 0xc3754 ∈ 0x1000..0x118124
[2026-08-29T14:50:09Z DEBUG goblin::pe::utils] Found in section .text(0), remapped into offset 0xc2b54
[2026-08-29T14:50:09Z DEBUG goblin::pe::utils] Checking .text for 0x130213 ∈ 0x1000..0x118124
[2026-08-29T14:50:09Z DEBUG goblin::pe::utils] Checking .rdata for 0x130213 ∈ 0x119000..0x1303a8
[2026-08-29T14:50:09Z DEBUG goblin::pe::utils] Found in section .rdata(1), remapped into offset 0x12e813
[2026-08-29T14:50:09Z DEBUG goblin::pe::utils] Checking .text for 0xc30e4 ∈ 0x1000..0x118124
[2026-08-29T14:50:09Z DEBUG goblin::pe::utils] Found in section .text(0), remapped into offset 0xc24e4
[2026-08-29T14:50:09Z DEBUG goblin::pe::utils] Checking .text for 0x130225 ∈ 0x1000..0x118124
[2026-08-29T14:50:09Z DEBUG goblin::pe::utils] Checking .rdata for 0x130225 ∈ 0x119000..0x1303a8
[2026-08-29T14:50:09Z DEBUG goblin::pe::utils] Found in section .rdata(1), remapped into offset 0x12e825
[2026-08-29T14:50:09Z DEBUG goblin::pe::utils] Checking .text for 0xc350c ∈ 0x1000..0x118124
[2026-08-29T14:50:09Z DEBUG goblin::pe::utils] Found in section .text(0), remapped into offset 0xc290c
[2026-08-29T14:50:09Z DEBUG goblin::pe::utils] Checking .text for 0x130234 ∈ 0x1000..0x118124
[2026-08-29T14:50:09Z DEBUG goblin::pe::utils] Checking .rdata for 0x130234 ∈ 0x119000..0x1303a8
[2026-08-29T14:50:09Z DEBUG goblin::pe::utils] Found in section .rdata(1), remapped into offset 0x12e834
[2026-08-29T14:50:09Z DEBUG goblin::pe::utils] Checking .text for 0xc3784 ∈ 0x1000..0x118124
[2026-08-29T14:50:09Z DEBUG goblin::pe::utils] Found in section .text(0), remapped into offset 0xc2b84
[2026-08-29T14:50:09Z DEBUG goblin::pe::utils] Checking .text for 0x13024c ∈ 0x1000..0x118124
[2026-08-29T14:50:09Z DEBUG goblin::pe::utils] Checking .rdata for 0x13024c ∈ 0x119000..0x1303a8
[2026-08-29T14:50:09Z DEBUG goblin::pe::utils] Found in section .rdata(1), remapped into offset 0x12e84c
[2026-08-29T14:50:09Z DEBUG goblin::pe::utils] Checking .text for 0xc41b8 ∈ 0x1000..0x118124
[2026-08-29T14:50:09Z DEBUG goblin::pe::utils] Found in section .text(0), remapped into offset 0xc35b8
[2026-08-29T14:50:09Z DEBUG goblin::pe::utils] Checking .text for 0x13025a ∈ 0x1000..0x118124
[2026-08-29T14:50:09Z DEBUG goblin::pe::utils] Checking .rdata for 0x13025a ∈ 0x119000..0x1303a8
[2026-08-29T14:50:09Z DEBUG goblin::pe::utils] Found in section .rdata(1), remapped into offset 0x12e85a
[2026-08-29T14:50:09Z DEBUG goblin::pe::utils] Checking .text for 0xd0394 ∈ 0x1000..0x118124
[2026-08-29T14:50:09Z DEBUG goblin::pe::utils] Found in section .text(0), remapped into offset 0xcf794
[2026-08-29T14:50:09Z DEBUG goblin::pe::utils] Checking .text for 0x130269 ∈ 0x1000..0x118124
[2026-08-29T14:50:09Z DEBUG goblin::pe::utils] Checking .rdata for 0x130269 ∈ 0x119000..0x1303a8
[2026-08-29T14:50:09Z DEBUG goblin::pe::utils] Found in section .rdata(1), remapped into offset 0x12e869
[2026-08-29T14:50:09Z DEBUG goblin::pe::utils] Checking .text for 0xc9eec ∈ 0x1000..0x118124
[2026-08-29T14:50:09Z DEBUG goblin::pe::utils] Found in section .text(0), remapped into offset 0xc92ec
[2026-08-29T14:50:09Z DEBUG goblin::pe::utils] Checking .text for 0x130277 ∈ 0x1000..0x118124
[2026-08-29T14:50:09Z DEBUG goblin::pe::utils] Checking .rdata for 0x130277 ∈ 0x119000..0x1303a8
[2026-08-29T14:50:09Z DEBUG goblin::pe::utils] Found in section .rdata(1), remapped into offset 0x12e877
[2026-08-29T14:50:09Z DEBUG goblin::pe::utils] Checking .text for 0xc1394 ∈ 0x1000..0x118124
[2026-08-29T14:50:09Z DEBUG goblin::pe::utils] Found in section .text(0), remapped into offset 0xc0794
[2026-08-29T14:50:09Z DEBUG goblin::pe::utils] Checking .text for 0x130283 ∈ 0x1000..0x118124
[2026-08-29T14:50:09Z DEBUG goblin::pe::utils] Checking .rdata for 0x130283 ∈ 0x119000..0x1303a8
[2026-08-29T14:50:09Z DEBUG goblin::pe::utils] Found in section .rdata(1), remapped into offset 0x12e883
[2026-08-29T14:50:09Z DEBUG goblin::pe::utils] Checking .text for 0xdab00 ∈ 0x1000..0x118124
[2026-08-29T14:50:09Z DEBUG goblin::pe::utils] Found in section .text(0), remapped into offset 0xd9f00
[2026-08-29T14:50:09Z DEBUG goblin::pe::utils] Checking .text for 0x130291 ∈ 0x1000..0x118124
[2026-08-29T14:50:09Z DEBUG goblin::pe::utils] Checking .rdata for 0x130291 ∈ 0x119000..0x1303a8
[2026-08-29T14:50:09Z DEBUG goblin::pe::utils] Found in section .rdata(1), remapped into offset 0x12e891
[2026-08-29T14:50:09Z DEBUG goblin::pe::utils] Checking .text for 0xdab54 ∈ 0x1000..0x118124
[2026-08-29T14:50:09Z DEBUG goblin::pe::utils] Found in section .text(0), remapped into offset 0xd9f54
[2026-08-29T14:50:09Z DEBUG goblin::pe::utils] Checking .text for 0x13029f ∈ 0x1000..0x118124
[2026-08-29T14:50:09Z DEBUG goblin::pe::utils] Checking .rdata for 0x13029f ∈ 0x119000..0x1303a8
[2026-08-29T14:50:09Z DEBUG goblin::pe::utils] Found in section .rdata(1), remapped into offset 0x12e89f
[2026-08-29T14:50:09Z DEBUG goblin::pe::utils] Checking .text for 0xdabb8 ∈ 0x1000..0x118124
[2026-08-29T14:50:09Z DEBUG goblin::pe::utils] Found in section .text(0), remapped into offset 0xd9fb8
[2026-08-29T14:50:09Z DEBUG goblin::pe::utils] Checking .text for 0x1302ad ∈ 0x1000..0x118124
[2026-08-29T14:50:09Z DEBUG goblin::pe::utils] Checking .rdata for 0x1302ad ∈ 0x119000..0x1303a8
[2026-08-29T14:50:09Z DEBUG goblin::pe::utils] Found in section .rdata(1), remapped into offset 0x12e8ad
[2026-08-29T14:50:09Z DEBUG goblin::pe::utils] Checking .text for 0xdaadc ∈ 0x1000..0x118124
[2026-08-29T14:50:09Z DEBUG goblin::pe::utils] Found in section .text(0), remapped into offset 0xd9edc
[2026-08-29T14:50:09Z DEBUG goblin::pe::utils] Checking .text for 0x1302bb ∈ 0x1000..0x118124
[2026-08-29T14:50:09Z DEBUG goblin::pe::utils] Checking .rdata for 0x1302bb ∈ 0x119000..0x1303a8
[2026-08-29T14:50:09Z DEBUG goblin::pe::utils] Found in section .rdata(1), remapped into offset 0x12e8bb
[2026-08-29T14:50:09Z DEBUG goblin::pe::utils] Checking .text for 0xdab30 ∈ 0x1000..0x118124
[2026-08-29T14:50:09Z DEBUG goblin::pe::utils] Found in section .text(0), remapped into offset 0xd9f30
[2026-08-29T14:50:09Z DEBUG goblin::pe::utils] Checking .text for 0x1302c9 ∈ 0x1000..0x118124
[2026-08-29T14:50:09Z DEBUG goblin::pe::utils] Checking .rdata for 0x1302c9 ∈ 0x119000..0x1303a8
[2026-08-29T14:50:09Z DEBUG goblin::pe::utils] Found in section .rdata(1), remapped into offset 0x12e8c9
[2026-08-29T14:50:09Z DEBUG goblin::pe::utils] Checking .text for 0xdab94 ∈ 0x1000..0x118124
[2026-08-29T14:50:09Z DEBUG goblin::pe::utils] Found in section .text(0), remapped into offset 0xd9f94
[2026-08-29T14:50:09Z DEBUG goblin::pe::utils] Checking .text for 0x1302d7 ∈ 0x1000..0x118124
[2026-08-29T14:50:09Z DEBUG goblin::pe::utils] Checking .rdata for 0x1302d7 ∈ 0x119000..0x1303a8
[2026-08-29T14:50:09Z DEBUG goblin::pe::utils] Found in section .rdata(1), remapped into offset 0x12e8d7
[2026-08-29T14:50:09Z DEBUG goblin::pe::utils] Checking .text for 0xc69fc ∈ 0x1000..0x118124
[2026-08-29T14:50:09Z DEBUG goblin::pe::utils] Found in section .text(0), remapped into offset 0xc5dfc
[2026-08-29T14:50:09Z DEBUG goblin::pe::utils] Checking .text for 0x1302e2 ∈ 0x1000..0x118124
[2026-08-29T14:50:09Z DEBUG goblin::pe::utils] Checking .rdata for 0x1302e2 ∈ 0x119000..0x1303a8
[2026-08-29T14:50:09Z DEBUG goblin::pe::utils] Found in section .rdata(1), remapped into offset 0x12e8e2
[2026-08-29T14:50:09Z DEBUG goblin::pe::utils] Checking .text for 0xe2db8 ∈ 0x1000..0x118124
[2026-08-29T14:50:09Z DEBUG goblin::pe::utils] Found in section .text(0), remapped into offset 0xe21b8
[2026-08-29T14:50:09Z DEBUG goblin::pe::utils] Checking .text for 0x1302ec ∈ 0x1000..0x118124
[2026-08-29T14:50:09Z DEBUG goblin::pe::utils] Checking .rdata for 0x1302ec ∈ 0x119000..0x1303a8
[2026-08-29T14:50:09Z DEBUG goblin::pe::utils] Found in section .rdata(1), remapped into offset 0x12e8ec
[2026-08-29T14:50:09Z DEBUG goblin::pe::utils] Checking .text for 0xe37b0 ∈ 0x1000..0x118124
[2026-08-29T14:50:09Z DEBUG goblin::pe::utils] Found in section .text(0), remapped into offset 0xe2bb0
[2026-08-29T14:50:09Z DEBUG goblin::pe::utils] Checking .text for 0x1302fc ∈ 0x1000..0x118124
[2026-08-29T14:50:09Z DEBUG goblin::pe::utils] Checking .rdata for 0x1302fc ∈ 0x119000..0x1303a8
[2026-08-29T14:50:09Z DEBUG goblin::pe::utils] Found in section .rdata(1), remapped into offset 0x12e8fc
[2026-08-29T14:50:09Z DEBUG goblin::pe::utils] Checking .text for 0xe2ca4 ∈ 0x1000..0x118124
[2026-08-29T14:50:09Z DEBUG goblin::pe::utils] Found in section .text(0), remapped into offset 0xe20a4
[2026-08-29T14:50:09Z DEBUG goblin::pe::utils] Checking .text for 0x13030b ∈ 0x1000..0x118124
[2026-08-29T14:50:09Z DEBUG goblin::pe::utils] Checking .rdata for 0x13030b ∈ 0x119000..0x1303a8
[2026-08-29T14:50:09Z DEBUG goblin::pe::utils] Found in section .rdata(1), remapped into offset 0x12e90b
[2026-08-29T14:50:09Z DEBUG goblin::pe::utils] Checking .text for 0xe37c8 ∈ 0x1000..0x118124
[2026-08-29T14:50:09Z DEBUG goblin::pe::utils] Found in section .text(0), remapped into offset 0xe2bc8
[2026-08-29T14:50:09Z DEBUG goblin::pe::utils] Checking .text for 0x13031c ∈ 0x1000..0x118124
[2026-08-29T14:50:09Z DEBUG goblin::pe::utils] Checking .rdata for 0x13031c ∈ 0x119000..0x1303a8
[2026-08-29T14:50:09Z DEBUG goblin::pe::utils] Found in section .rdata(1), remapped into offset 0x12e91c
[2026-08-29T14:50:09Z DEBUG goblin::pe::utils] Checking .text for 0xcba0c ∈ 0x1000..0x118124
[2026-08-29T14:50:09Z DEBUG goblin::pe::utils] Found in section .text(0), remapped into offset 0xcae0c
[2026-08-29T14:50:09Z DEBUG goblin::pe::utils] Checking .text for 0x130326 ∈ 0x1000..0x118124
[2026-08-29T14:50:09Z DEBUG goblin::pe::utils] Checking .rdata for 0x130326 ∈ 0x119000..0x1303a8
[2026-08-29T14:50:09Z DEBUG goblin::pe::utils] Found in section .rdata(1), remapped into offset 0x12e926
[2026-08-29T14:50:09Z DEBUG goblin::pe::utils] Checking .text for 0xcafe8 ∈ 0x1000..0x118124
[2026-08-29T14:50:09Z DEBUG goblin::pe::utils] Found in section .text(0), remapped into offset 0xca3e8
[2026-08-29T14:50:09Z DEBUG goblin::pe::utils] Checking .text for 0x130331 ∈ 0x1000..0x118124
[2026-08-29T14:50:09Z DEBUG goblin::pe::utils] Checking .rdata for 0x130331 ∈ 0x119000..0x1303a8
[2026-08-29T14:50:09Z DEBUG goblin::pe::utils] Found in section .rdata(1), remapped into offset 0x12e931
[2026-08-29T14:50:09Z DEBUG goblin::pe::utils] Checking .text for 0xcb038 ∈ 0x1000..0x118124
[2026-08-29T14:50:09Z DEBUG goblin::pe::utils] Found in section .text(0), remapped into offset 0xca438
[2026-08-29T14:50:09Z DEBUG goblin::pe::utils] Checking .text for 0x13033c ∈ 0x1000..0x118124
[2026-08-29T14:50:09Z DEBUG goblin::pe::utils] Checking .rdata for 0x13033c ∈ 0x119000..0x1303a8
[2026-08-29T14:50:09Z DEBUG goblin::pe::utils] Found in section .rdata(1), remapped into offset 0x12e93c
[2026-08-29T14:50:09Z DEBUG goblin::pe::utils] Checking .text for 0xc68b8 ∈ 0x1000..0x118124
[2026-08-29T14:50:09Z DEBUG goblin::pe::utils] Found in section .text(0), remapped into offset 0xc5cb8
[2026-08-29T14:50:09Z DEBUG goblin::pe::utils] Checking .text for 0x130347 ∈ 0x1000..0x118124
[2026-08-29T14:50:09Z DEBUG goblin::pe::utils] Checking .rdata for 0x130347 ∈ 0x119000..0x1303a8
[2026-08-29T14:50:09Z DEBUG goblin::pe::utils] Found in section .rdata(1), remapped into offset 0x12e947
[2026-08-29T14:50:09Z DEBUG goblin::pe::utils] Checking .text for 0xcb8b8 ∈ 0x1000..0x118124
[2026-08-29T14:50:09Z DEBUG goblin::pe::utils] Found in section .text(0), remapped into offset 0xcacb8
[2026-08-29T14:50:09Z DEBUG goblin::pe::utils] Checking .text for 0x130352 ∈ 0x1000..0x118124
[2026-08-29T14:50:09Z DEBUG goblin::pe::utils] Checking .rdata for 0x130352 ∈ 0x119000..0x1303a8
[2026-08-29T14:50:09Z DEBUG goblin::pe::utils] Found in section .rdata(1), remapped into offset 0x12e952
[2026-08-29T14:50:09Z DEBUG goblin::pe::utils] Checking .text for 0xcbc94 ∈ 0x1000..0x118124
[2026-08-29T14:50:09Z DEBUG goblin::pe::utils] Found in section .text(0), remapped into offset 0xcb094
[2026-08-29T14:50:09Z DEBUG goblin::pe::utils] Checking .text for 0x13035f ∈ 0x1000..0x118124
[2026-08-29T14:50:09Z DEBUG goblin::pe::utils] Checking .rdata for 0x13035f ∈ 0x119000..0x1303a8
[2026-08-29T14:50:09Z DEBUG goblin::pe::utils] Found in section .rdata(1), remapped into offset 0x12e95f
[2026-08-29T14:50:09Z DEBUG goblin::pe::utils] Checking .text for 0xcb9ac ∈ 0x1000..0x118124
[2026-08-29T14:50:09Z DEBUG goblin::pe::utils] Found in section .text(0), remapped into offset 0xcadac
[2026-08-29T14:50:09Z DEBUG goblin::pe::utils] Checking .text for 0x13036a ∈ 0x1000..0x118124
[2026-08-29T14:50:09Z DEBUG goblin::pe::utils] Checking .rdata for 0x13036a ∈ 0x119000..0x1303a8
[2026-08-29T14:50:09Z DEBUG goblin::pe::utils] Found in section .rdata(1), remapped into offset 0x12e96a
[2026-08-29T14:50:09Z DEBUG goblin::pe::utils] Checking .text for 0xcb938 ∈ 0x1000..0x118124
[2026-08-29T14:50:09Z DEBUG goblin::pe::utils] Found in section .text(0), remapped into offset 0xcad38
[2026-08-29T14:50:09Z DEBUG goblin::pe::utils] Checking .text for 0x130376 ∈ 0x1000..0x118124
[2026-08-29T14:50:09Z DEBUG goblin::pe::utils] Checking .rdata for 0x130376 ∈ 0x119000..0x1303a8
[2026-08-29T14:50:09Z DEBUG goblin::pe::utils] Found in section .rdata(1), remapped into offset 0x12e976
[2026-08-29T14:50:09Z DEBUG goblin::pe::utils] Checking .text for 0xcb8e8 ∈ 0x1000..0x118124
[2026-08-29T14:50:09Z DEBUG goblin::pe::utils] Found in section .text(0), remapped into offset 0xcace8
[2026-08-29T14:50:09Z DEBUG goblin::pe::utils] Checking .text for 0x130382 ∈ 0x1000..0x118124
[2026-08-29T14:50:09Z DEBUG goblin::pe::utils] Checking .rdata for 0x130382 ∈ 0x119000..0x1303a8
[2026-08-29T14:50:09Z DEBUG goblin::pe::utils] Found in section .rdata(1), remapped into offset 0x12e982
[2026-08-29T14:50:09Z DEBUG goblin::pe::utils] Checking .text for 0xcbc20 ∈ 0x1000..0x118124
[2026-08-29T14:50:09Z DEBUG goblin::pe::utils] Found in section .text(0), remapped into offset 0xcb020
[2026-08-29T14:50:09Z DEBUG goblin::pe::utils] Checking .text for 0x13038f ∈ 0x1000..0x118124
[2026-08-29T14:50:09Z DEBUG goblin::pe::utils] Checking .rdata for 0x13038f ∈ 0x119000..0x1303a8
[2026-08-29T14:50:09Z DEBUG goblin::pe::utils] Found in section .rdata(1), remapped into offset 0x12e98f
[2026-08-29T14:50:09Z DEBUG goblin::pe::utils] Checking .text for 0xcbb28 ∈ 0x1000..0x118124
[2026-08-29T14:50:09Z DEBUG goblin::pe::utils] Found in section .text(0), remapped into offset 0xcaf28
[2026-08-29T14:50:09Z DEBUG goblin::pe::utils] Checking .text for 0x13039a ∈ 0x1000..0x118124
[2026-08-29T14:50:09Z DEBUG goblin::pe::utils] Checking .rdata for 0x13039a ∈ 0x119000..0x1303a8
[2026-08-29T14:50:09Z DEBUG goblin::pe::utils] Found in section .rdata(1), remapped into offset 0x12e99a
[2026-08-29T14:50:09Z DEBUG goblin::pe::utils] Checking .text for 0xcc184 ∈ 0x1000..0x118124
[2026-08-29T14:50:09Z DEBUG goblin::pe::utils] Found in section .text(0), remapped into offset 0xcb584
[2026-08-29T14:50:09Z DEBUG goblin::pe] name: Some(
        "Bubble Bash 2.exe",
    )
[2026-08-29T14:50:09Z DEBUG goblin::pe] exports: [
        Export {
            name: Some(
                "SDL_AddTimer",
            ),
            offset: Some(
                808152,
            ),
            rva: 811224,
            size: 0,
            reexport: None,
        },
        Export {
            name: Some(
                "SDL_AllocRW",
            ),
            offset: Some(
                892228,
            ),
            rva: 895300,
            size: 0,
            reexport: None,
        },
        Export {
            name: Some(
                "SDL_AudioDriverName",
            ),
            offset: Some(
                811700,
            ),
            rva: 814772,
            size: 0,
            reexport: None,
        },
        Export {
            name: Some(
                "SDL_AudioInit",
            ),
            offset: Some(
                811356,
            ),
            rva: 814428,
            size: 0,
            reexport: None,
        },
        Export {
            name: Some(
                "SDL_AudioQuit",
            ),
            offset: Some(
                813324,
            ),
            rva: 816396,
            size: 0,
            reexport: None,
        },
        Export {
            name: Some(
                "SDL_BuildAudioCVT",
            ),
            offset: Some(
                875416,
            ),
            rva: 878488,
            size: 0,
            reexport: None,
        },
        Export {
            name: Some(
                "SDL_ClearError",
            ),
            offset: Some(
                810064,
            ),
            rva: 813136,
            size: 0,
            reexport: None,
        },
        Export {
            name: Some(
                "SDL_CloseAudio",
            ),
            offset: Some(
                813280,
            ),
            rva: 816352,
            size: 0,
            reexport: None,
        },
        Export {
            name: Some(
                "SDL_ConvertAudio",
            ),
            offset: Some(
                875324,
            ),
            rva: 878396,
            size: 0,
            reexport: None,
        },
        Export {
            name: Some(
                "SDL_ConvertSurface",
            ),
            offset: Some(
                805308,
            ),
            rva: 808380,
            size: 0,
            reexport: None,
        },
        Export {
            name: Some(
                "SDL_CreateCursor",
            ),
            offset: Some(
                822720,
            ),
            rva: 825792,
            size: 0,
            reexport: None,
        },
        Export {
            name: Some(
                "SDL_CreateMutex",
            ),
            offset: Some(
                828244,
            ),
            rva: 831316,
            size: 0,
            reexport: None,
        },
        Export {
            name: Some(
                "SDL_CreateRGBSurface",
            ),
            offset: Some(
                801320,
            ),
            rva: 804392,
            size: 0,
            reexport: None,
        },
        Export {
            name: Some(
                "SDL_CreateRGBSurfaceFrom",
            ),
            offset: Some(
                801960,
            ),
            rva: 805032,
            size: 0,
            reexport: None,
        },
        Export {
            name: Some(
                "SDL_CreateSemaphore",
            ),
            offset: Some(
                889008,
            ),
            rva: 892080,
            size: 0,
            reexport: None,
        },
        Export {
            name: Some(
                "SDL_CreateThread",
            ),
            offset: Some(
                849524,
            ),
            rva: 852596,
            size: 0,
            reexport: None,
        },
        Export {
            name: Some(
                "SDL_Delay",
            ),
            offset: Some(
                806816,
            ),
            rva: 809888,
            size: 0,
            reexport: None,
        },
        Export {
            name: Some(
                "SDL_DestroyMutex",
            ),
            offset: Some(
                828340,
            ),
            rva: 831412,
            size: 0,
            reexport: None,
        },
        Export {
            name: Some(
                "SDL_DestroySemaphore",
            ),
            offset: Some(
                828340,
            ),
            rva: 831412,
            size: 0,
            reexport: None,
        },
        Export {
            name: Some(
                "SDL_DisplayFormat",
            ),
            offset: Some(
                792428,
            ),
            rva: 795500,
            size: 0,
            reexport: None,
        },
        Export {
            name: Some(
                "SDL_DisplayFormatAlpha",
            ),
            offset: Some(
                792560,
            ),
            rva: 795632,
            size: 0,
            reexport: None,
        },
        Export {
            name: Some(
                "SDL_EnableKeyRepeat",
            ),
            offset: Some(
                822244,
            ),
            rva: 825316,
            size: 0,
            reexport: None,
        },
        Export {
            name: Some(
                "SDL_EnableUNICODE",
            ),
            offset: Some(
                821108,
            ),
            rva: 824180,
            size: 0,
            reexport: None,
        },
        Export {
            name: Some(
                "SDL_Error",
            ),
            offset: Some(
                810084,
            ),
            rva: 813156,
            size: 0,
            reexport: None,
        },
        Export {
            name: Some(
                "SDL_EventState",
            ),
            offset: Some(
                800720,
            ),
            rva: 803792,
            size: 0,
            reexport: None,
        },
        Export {
            name: Some(
                "SDL_FillRect",
            ),
            offset: Some(
                803968,
            ),
            rva: 807040,
            size: 0,
            reexport: None,
        },
        Export {
            name: Some(
                "SDL_Flip",
            ),
            offset: Some(
                793580,
            ),
            rva: 796652,
            size: 0,
            reexport: None,
        },
        Export {
            name: Some(
                "SDL_FreeCursor",
            ),
            offset: Some(
                823696,
            ),
            rva: 826768,
            size: 0,
            reexport: None,
        },
        Export {
            name: Some(
                "SDL_FreeRW",
            ),
            offset: Some(
                892288,
            ),
            rva: 895360,
            size: 0,
            reexport: None,
        },
        Export {
            name: Some(
                "SDL_FreeSurface",
            ),
            offset: Some(
                806216,
            ),
            rva: 809288,
            size: 0,
            reexport: None,
        },
        Export {
            name: Some(
                "SDL_GL_GetAttribute",
            ),
            offset: Some(
                795736,
            ),
            rva: 798808,
            size: 0,
            reexport: None,
        },
        Export {
            name: Some(
                "SDL_GL_GetProcAddress",
            ),
            offset: Some(
                795420,
            ),
            rva: 798492,
            size: 0,
            reexport: None,
        },
        Export {
            name: Some(
                "SDL_GL_LoadLibrary",
            ),
            offset: Some(
                795328,
            ),
            rva: 798400,
            size: 0,
            reexport: None,
        },
        Export {
            name: Some(
                "SDL_GL_Lock",
            ),
            offset: Some(
                1024,
            ),
            rva: 4096,
            size: 0,
            reexport: None,
        },
        Export {
            name: Some(
                "SDL_GL_SetAttribute",
            ),
            offset: Some(
                795516,
            ),
            rva: 798588,
            size: 0,
            reexport: None,
        },
        Export {
            name: Some(
                "SDL_GL_SwapBuffers",
            ),
            offset: Some(
                795816,
            ),
            rva: 798888,
            size: 0,
            reexport: None,
        },
        Export {
            name: Some(
                "SDL_GL_Unlock",
            ),
            offset: Some(
                1024,
            ),
            rva: 4096,
            size: 0,
            reexport: None,
        },
        Export {
            name: Some(
                "SDL_GL_UpdateRects",
            ),
            offset: Some(
                1024,
            ),
            rva: 4096,
            size: 0,
            reexport: None,
        },
        Export {
            name: Some(
                "SDL_GetAppState",
            ),
            offset: Some(
                849984,
            ),
            rva: 853056,
            size: 0,
            reexport: None,
        },
        Export {
            name: Some(
                "SDL_GetAudioStatus",
            ),
            offset: Some(
                813116,
            ),
            rva: 816188,
            size: 0,
            reexport: None,
        },
        Export {
            name: Some(
                "SDL_GetClipRect",
            ),
            offset: Some(
                803072,
            ),
            rva: 806144,
            size: 0,
            reexport: None,
        },
        Export {
            name: Some(
                "SDL_GetCursor",
            ),
            offset: Some(
                823680,
            ),
            rva: 826752,
            size: 0,
            reexport: None,
        },
        Export {
            name: Some(
                "SDL_GetError",
            ),
            offset: Some(
                810048,
            ),
            rva: 813120,
            size: 0,
            reexport: None,
        },
        Export {
            name: Some(
                "SDL_GetEventFilter",
            ),
            offset: Some(
                800704,
            ),
            rva: 803776,
            size: 0,
            reexport: None,
        },
        Export {
            name: Some(
                "SDL_GetKeyName",
            ),
            offset: Some(
                821232,
            ),
            rva: 824304,
            size: 0,
            reexport: None,
        },
        Export {
            name: Some(
                "SDL_GetKeyRepeat",
            ),
            offset: Some(
                822324,
            ),
            rva: 825396,
            size: 0,
            reexport: None,
        },
        Export {
            name: Some(
                "SDL_GetKeyState",
            ),
            offset: Some(
                821132,
            ),
            rva: 824204,
            size: 0,
            reexport: None,
        },
        Export {
            name: Some(
                "SDL_GetModState",
            ),
            offset: Some(
                821184,
            ),
            rva: 824256,
            size: 0,
            reexport: None,
        },
        Export {
            name: Some(
                "SDL_GetMouseState",
            ),
            offset: Some(
                828548,
            ),
            rva: 831620,
            size: 0,
            reexport: None,
        },
        Export {
            name: Some(
                "SDL_GetRGB",
            ),
            offset: Some(
                816224,
            ),
            rva: 819296,
            size: 0,
            reexport: None,
        },
        Export {
            name: Some(
                "SDL_GetRGBA",
            ),
            offset: Some(
                815924,
            ),
            rva: 818996,
            size: 0,
            reexport: None,
        },
        Export {
            name: Some(
                "SDL_GetRelativeMouseState",
            ),
            offset: Some(
                828588,
            ),
            rva: 831660,
            size: 0,
            reexport: None,
        },
        Export {
            name: Some(
                "SDL_GetThreadID",
            ),
            offset: Some(
                849880,
            ),
            rva: 852952,
            size: 0,
            reexport: None,
        },
        Export {
            name: Some(
                "SDL_GetTicks",
            ),
            offset: Some(
                806620,
            ),
            rva: 809692,
            size: 0,
            reexport: None,
        },
        Export {
            name: Some(
                "SDL_GetVideoInfo",
            ),
            offset: Some(
                789352,
            ),
            rva: 792424,
            size: 0,
            reexport: None,
        },
        Export {
            name: Some(
                "SDL_GetVideoSurface",
            ),
            offset: Some(
                789324,
            ),
            rva: 792396,
            size: 0,
            reexport: None,
        },
        Export {
            name: Some(
                "SDL_GetWMInfo",
            ),
            offset: Some(
                797784,
            ),
            rva: 800856,
            size: 0,
            reexport: None,
        },
        Export {
            name: Some(
                "SDL_Has3DNow",
            ),
            offset: Some(
                948184,
            ),
            rva: 951256,
            size: 0,
            reexport: None,
        },
        Export {
            name: Some(
                "SDL_Has3DNowExt",
            ),
            offset: Some(
                948276,
            ),
            rva: 951348,
            size: 0,
            reexport: None,
        },
        Export {
            name: Some(
                "SDL_HasAltiVec",
            ),
            offset: Some(
                948552,
            ),
            rva: 951624,
            size: 0,
            reexport: None,
        },
        Export {
            name: Some(
                "SDL_HasMMX",
            ),
            offset: Some(
                948000,
            ),
            rva: 951072,
            size: 0,
            reexport: None,
        },
        Export {
            name: Some(
                "SDL_HasMMXExt",
            ),
            offset: Some(
                948092,
            ),
            rva: 951164,
            size: 0,
            reexport: None,
        },
        Export {
            name: Some(
                "SDL_HasRDTSC",
            ),
            offset: Some(
                947908,
            ),
            rva: 950980,
            size: 0,
            reexport: None,
        },
        Export {
            name: Some(
                "SDL_HasSSE",
            ),
            offset: Some(
                948368,
            ),
            rva: 951440,
            size: 0,
            reexport: None,
        },
        Export {
            name: Some(
                "SDL_HasSSE2",
            ),
            offset: Some(
                948460,
            ),
            rva: 951532,
            size: 0,
            reexport: None,
        },
        Export {
            name: Some(
                "SDL_Init",
            ),
            offset: Some(
                788216,
            ),
            rva: 791288,
            size: 0,
            reexport: None,
        },
        Export {
            name: Some(
                "SDL_InitSubSystem",
            ),
            offset: Some(
                787956,
            ),
            rva: 791028,
            size: 0,
            reexport: None,
        },
        Export {
            name: Some(
                "SDL_KillThread",
            ),
            offset: Some(
                849908,
            ),
            rva: 852980,
            size: 0,
            reexport: None,
        },
        Export {
            name: Some(
                "SDL_Linked_Version",
            ),
            offset: Some(
                788512,
            ),
            rva: 791584,
            size: 0,
            reexport: None,
        },
        Export {
            name: Some(
                "SDL_ListModes",
            ),
            offset: Some(
                789380,
            ),
            rva: 792452,
            size: 0,
            reexport: None,
        },
        Export {
            name: Some(
                "SDL_LoadFunction",
            ),
            offset: Some(
                929416,
            ),
            rva: 932488,
            size: 0,
            reexport: None,
        },
        Export {
            name: Some(
                "SDL_LoadObject",
            ),
            offset: Some(
                929136,
            ),
            rva: 932208,
            size: 0,
            reexport: None,
        },
        Export {
            name: Some(
                "SDL_LockAudio",
            ),
            offset: Some(
                813200,
            ),
            rva: 816272,
            size: 0,
            reexport: None,
        },
        Export {
            name: Some(
                "SDL_LockSurface",
            ),
            offset: Some(
                805056,
            ),
            rva: 808128,
            size: 0,
            reexport: None,
        },
        Export {
            name: Some(
                "SDL_LowerBlit",
            ),
            offset: Some(
                803124,
            ),
            rva: 806196,
            size: 0,
            reexport: None,
        },
        Export {
            name: Some(
                "SDL_MapRGB",
            ),
            offset: Some(
                815732,
            ),
            rva: 818804,
            size: 0,
            reexport: None,
        },
        Export {
            name: Some(
                "SDL_MapRGBA",
            ),
            offset: Some(
                815820,
            ),
            rva: 818892,
            size: 0,
            reexport: None,
        },
        Export {
            name: Some(
                "SDL_OpenAudio",
            ),
            offset: Some(
                811808,
            ),
            rva: 814880,
            size: 0,
            reexport: None,
        },
        Export {
            name: Some(
                "SDL_PauseAudio",
            ),
            offset: Some(
                813176,
            ),
            rva: 816248,
            size: 0,
            reexport: None,
        },
        Export {
            name: Some(
                "SDL_PeepEvents",
            ),
            offset: Some(
                799612,
            ),
            rva: 802684,
            size: 0,
            reexport: None,
        },
        Export {
            name: Some(
                "SDL_PollEvent",
            ),
            offset: Some(
                800100,
            ),
            rva: 803172,
            size: 0,
            reexport: None,
        },
        Export {
            name: Some(
                "SDL_PumpEvents",
            ),
            offset: Some(
                800052,
            ),
            rva: 803124,
            size: 0,
            reexport: None,
        },
        Export {
            name: Some(
                "SDL_PushEvent",
            ),
            offset: Some(
                800440,
            ),
            rva: 803512,
            size: 0,
            reexport: None,
        },
        Export {
            name: Some(
                "SDL_Quit",
            ),
            offset: Some(
                788416,
            ),
            rva: 791488,
            size: 0,
            reexport: None,
        },
        Export {
            name: Some(
                "SDL_QuitSubSystem",
            ),
            offset: Some(
                788264,
            ),
            rva: 791336,
            size: 0,
            reexport: None,
        },
        Export {
            name: Some(
                "SDL_RWFromConstMem",
            ),
            offset: Some(
                892108,
            ),
            rva: 895180,
            size: 0,
            reexport: None,
        },
        Export {
            name: Some(
                "SDL_RWFromFP",
            ),
            offset: Some(
                891876,
            ),
            rva: 894948,
            size: 0,
            reexport: None,
        },
        Export {
            name: Some(
                "SDL_RWFromFile",
            ),
            offset: Some(
                891676,
            ),
            rva: 894748,
            size: 0,
            reexport: None,
        },
        Export {
            name: Some(
                "SDL_RWFromMem",
            ),
            offset: Some(
                891988,
            ),
            rva: 895060,
            size: 0,
            reexport: None,
        },
        Export {
            name: Some(
                "SDL_ReadBE16",
            ),
            offset: Some(
                892332,
            ),
            rva: 895404,
            size: 0,
            reexport: None,
        },
        Export {
            name: Some(
                "SDL_ReadBE32",
            ),
            offset: Some(
                892436,
            ),
            rva: 895508,
            size: 0,
            reexport: None,
        },
        Export {
            name: Some(
                "SDL_ReadBE64",
            ),
            offset: Some(
                892544,
            ),
            rva: 895616,
            size: 0,
            reexport: None,
        },
        Export {
            name: Some(
                "SDL_ReadLE16",
            ),
            offset: Some(
                892292,
            ),
            rva: 895364,
            size: 0,
            reexport: None,
        },
        Export {
            name: Some(
                "SDL_ReadLE32",
            ),
            offset: Some(
                892396,
            ),
            rva: 895468,
            size: 0,
            reexport: None,
        },
        Export {
            name: Some(
                "SDL_ReadLE64",
            ),
            offset: Some(
                892500,
            ),
            rva: 895572,
            size: 0,
            reexport: None,
        },
        Export {
            name: Some(
                "SDL_RegisterApp",
            ),
            offset: Some(
                888496,
            ),
            rva: 891568,
            size: 0,
            reexport: None,
        },
        Export {
            name: Some(
                "SDL_RemoveTimer",
            ),
            offset: Some(
                808400,
            ),
            rva: 811472,
            size: 0,
            reexport: None,
        },
        Export {
            name: Some(
                "SDL_SemPost",
            ),
            offset: Some(
                889524,
            ),
            rva: 892596,
            size: 0,
            reexport: None,
        },
        Export {
            name: Some(
                "SDL_SemTryWait",
            ),
            offset: Some(
                889248,
            ),
            rva: 892320,
            size: 0,
            reexport: None,
        },
        Export {
            name: Some(
                "SDL_SemValue",
            ),
            offset: Some(
                889484,
            ),
            rva: 892556,
            size: 0,
            reexport: None,
        },
        Export {
            name: Some(
                "SDL_SemWait",
            ),
            offset: Some(
                889360,
            ),
            rva: 892432,
            size: 0,
            reexport: None,
        },
        Export {
            name: Some(
                "SDL_SemWaitTimeout",
            ),
            offset: Some(
                889120,
            ),
            rva: 892192,
            size: 0,
            reexport: None,
        },
        Export {
            name: Some(
                "SDL_SetAlpha",
            ),
            offset: Some(
                802408,
            ),
            rva: 805480,
            size: 0,
            reexport: None,
        },
        Export {
            name: Some(
                "SDL_SetClipRect",
            ),
            offset: Some(
                802948,
            ),
            rva: 806020,
            size: 0,
            reexport: None,
        },
        Export {
            name: Some(
                "SDL_SetColorKey",
            ),
            offset: Some(
                802100,
            ),
            rva: 805172,
            size: 0,
            reexport: None,
        },
        Export {
            name: Some(
                "SDL_SetColors",
            ),
            offset: Some(
                794984,
            ),
            rva: 798056,
            size: 0,
            reexport: None,
        },
        Export {
            name: Some(
                "SDL_SetCursor",
            ),
            offset: Some(
                823188,
            ),
            rva: 826260,
            size: 0,
            reexport: None,
        },
        Export {
            name: Some(
                "SDL_SetError",
            ),
            offset: Some(
                809040,
            ),
            rva: 812112,
            size: 0,
            reexport: None,
        },
        Export {
            name: Some(
                "SDL_SetEventFilter",
            ),
            offset: Some(
                800476,
            ),
            rva: 803548,
            size: 0,
            reexport: None,
        },
        Export {
            name: Some(
                "SDL_SetModState",
            ),
            offset: Some(
                821216,
            ),
            rva: 824288,
            size: 0,
            reexport: None,
        },
        Export {
            name: Some(
                "SDL_SetModuleHandle",
            ),
            offset: Some(
                888480,
            ),
            rva: 891552,
            size: 0,
            reexport: None,
        },
        Export {
            name: Some(
                "SDL_SetPalette",
            ),
            offset: Some(
                794664,
            ),
            rva: 797736,
            size: 0,
            reexport: None,
        },
        Export {
            name: Some(
                "SDL_SetTimer",
            ),
            offset: Some(
                808656,
            ),
            rva: 811728,
            size: 0,
            reexport: None,
        },
        Export {
            name: Some(
                "SDL_SetVideoMode",
            ),
            offset: Some(
                790908,
            ),
            rva: 793980,
            size: 0,
            reexport: None,
        },
        Export {
            name: Some(
                "SDL_ShowCursor",
            ),
            offset: Some(
                823836,
            ),
            rva: 826908,
            size: 0,
            reexport: None,
        },
        Export {
            name: Some(
                "SDL_ThreadID",
            ),
            offset: Some(
                848512,
            ),
            rva: 851584,
            size: 0,
            reexport: None,
        },
        Export {
            name: Some(
                "SDL_UnloadObject",
            ),
            offset: Some(
                929728,
            ),
            rva: 932800,
            size: 0,
            reexport: None,
        },
        Export {
            name: Some(
                "SDL_UnlockAudio",
            ),
            offset: Some(
                813240,
            ),
            rva: 816312,
            size: 0,
            reexport: None,
        },
        Export {
            name: Some(
                "SDL_UnlockSurface",
            ),
            offset: Some(
                805196,
            ),
            rva: 808268,
            size: 0,
            reexport: None,
        },
        Export {
            name: Some(
                "SDL_UnregisterApp",
            ),
            offset: Some(
                888908,
            ),
            rva: 891980,
            size: 0,
            reexport: None,
        },
        Export {
            name: Some(
                "SDL_UpdateRect",
            ),
            offset: Some(
                792856,
            ),
            rva: 795928,
            size: 0,
            reexport: None,
        },
        Export {
            name: Some(
                "SDL_UpdateRects",
            ),
            offset: Some(
                792972,
            ),
            rva: 796044,
            size: 0,
            reexport: None,
        },
        Export {
            name: Some(
                "SDL_UpperBlit",
            ),
            offset: Some(
                803472,
            ),
            rva: 806544,
            size: 0,
            reexport: None,
        },
        Export {
            name: Some(
                "SDL_VideoDriverName",
            ),
            offset: Some(
                789216,
            ),
            rva: 792288,
            size: 0,
            reexport: None,
        },
        Export {
            name: Some(
                "SDL_VideoInit",
            ),
            offset: Some(
                788524,
            ),
            rva: 791596,
            size: 0,
            reexport: None,
        },
        Export {
            name: Some(
                "SDL_VideoModeOK",
            ),
            offset: Some(
                789452,
            ),
            rva: 792524,
            size: 0,
            reexport: None,
        },
        Export {
            name: Some(
                "SDL_VideoQuit",
            ),
            offset: Some(
                795024,
            ),
            rva: 798096,
            size: 0,
            reexport: None,
        },
        Export {
            name: Some(
                "SDL_WM_GetCaption",
            ),
            offset: Some(
                796180,
            ),
            rva: 799252,
            size: 0,
            reexport: None,
        },
        Export {
            name: Some(
                "SDL_WM_GrabInput",
            ),
            offset: Some(
                797300,
            ),
            rva: 800372,
            size: 0,
            reexport: None,
        },
        Export {
            name: Some(
                "SDL_WM_IconifyWindow",
            ),
            offset: Some(
                797524,
            ),
            rva: 800596,
            size: 0,
            reexport: None,
        },
        Export {
            name: Some(
                "SDL_WM_SetCaption",
            ),
            offset: Some(
                795876,
            ),
            rva: 798948,
            size: 0,
            reexport: None,
        },
        Export {
            name: Some(
                "SDL_WM_SetIcon",
            ),
            offset: Some(
                796940,
            ),
            rva: 800012,
            size: 0,
            reexport: None,
        },
        Export {
            name: Some(
                "SDL_WM_ToggleFullScreen",
            ),
            offset: Some(
                797572,
            ),
            rva: 800644,
            size: 0,
            reexport: None,
        },
        Export {
            name: Some(
                "SDL_WaitEvent",
            ),
            offset: Some(
                800184,
            ),
            rva: 803256,
            size: 0,
            reexport: None,
        },
        Export {
            name: Some(
                "SDL_WaitThread",
            ),
            offset: Some(
                849812,
            ),
            rva: 852884,
            size: 0,
            reexport: None,
        },
        Export {
            name: Some(
                "SDL_WarpMouse",
            ),
            offset: Some(
                824044,
            ),
            rva: 827116,
            size: 0,
            reexport: None,
        },
        Export {
            name: Some(
                "SDL_WasInit",
            ),
            offset: Some(
                788372,
            ),
            rva: 791444,
            size: 0,
            reexport: None,
        },
        Export {
            name: Some(
                "SDL_WriteBE16",
            ),
            offset: Some(
                892672,
            ),
            rva: 895744,
            size: 0,
            reexport: None,
        },
        Export {
            name: Some(
                "SDL_WriteBE32",
            ),
            offset: Some(
                892756,
            ),
            rva: 895828,
            size: 0,
            reexport: None,
        },
        Export {
            name: Some(
                "SDL_WriteBE64",
            ),
            offset: Some(
                892856,
            ),
            rva: 895928,
            size: 0,
            reexport: None,
        },
        Export {
            name: Some(
                "SDL_WriteLE16",
            ),
            offset: Some(
                892636,
            ),
            rva: 895708,
            size: 0,
            reexport: None,
        },
        Export {
            name: Some(
                "SDL_WriteLE32",
            ),
            offset: Some(
                892720,
            ),
            rva: 895792,
            size: 0,
            reexport: None,
        },
        Export {
            name: Some(
                "SDL_WriteLE64",
            ),
            offset: Some(
                892820,
            ),
            rva: 895892,
            size: 0,
            reexport: None,
        },
        Export {
            name: Some(
                "SDL_getenv",
            ),
            offset: Some(
                810492,
            ),
            rva: 813564,
            size: 0,
            reexport: None,
        },
        Export {
            name: Some(
                "SDL_iconv",
            ),
            offset: Some(
                926136,
            ),
            rva: 929208,
            size: 0,
            reexport: None,
        },
        Export {
            name: Some(
                "SDL_iconv_close",
            ),
            offset: Some(
                928688,
            ),
            rva: 931760,
            size: 0,
            reexport: None,
        },
        Export {
            name: Some(
                "SDL_iconv_open",
            ),
            offset: Some(
                925860,
            ),
            rva: 928932,
            size: 0,
            reexport: None,
        },
        Export {
            name: Some(
                "SDL_iconv_string",
            ),
            offset: Some(
                928712,
            ),
            rva: 931784,
            size: 0,
            reexport: None,
        },
        Export {
            name: Some(
                "SDL_lltoa",
            ),
            offset: Some(
                830988,
            ),
            rva: 834060,
            size: 0,
            reexport: None,
        },
        Export {
            name: Some(
                "SDL_mutexP",
            ),
            offset: Some(
                828392,
            ),
            rva: 831464,
            size: 0,
            reexport: None,
        },
        Export {
            name: Some(
                "SDL_mutexV",
            ),
            offset: Some(
                828472,
            ),
            rva: 831544,
            size: 0,
            reexport: None,
        },
        Export {
            name: Some(
                "SDL_putenv",
            ),
            offset: Some(
                810168,
            ),
            rva: 813240,
            size: 0,
            reexport: None,
        },
        Export {
            name: Some(
                "SDL_revcpy",
            ),
            offset: Some(
                830648,
            ),
            rva: 833720,
            size: 0,
            reexport: None,
        },
        Export {
            name: Some(
                "SDL_snprintf",
            ),
            offset: Some(
                831636,
            ),
            rva: 834708,
            size: 0,
            reexport: None,
        },
        Export {
            name: Some(
                "SDL_strdup",
            ),
            offset: Some(
                830892,
            ),
            rva: 833964,
            size: 0,
            reexport: None,
        },
        Export {
            name: Some(
                "SDL_strlcat",
            ),
            offset: Some(
                830776,
            ),
            rva: 833848,
            size: 0,
            reexport: None,
        },
        Export {
            name: Some(
                "SDL_strlcpy",
            ),
            offset: Some(
                830696,
            ),
            rva: 833768,
            size: 0,
            reexport: None,
        },
        Export {
            name: Some(
                "SDL_strtoull",
            ),
            offset: Some(
                831520,
            ),
            rva: 834592,
            size: 0,
            reexport: None,
        },
        Export {
            name: Some(
                "SDL_ulltoa",
            ),
            offset: Some(
                831272,
            ),
            rva: 834344,
            size: 0,
            reexport: None,
        },
        Export {
            name: Some(
                "SDL_vsnprintf",
            ),
            offset: Some(
                832900,
            ),
            rva: 835972,
            size: 0,
            reexport: None,
        },
    ]
[2026-08-29T14:50:09Z DEBUG goblin::pe::import] import_directory_table_rva 0x12efa4
[2026-08-29T14:50:09Z DEBUG goblin::pe::utils] Checking .text for 0x12efa4 ∈ 0x1000..0x118124
[2026-08-29T14:50:09Z DEBUG goblin::pe::utils] Checking .rdata for 0x12efa4 ∈ 0x119000..0x1303a8
[2026-08-29T14:50:09Z DEBUG goblin::pe::utils] Found in section .rdata(1), remapped into offset 0x12d5a4
[2026-08-29T14:50:09Z DEBUG goblin::pe::import] import data offset 0x12d5a4
[2026-08-29T14:50:09Z DEBUG goblin::pe::import] ImportDirectoryEntry {
        import_lookup_table_rva: 1241056,
        time_date_stamp: 0,
        forwarder_chain: 0,
        name_rva: 1241928,
        import_address_table_rva: 1249280,
    }
[2026-08-29T14:50:09Z DEBUG goblin::pe::utils] Checking .text for 0x12f348 ∈ 0x1000..0x118124
[2026-08-29T14:50:09Z DEBUG goblin::pe::utils] Checking .rdata for 0x12f348 ∈ 0x119000..0x1303a8
[2026-08-29T14:50:09Z DEBUG goblin::pe::utils] Found in section .rdata(1), remapped into offset 0x12d948
[2026-08-29T14:50:09Z DEBUG goblin::pe::utils] Checking .text for 0x12efe0 ∈ 0x1000..0x118124
[2026-08-29T14:50:09Z DEBUG goblin::pe::utils] Checking .rdata for 0x12efe0 ∈ 0x119000..0x1303a8
[2026-08-29T14:50:09Z DEBUG goblin::pe::utils] Found in section .rdata(1), remapped into offset 0x12d5e0
[2026-08-29T14:50:09Z DEBUG goblin::pe::import] Synthesizing lookup table imports for COREDLL.dll lib, with import lookup table rva: 0x12efe0
[2026-08-29T14:50:09Z DEBUG goblin::pe::import] bitfield 0x80000444
[2026-08-29T14:50:09Z DEBUG goblin::pe::import] importing by ordinal 0x444
[2026-08-29T14:50:09Z DEBUG goblin::pe::import] bitfield 0x80000653
[2026-08-29T14:50:09Z DEBUG goblin::pe::import] importing by ordinal 0x653
[2026-08-29T14:50:09Z DEBUG goblin::pe::import] bitfield 0x8000011e
[2026-08-29T14:50:09Z DEBUG goblin::pe::import] importing by ordinal 0x11e
[2026-08-29T14:50:09Z DEBUG goblin::pe::import] bitfield 0x800002be
[2026-08-29T14:50:09Z DEBUG goblin::pe::import] importing by ordinal 0x2be
[2026-08-29T14:50:09Z DEBUG goblin::pe::import] bitfield 0x800002cf
[2026-08-29T14:50:09Z DEBUG goblin::pe::import] importing by ordinal 0x2cf
[2026-08-29T14:50:09Z DEBUG goblin::pe::import] bitfield 0x800003fa
[2026-08-29T14:50:09Z DEBUG goblin::pe::import] importing by ordinal 0x3fa
[2026-08-29T14:50:09Z DEBUG goblin::pe::import] bitfield 0x80000446
[2026-08-29T14:50:09Z DEBUG goblin::pe::import] importing by ordinal 0x446
[2026-08-29T14:50:09Z DEBUG goblin::pe::import] bitfield 0x80000447
[2026-08-29T14:50:09Z DEBUG goblin::pe::import] importing by ordinal 0x447
[2026-08-29T14:50:09Z DEBUG goblin::pe::import] bitfield 0x80000627
[2026-08-29T14:50:09Z DEBUG goblin::pe::import] importing by ordinal 0x627
[2026-08-29T14:50:09Z DEBUG goblin::pe::import] bitfield 0x80000626
[2026-08-29T14:50:09Z DEBUG goblin::pe::import] importing by ordinal 0x626
[2026-08-29T14:50:09Z DEBUG goblin::pe::import] bitfield 0x80000624
[2026-08-29T14:50:09Z DEBUG goblin::pe::import] importing by ordinal 0x624
[2026-08-29T14:50:09Z DEBUG goblin::pe::import] bitfield 0x80000411
[2026-08-29T14:50:09Z DEBUG goblin::pe::import] importing by ordinal 0x411
[2026-08-29T14:50:09Z DEBUG goblin::pe::import] bitfield 0x8000044e
[2026-08-29T14:50:09Z DEBUG goblin::pe::import] importing by ordinal 0x44e
[2026-08-29T14:50:09Z DEBUG goblin::pe::import] bitfield 0x8000062c
[2026-08-29T14:50:09Z DEBUG goblin::pe::import] importing by ordinal 0x62c
[2026-08-29T14:50:09Z DEBUG goblin::pe::import] bitfield 0x80000416
[2026-08-29T14:50:09Z DEBUG goblin::pe::import] importing by ordinal 0x416
[2026-08-29T14:50:09Z DEBUG goblin::pe::import] bitfield 0x800003e1
[2026-08-29T14:50:09Z DEBUG goblin::pe::import] importing by ordinal 0x3e1
[2026-08-29T14:50:09Z DEBUG goblin::pe::import] bitfield 0x8000035a
[2026-08-29T14:50:09Z DEBUG goblin::pe::import] importing by ordinal 0x35a
[2026-08-29T14:50:09Z DEBUG goblin::pe::import] bitfield 0x8000035b
[2026-08-29T14:50:09Z DEBUG goblin::pe::import] importing by ordinal 0x35b
[2026-08-29T14:50:09Z DEBUG goblin::pe::import] bitfield 0x80000108
[2026-08-29T14:50:09Z DEBUG goblin::pe::import] importing by ordinal 0x108
[2026-08-29T14:50:09Z DEBUG goblin::pe::import] bitfield 0x80000397
[2026-08-29T14:50:09Z DEBUG goblin::pe::import] importing by ordinal 0x397
[2026-08-29T14:50:09Z DEBUG goblin::pe::import] bitfield 0x80000013
[2026-08-29T14:50:09Z DEBUG goblin::pe::import] importing by ordinal 0x13
[2026-08-29T14:50:09Z DEBUG goblin::pe::import] bitfield 0x80000375
[2026-08-29T14:50:09Z DEBUG goblin::pe::import] importing by ordinal 0x375
[2026-08-29T14:50:09Z DEBUG goblin::pe::import] bitfield 0x8000005f
[2026-08-29T14:50:09Z DEBUG goblin::pe::import] importing by ordinal 0x5f
[2026-08-29T14:50:09Z DEBUG goblin::pe::import] bitfield 0x800000f6
[2026-08-29T14:50:09Z DEBUG goblin::pe::import] importing by ordinal 0xf6
[2026-08-29T14:50:09Z DEBUG goblin::pe::import] bitfield 0x8000010a
[2026-08-29T14:50:09Z DEBUG goblin::pe::import] importing by ordinal 0x10a
[2026-08-29T14:50:09Z DEBUG goblin::pe::import] bitfield 0x80000360
[2026-08-29T14:50:09Z DEBUG goblin::pe::import] importing by ordinal 0x360
[2026-08-29T14:50:09Z DEBUG goblin::pe::import] bitfield 0x800001f0
[2026-08-29T14:50:09Z DEBUG goblin::pe::import] importing by ordinal 0x1f0
[2026-08-29T14:50:09Z DEBUG goblin::pe::import] bitfield 0x800000fa
[2026-08-29T14:50:09Z DEBUG goblin::pe::import] importing by ordinal 0xfa
[2026-08-29T14:50:09Z DEBUG goblin::pe::import] bitfield 0x80000219
[2026-08-29T14:50:09Z DEBUG goblin::pe::import] importing by ordinal 0x219
[2026-08-29T14:50:09Z DEBUG goblin::pe::import] bitfield 0x80000366
[2026-08-29T14:50:09Z DEBUG goblin::pe::import] importing by ordinal 0x366
[2026-08-29T14:50:09Z DEBUG goblin::pe::import] bitfield 0x80000104
[2026-08-29T14:50:09Z DEBUG goblin::pe::import] importing by ordinal 0x104
[2026-08-29T14:50:09Z DEBUG goblin::pe::import] bitfield 0x80000109
[2026-08-29T14:50:09Z DEBUG goblin::pe::import] importing by ordinal 0x109
[2026-08-29T14:50:09Z DEBUG goblin::pe::import] bitfield 0x80000019
[2026-08-29T14:50:09Z DEBUG goblin::pe::import] importing by ordinal 0x19
[2026-08-29T14:50:09Z DEBUG goblin::pe::import] bitfield 0x80000105
[2026-08-29T14:50:09Z DEBUG goblin::pe::import] importing by ordinal 0x105
[2026-08-29T14:50:09Z DEBUG goblin::pe::import] bitfield 0x800001ec
[2026-08-29T14:50:09Z DEBUG goblin::pe::import] importing by ordinal 0x1ec
[2026-08-29T14:50:09Z DEBUG goblin::pe::import] bitfield 0x800000c4
[2026-08-29T14:50:09Z DEBUG goblin::pe::import] importing by ordinal 0xc4
[2026-08-29T14:50:09Z DEBUG goblin::pe::import] bitfield 0x800001eb
[2026-08-29T14:50:09Z DEBUG goblin::pe::import] importing by ordinal 0x1eb
[2026-08-29T14:50:09Z DEBUG goblin::pe::import] bitfield 0x80000459
[2026-08-29T14:50:09Z DEBUG goblin::pe::import] importing by ordinal 0x459
[2026-08-29T14:50:09Z DEBUG goblin::pe::import] bitfield 0x80000461
[2026-08-29T14:50:09Z DEBUG goblin::pe::import] importing by ordinal 0x461
[2026-08-29T14:50:09Z DEBUG goblin::pe::import] bitfield 0x8000045e
[2026-08-29T14:50:09Z DEBUG goblin::pe::import] importing by ordinal 0x45e
[2026-08-29T14:50:09Z DEBUG goblin::pe::import] bitfield 0x800000a5
[2026-08-29T14:50:09Z DEBUG goblin::pe::import] importing by ordinal 0xa5
[2026-08-29T14:50:09Z DEBUG goblin::pe::import] bitfield 0x80000181
[2026-08-29T14:50:09Z DEBUG goblin::pe::import] importing by ordinal 0x181
[2026-08-29T14:50:09Z DEBUG goblin::pe::import] bitfield 0x8000017b
[2026-08-29T14:50:09Z DEBUG goblin::pe::import] importing by ordinal 0x17b
[2026-08-29T14:50:09Z DEBUG goblin::pe::import] bitfield 0x8000018f
[2026-08-29T14:50:09Z DEBUG goblin::pe::import] importing by ordinal 0x18f
[2026-08-29T14:50:09Z DEBUG goblin::pe::import] bitfield 0x80000182
[2026-08-29T14:50:09Z DEBUG goblin::pe::import] importing by ordinal 0x182
[2026-08-29T14:50:09Z DEBUG goblin::pe::import] bitfield 0x8000017e
[2026-08-29T14:50:09Z DEBUG goblin::pe::import] importing by ordinal 0x17e
[2026-08-29T14:50:09Z DEBUG goblin::pe::import] bitfield 0x80000186
[2026-08-29T14:50:09Z DEBUG goblin::pe::import] importing by ordinal 0x186
[2026-08-29T14:50:09Z DEBUG goblin::pe::import] bitfield 0x80000185
[2026-08-29T14:50:09Z DEBUG goblin::pe::import] importing by ordinal 0x185
[2026-08-29T14:50:09Z DEBUG goblin::pe::import] bitfield 0x80000188
[2026-08-29T14:50:09Z DEBUG goblin::pe::import] importing by ordinal 0x188
[2026-08-29T14:50:09Z DEBUG goblin::pe::import] bitfield 0x8000017d
[2026-08-29T14:50:09Z DEBUG goblin::pe::import] importing by ordinal 0x17d
[2026-08-29T14:50:09Z DEBUG goblin::pe::import] bitfield 0x80000183
[2026-08-29T14:50:09Z DEBUG goblin::pe::import] importing by ordinal 0x183
[2026-08-29T14:50:09Z DEBUG goblin::pe::import] bitfield 0x8000017c
[2026-08-29T14:50:09Z DEBUG goblin::pe::import] importing by ordinal 0x17c
[2026-08-29T14:50:09Z DEBUG goblin::pe::import] bitfield 0x80000180
[2026-08-29T14:50:09Z DEBUG goblin::pe::import] importing by ordinal 0x180
[2026-08-29T14:50:09Z DEBUG goblin::pe::import] bitfield 0x8000041e
[2026-08-29T14:50:09Z DEBUG goblin::pe::import] importing by ordinal 0x41e
[2026-08-29T14:50:09Z DEBUG goblin::pe::import] bitfield 0x80000499
[2026-08-29T14:50:09Z DEBUG goblin::pe::import] importing by ordinal 0x499
[2026-08-29T14:50:09Z DEBUG goblin::pe::import] bitfield 0x800000f7
[2026-08-29T14:50:09Z DEBUG goblin::pe::import] importing by ordinal 0xf7
[2026-08-29T14:50:09Z DEBUG goblin::pe::import] bitfield 0x80000102
[2026-08-29T14:50:09Z DEBUG goblin::pe::import] importing by ordinal 0x102
[2026-08-29T14:50:09Z DEBUG goblin::pe::import] bitfield 0x80000107
[2026-08-29T14:50:09Z DEBUG goblin::pe::import] importing by ordinal 0x107
[2026-08-29T14:50:09Z DEBUG goblin::pe::import] bitfield 0x80000103
[2026-08-29T14:50:09Z DEBUG goblin::pe::import] importing by ordinal 0x103
[2026-08-29T14:50:09Z DEBUG goblin::pe::import] bitfield 0x80000106
[2026-08-29T14:50:09Z DEBUG goblin::pe::import] importing by ordinal 0x106
[2026-08-29T14:50:09Z DEBUG goblin::pe::import] bitfield 0x80000399
[2026-08-29T14:50:09Z DEBUG goblin::pe::import] importing by ordinal 0x399
[2026-08-29T14:50:09Z DEBUG goblin::pe::import] bitfield 0x80000390
[2026-08-29T14:50:09Z DEBUG goblin::pe::import] importing by ordinal 0x390
[2026-08-29T14:50:09Z DEBUG goblin::pe::import] bitfield 0x80000374
[2026-08-29T14:50:09Z DEBUG goblin::pe::import] importing by ordinal 0x374
[2026-08-29T14:50:09Z DEBUG goblin::pe::import] bitfield 0x8000047a
[2026-08-29T14:50:09Z DEBUG goblin::pe::import] importing by ordinal 0x47a
[2026-08-29T14:50:09Z DEBUG goblin::pe::import] bitfield 0x80000058
[2026-08-29T14:50:09Z DEBUG goblin::pe::import] importing by ordinal 0x58
[2026-08-29T14:50:09Z DEBUG goblin::pe::import] bitfield 0x800001ed
[2026-08-29T14:50:09Z DEBUG goblin::pe::import] importing by ordinal 0x1ed
[2026-08-29T14:50:09Z DEBUG goblin::pe::import] bitfield 0x8000010f
[2026-08-29T14:50:09Z DEBUG goblin::pe::import] importing by ordinal 0x10f
[2026-08-29T14:50:09Z DEBUG goblin::pe::import] bitfield 0x8000033a
[2026-08-29T14:50:09Z DEBUG goblin::pe::import] importing by ordinal 0x33a
[2026-08-29T14:50:09Z DEBUG goblin::pe::import] bitfield 0x800002bd
[2026-08-29T14:50:09Z DEBUG goblin::pe::import] importing by ordinal 0x2bd
[2026-08-29T14:50:09Z DEBUG goblin::pe::import] bitfield 0x80000460
[2026-08-29T14:50:09Z DEBUG goblin::pe::import] importing by ordinal 0x460
[2026-08-29T14:50:09Z DEBUG goblin::pe::import] bitfield 0x8000046b
[2026-08-29T14:50:09Z DEBUG goblin::pe::import] importing by ordinal 0x46b
[2026-08-29T14:50:09Z DEBUG goblin::pe::import] bitfield 0x8000046a
[2026-08-29T14:50:09Z DEBUG goblin::pe::import] importing by ordinal 0x46a
[2026-08-29T14:50:09Z DEBUG goblin::pe::import] bitfield 0x80000542
[2026-08-29T14:50:09Z DEBUG goblin::pe::import] importing by ordinal 0x542
[2026-08-29T14:50:09Z DEBUG goblin::pe::import] bitfield 0x8000041c
[2026-08-29T14:50:09Z DEBUG goblin::pe::import] importing by ordinal 0x41c
[2026-08-29T14:50:09Z DEBUG goblin::pe::import] bitfield 0x80000806
[2026-08-29T14:50:09Z DEBUG goblin::pe::import] importing by ordinal 0x806
[2026-08-29T14:50:09Z DEBUG goblin::pe::import] bitfield 0x80000417
[2026-08-29T14:50:09Z DEBUG goblin::pe::import] importing by ordinal 0x417
[2026-08-29T14:50:09Z DEBUG goblin::pe::import] bitfield 0x80000414
[2026-08-29T14:50:09Z DEBUG goblin::pe::import] importing by ordinal 0x414
[2026-08-29T14:50:09Z DEBUG goblin::pe::import] bitfield 0x80000413
[2026-08-29T14:50:09Z DEBUG goblin::pe::import] importing by ordinal 0x413
[2026-08-29T14:50:09Z DEBUG goblin::pe::import] bitfield 0x800007fc
[2026-08-29T14:50:09Z DEBUG goblin::pe::import] importing by ordinal 0x7fc
[2026-08-29T14:50:09Z DEBUG goblin::pe::import] bitfield 0x800003dc
[2026-08-29T14:50:09Z DEBUG goblin::pe::import] importing by ordinal 0x3dc
[2026-08-29T14:50:09Z DEBUG goblin::pe::import] bitfield 0x800003f2
[2026-08-29T14:50:09Z DEBUG goblin::pe::import] importing by ordinal 0x3f2
[2026-08-29T14:50:09Z DEBUG goblin::pe::import] bitfield 0x800007eb
[2026-08-29T14:50:09Z DEBUG goblin::pe::import] importing by ordinal 0x7eb
[2026-08-29T14:50:09Z DEBUG goblin::pe::import] bitfield 0x800007e0
[2026-08-29T14:50:09Z DEBUG goblin::pe::import] importing by ordinal 0x7e0
[2026-08-29T14:50:09Z DEBUG goblin::pe::import] bitfield 0x800007f5
[2026-08-29T14:50:09Z DEBUG goblin::pe::import] importing by ordinal 0x7f5
[2026-08-29T14:50:09Z DEBUG goblin::pe::import] bitfield 0x800007e5
[2026-08-29T14:50:09Z DEBUG goblin::pe::import] importing by ordinal 0x7e5
[2026-08-29T14:50:09Z DEBUG goblin::pe::import] bitfield 0x80000805
[2026-08-29T14:50:09Z DEBUG goblin::pe::import] importing by ordinal 0x805
[2026-08-29T14:50:09Z DEBUG goblin::pe::import] bitfield 0x800007fe
[2026-08-29T14:50:09Z DEBUG goblin::pe::import] importing by ordinal 0x7fe
[2026-08-29T14:50:09Z DEBUG goblin::pe::import] bitfield 0x800007d8
[2026-08-29T14:50:09Z DEBUG goblin::pe::import] importing by ordinal 0x7d8
[2026-08-29T14:50:09Z DEBUG goblin::pe::import] bitfield 0x8000041b
[2026-08-29T14:50:09Z DEBUG goblin::pe::import] importing by ordinal 0x41b
[2026-08-29T14:50:09Z DEBUG goblin::pe::import] bitfield 0x800007e9
[2026-08-29T14:50:09Z DEBUG goblin::pe::import] importing by ordinal 0x7e9
[2026-08-29T14:50:09Z DEBUG goblin::pe::import] bitfield 0x800007ed
[2026-08-29T14:50:09Z DEBUG goblin::pe::import] importing by ordinal 0x7ed
[2026-08-29T14:50:09Z DEBUG goblin::pe::import] bitfield 0x800007dc
[2026-08-29T14:50:09Z DEBUG goblin::pe::import] importing by ordinal 0x7dc
[2026-08-29T14:50:09Z DEBUG goblin::pe::import] bitfield 0x800007ea
[2026-08-29T14:50:09Z DEBUG goblin::pe::import] importing by ordinal 0x7ea
[2026-08-29T14:50:09Z DEBUG goblin::pe::import] bitfield 0x800007f1
[2026-08-29T14:50:09Z DEBUG goblin::pe::import] importing by ordinal 0x7f1
[2026-08-29T14:50:09Z DEBUG goblin::pe::import] bitfield 0x80000800
[2026-08-29T14:50:09Z DEBUG goblin::pe::import] importing by ordinal 0x800
[2026-08-29T14:50:09Z DEBUG goblin::pe::import] bitfield 0x800007fb
[2026-08-29T14:50:09Z DEBUG goblin::pe::import] importing by ordinal 0x7fb
[2026-08-29T14:50:09Z DEBUG goblin::pe::import] bitfield 0x80000804
[2026-08-29T14:50:09Z DEBUG goblin::pe::import] importing by ordinal 0x804
[2026-08-29T14:50:09Z DEBUG goblin::pe::import] bitfield 0x800007ff
[2026-08-29T14:50:09Z DEBUG goblin::pe::import] importing by ordinal 0x7ff
[2026-08-29T14:50:09Z DEBUG goblin::pe::import] bitfield 0x8000040c
[2026-08-29T14:50:09Z DEBUG goblin::pe::import] importing by ordinal 0x40c
[2026-08-29T14:50:09Z DEBUG goblin::pe::import] bitfield 0x800007d5
[2026-08-29T14:50:09Z DEBUG goblin::pe::import] importing by ordinal 0x7d5
[2026-08-29T14:50:09Z DEBUG goblin::pe::import] bitfield 0x800007f0
[2026-08-29T14:50:09Z DEBUG goblin::pe::import] importing by ordinal 0x7f0
[2026-08-29T14:50:09Z DEBUG goblin::pe::import] bitfield 0x8000057b
[2026-08-29T14:50:09Z DEBUG goblin::pe::import] importing by ordinal 0x57b
[2026-08-29T14:50:09Z DEBUG goblin::pe::import] bitfield 0x800007ef
[2026-08-29T14:50:09Z DEBUG goblin::pe::import] importing by ordinal 0x7ef
[2026-08-29T14:50:09Z DEBUG goblin::pe::import] bitfield 0x8000042c
[2026-08-29T14:50:09Z DEBUG goblin::pe::import] importing by ordinal 0x42c
[2026-08-29T14:50:09Z DEBUG goblin::pe::import] bitfield 0x800007f9
[2026-08-29T14:50:09Z DEBUG goblin::pe::import] importing by ordinal 0x7f9
[2026-08-29T14:50:09Z DEBUG goblin::pe::import] bitfield 0x80000582
[2026-08-29T14:50:09Z DEBUG goblin::pe::import] importing by ordinal 0x582
[2026-08-29T14:50:09Z DEBUG goblin::pe::import] bitfield 0x80000217
[2026-08-29T14:50:09Z DEBUG goblin::pe::import] importing by ordinal 0x217
[2026-08-29T14:50:09Z DEBUG goblin::pe::import] bitfield 0x8000022b
[2026-08-29T14:50:09Z DEBUG goblin::pe::import] importing by ordinal 0x22b
[2026-08-29T14:50:09Z DEBUG goblin::pe::import] bitfield 0x800001f1
[2026-08-29T14:50:09Z DEBUG goblin::pe::import] importing by ordinal 0x1f1
[2026-08-29T14:50:09Z DEBUG goblin::pe::import] bitfield 0x8000022c
[2026-08-29T14:50:09Z DEBUG goblin::pe::import] importing by ordinal 0x22c
[2026-08-29T14:50:09Z DEBUG goblin::pe::import] bitfield 0x80000229
[2026-08-29T14:50:09Z DEBUG goblin::pe::import] importing by ordinal 0x229
[2026-08-29T14:50:09Z DEBUG goblin::pe::import] bitfield 0x80000587
[2026-08-29T14:50:09Z DEBUG goblin::pe::import] importing by ordinal 0x587
[2026-08-29T14:50:09Z DEBUG goblin::pe::import] bitfield 0x80000585
[2026-08-29T14:50:09Z DEBUG goblin::pe::import] importing by ordinal 0x585
[2026-08-29T14:50:09Z DEBUG goblin::pe::import] bitfield 0x80000437
[2026-08-29T14:50:09Z DEBUG goblin::pe::import] importing by ordinal 0x437
[2026-08-29T14:50:09Z DEBUG goblin::pe::import] bitfield 0x80000589
[2026-08-29T14:50:09Z DEBUG goblin::pe::import] importing by ordinal 0x589
[2026-08-29T14:50:09Z DEBUG goblin::pe::import] bitfield 0x8000040f
[2026-08-29T14:50:09Z DEBUG goblin::pe::import] importing by ordinal 0x40f
[2026-08-29T14:50:09Z DEBUG goblin::pe::import] bitfield 0x80000110
[2026-08-29T14:50:09Z DEBUG goblin::pe::import] importing by ordinal 0x110
[2026-08-29T14:50:09Z DEBUG goblin::pe::import] bitfield 0x800002d5
[2026-08-29T14:50:09Z DEBUG goblin::pe::import] importing by ordinal 0x2d5
[2026-08-29T14:50:09Z DEBUG goblin::pe::import] bitfield 0x80000211
[2026-08-29T14:50:09Z DEBUG goblin::pe::import] importing by ordinal 0x211
[2026-08-29T14:50:09Z DEBUG goblin::pe::import] bitfield 0x8000021d
[2026-08-29T14:50:09Z DEBUG goblin::pe::import] importing by ordinal 0x21d
[2026-08-29T14:50:09Z DEBUG goblin::pe::import] bitfield 0x800003ba
[2026-08-29T14:50:09Z DEBUG goblin::pe::import] importing by ordinal 0x3ba
[2026-08-29T14:50:09Z DEBUG goblin::pe::import] bitfield 0x800003b9
[2026-08-29T14:50:09Z DEBUG goblin::pe::import] importing by ordinal 0x3b9
[2026-08-29T14:50:09Z DEBUG goblin::pe::import] bitfield 0x80000210
[2026-08-29T14:50:09Z DEBUG goblin::pe::import] importing by ordinal 0x210
[2026-08-29T14:50:09Z DEBUG goblin::pe::import] bitfield 0x80000059
[2026-08-29T14:50:09Z DEBUG goblin::pe::import] importing by ordinal 0x59
[2026-08-29T14:50:09Z DEBUG goblin::pe::import] bitfield 0x8000038e
[2026-08-29T14:50:09Z DEBUG goblin::pe::import] importing by ordinal 0x38e
[2026-08-29T14:50:09Z DEBUG goblin::pe::import] bitfield 0x800003b3
[2026-08-29T14:50:09Z DEBUG goblin::pe::import] importing by ordinal 0x3b3
[2026-08-29T14:50:09Z DEBUG goblin::pe::import] bitfield 0x8000005a
[2026-08-29T14:50:09Z DEBUG goblin::pe::import] importing by ordinal 0x5a
[2026-08-29T14:50:09Z DEBUG goblin::pe::import] bitfield 0x8000038f
[2026-08-29T14:50:09Z DEBUG goblin::pe::import] importing by ordinal 0x38f
[2026-08-29T14:50:09Z DEBUG goblin::pe::import] bitfield 0x8000049e
[2026-08-29T14:50:09Z DEBUG goblin::pe::import] importing by ordinal 0x49e
[2026-08-29T14:50:09Z DEBUG goblin::pe::import] bitfield 0x80000212
[2026-08-29T14:50:09Z DEBUG goblin::pe::import] importing by ordinal 0x212
[2026-08-29T14:50:09Z DEBUG goblin::pe::import] bitfield 0x80000387
[2026-08-29T14:50:09Z DEBUG goblin::pe::import] importing by ordinal 0x387
[2026-08-29T14:50:09Z DEBUG goblin::pe::import] bitfield 0x8000028d
[2026-08-29T14:50:09Z DEBUG goblin::pe::import] importing by ordinal 0x28d
[2026-08-29T14:50:09Z DEBUG goblin::pe::import] bitfield 0x800003b6
[2026-08-29T14:50:09Z DEBUG goblin::pe::import] importing by ordinal 0x3b6
[2026-08-29T14:50:09Z DEBUG goblin::pe::import] bitfield 0x80000377
[2026-08-29T14:50:09Z DEBUG goblin::pe::import] importing by ordinal 0x377
[2026-08-29T14:50:09Z DEBUG goblin::pe::import] bitfield 0x800003b7
[2026-08-29T14:50:09Z DEBUG goblin::pe::import] importing by ordinal 0x3b7
[2026-08-29T14:50:09Z DEBUG goblin::pe::import] bitfield 0x8000064b
[2026-08-29T14:50:09Z DEBUG goblin::pe::import] importing by ordinal 0x64b
[2026-08-29T14:50:09Z DEBUG goblin::pe::import] bitfield 0x800006f1
[2026-08-29T14:50:09Z DEBUG goblin::pe::import] importing by ordinal 0x6f1
[2026-08-29T14:50:09Z DEBUG goblin::pe::import] bitfield 0x80000682
[2026-08-29T14:50:09Z DEBUG goblin::pe::import] importing by ordinal 0x682
[2026-08-29T14:50:09Z DEBUG goblin::pe::import] bitfield 0x80000394
[2026-08-29T14:50:09Z DEBUG goblin::pe::import] importing by ordinal 0x394
[2026-08-29T14:50:09Z DEBUG goblin::pe::import] bitfield 0x8000045b
[2026-08-29T14:50:09Z DEBUG goblin::pe::import] importing by ordinal 0x45b
[2026-08-29T14:50:09Z DEBUG goblin::pe::import] bitfield 0x8000044c
[2026-08-29T14:50:09Z DEBUG goblin::pe::import] importing by ordinal 0x44c
[2026-08-29T14:50:09Z DEBUG goblin::pe::import] bitfield 0x800000c5
[2026-08-29T14:50:09Z DEBUG goblin::pe::import] importing by ordinal 0xc5
[2026-08-29T14:50:09Z DEBUG goblin::pe::import] bitfield 0x80000202
[2026-08-29T14:50:09Z DEBUG goblin::pe::import] importing by ordinal 0x202
[2026-08-29T14:50:09Z DEBUG goblin::pe::import] bitfield 0x800004d7
[2026-08-29T14:50:09Z DEBUG goblin::pe::import] importing by ordinal 0x4d7
[2026-08-29T14:50:09Z DEBUG goblin::pe::import] bitfield 0x800004d6
[2026-08-29T14:50:09Z DEBUG goblin::pe::import] importing by ordinal 0x4d6
[2026-08-29T14:50:09Z DEBUG goblin::pe::import] bitfield 0x8000017f
[2026-08-29T14:50:09Z DEBUG goblin::pe::import] importing by ordinal 0x17f
[2026-08-29T14:50:09Z DEBUG goblin::pe::import] bitfield 0x8000011d
[2026-08-29T14:50:09Z DEBUG goblin::pe::import] importing by ordinal 0x11d
[2026-08-29T14:50:09Z DEBUG goblin::pe::import] bitfield 0x800004cd
[2026-08-29T14:50:09Z DEBUG goblin::pe::import] importing by ordinal 0x4cd
[2026-08-29T14:50:09Z DEBUG goblin::pe::import] bitfield 0x800006e8
[2026-08-29T14:50:09Z DEBUG goblin::pe::import] importing by ordinal 0x6e8
[2026-08-29T14:50:09Z DEBUG goblin::pe::import] bitfield 0x80000488
[2026-08-29T14:50:09Z DEBUG goblin::pe::import] importing by ordinal 0x488
[2026-08-29T14:50:09Z DEBUG goblin::pe::import] bitfield 0x8000035c
[2026-08-29T14:50:09Z DEBUG goblin::pe::import] importing by ordinal 0x35c
[2026-08-29T14:50:09Z DEBUG goblin::pe::import] bitfield 0x8000035d
[2026-08-29T14:50:09Z DEBUG goblin::pe::import] importing by ordinal 0x35d
[2026-08-29T14:50:09Z DEBUG goblin::pe::import] bitfield 0x8000033f
[2026-08-29T14:50:09Z DEBUG goblin::pe::import] importing by ordinal 0x33f
[2026-08-29T14:50:09Z DEBUG goblin::pe::import] bitfield 0x8000011c
[2026-08-29T14:50:09Z DEBUG goblin::pe::import] importing by ordinal 0x11c
[2026-08-29T14:50:09Z DEBUG goblin::pe::import] bitfield 0x800002de
[2026-08-29T14:50:09Z DEBUG goblin::pe::import] importing by ordinal 0x2de
[2026-08-29T14:50:09Z DEBUG goblin::pe::import] bitfield 0x800002e0
[2026-08-29T14:50:09Z DEBUG goblin::pe::import] importing by ordinal 0x2e0
[2026-08-29T14:50:09Z DEBUG goblin::pe::import] bitfield 0x80000066
[2026-08-29T14:50:09Z DEBUG goblin::pe::import] importing by ordinal 0x66
[2026-08-29T14:50:09Z DEBUG goblin::pe::import] bitfield 0x800000f9
[2026-08-29T14:50:09Z DEBUG goblin::pe::import] importing by ordinal 0xf9
[2026-08-29T14:50:09Z DEBUG goblin::pe::import] bitfield 0x800000fc
[2026-08-29T14:50:09Z DEBUG goblin::pe::import] importing by ordinal 0xfc
[2026-08-29T14:50:09Z DEBUG goblin::pe::import] bitfield 0x800002ab
[2026-08-29T14:50:09Z DEBUG goblin::pe::import] importing by ordinal 0x2ab
[2026-08-29T14:50:09Z DEBUG goblin::pe::import] bitfield 0x800002aa
[2026-08-29T14:50:09Z DEBUG goblin::pe::import] importing by ordinal 0x2aa
[2026-08-29T14:50:09Z DEBUG goblin::pe::import] bitfield 0x800000fe
[2026-08-29T14:50:09Z DEBUG goblin::pe::import] importing by ordinal 0xfe
[2026-08-29T14:50:09Z DEBUG goblin::pe::import] bitfield 0x80000100
[2026-08-29T14:50:09Z DEBUG goblin::pe::import] importing by ordinal 0x100
[2026-08-29T14:50:09Z DEBUG goblin::pe::import] bitfield 0x800002db
[2026-08-29T14:50:09Z DEBUG goblin::pe::import] importing by ordinal 0x2db
[2026-08-29T14:50:09Z DEBUG goblin::pe::import] bitfield 0x800005ad
[2026-08-29T14:50:09Z DEBUG goblin::pe::import] importing by ordinal 0x5ad
[2026-08-29T14:50:09Z DEBUG goblin::pe::import] bitfield 0x800002c5
[2026-08-29T14:50:09Z DEBUG goblin::pe::import] importing by ordinal 0x2c5
[2026-08-29T14:50:09Z DEBUG goblin::pe::import] bitfield 0x8000036e
[2026-08-29T14:50:09Z DEBUG goblin::pe::import] importing by ordinal 0x36e
[2026-08-29T14:50:09Z DEBUG goblin::pe::import] bitfield 0x800002c0
[2026-08-29T14:50:09Z DEBUG goblin::pe::import] importing by ordinal 0x2c0
[2026-08-29T14:50:09Z DEBUG goblin::pe::import] bitfield 0x800002c4
[2026-08-29T14:50:09Z DEBUG goblin::pe::import] importing by ordinal 0x2c4
[2026-08-29T14:50:09Z DEBUG goblin::pe::import] bitfield 0x800002da
[2026-08-29T14:50:09Z DEBUG goblin::pe::import] importing by ordinal 0x2da
[2026-08-29T14:50:09Z DEBUG goblin::pe::import] bitfield 0x80000362
[2026-08-29T14:50:09Z DEBUG goblin::pe::import] importing by ordinal 0x362
[2026-08-29T14:50:09Z DEBUG goblin::pe::import] bitfield 0x8000000a
[2026-08-29T14:50:09Z DEBUG goblin::pe::import] importing by ordinal 0xa
[2026-08-29T14:50:09Z DEBUG goblin::pe::import] bitfield 0x8000000b
[2026-08-29T14:50:09Z DEBUG goblin::pe::import] importing by ordinal 0xb
[2026-08-29T14:50:09Z DEBUG goblin::pe::import] bitfield 0x800000ad
[2026-08-29T14:50:09Z DEBUG goblin::pe::import] importing by ordinal 0xad
[2026-08-29T14:50:09Z DEBUG goblin::pe::import] bitfield 0x80000428
[2026-08-29T14:50:09Z DEBUG goblin::pe::import] importing by ordinal 0x428
[2026-08-29T14:50:09Z DEBUG goblin::pe::import] bitfield 0x800000ab
[2026-08-29T14:50:09Z DEBUG goblin::pe::import] importing by ordinal 0xab
[2026-08-29T14:50:09Z DEBUG goblin::pe::import] bitfield 0x800000aa
[2026-08-29T14:50:09Z DEBUG goblin::pe::import] importing by ordinal 0xaa
[2026-08-29T14:50:09Z DEBUG goblin::pe::import] bitfield 0x800000a8
[2026-08-29T14:50:09Z DEBUG goblin::pe::import] importing by ordinal 0xa8
[2026-08-29T14:50:09Z DEBUG goblin::pe::import] bitfield 0x80000466
[2026-08-29T14:50:09Z DEBUG goblin::pe::import] importing by ordinal 0x466
[2026-08-29T14:50:09Z DEBUG goblin::pe::import] bitfield 0x800000ea
[2026-08-29T14:50:09Z DEBUG goblin::pe::import] importing by ordinal 0xea
[2026-08-29T14:50:09Z DEBUG goblin::pe::import] bitfield 0x80000204
[2026-08-29T14:50:09Z DEBUG goblin::pe::import] importing by ordinal 0x204
[2026-08-29T14:50:09Z DEBUG goblin::pe::import] bitfield 0x8000000f
[2026-08-29T14:50:09Z DEBUG goblin::pe::import] importing by ordinal 0xf
[2026-08-29T14:50:09Z DEBUG goblin::pe::import] bitfield 0x80000010
[2026-08-29T14:50:09Z DEBUG goblin::pe::import] importing by ordinal 0x10
[2026-08-29T14:50:09Z DEBUG goblin::pe::import] bitfield 0x80000208
[2026-08-29T14:50:09Z DEBUG goblin::pe::import] importing by ordinal 0x208
[2026-08-29T14:50:09Z DEBUG goblin::pe::import] bitfield 0x80000614
[2026-08-29T14:50:09Z DEBUG goblin::pe::import] importing by ordinal 0x614
[2026-08-29T14:50:09Z DEBUG goblin::pe::import] bitfield 0x8000060f
[2026-08-29T14:50:09Z DEBUG goblin::pe::import] importing by ordinal 0x60f
[2026-08-29T14:50:09Z DEBUG goblin::pe::import] bitfield 0x800007e8
[2026-08-29T14:50:09Z DEBUG goblin::pe::import] importing by ordinal 0x7e8
[2026-08-29T14:50:09Z DEBUG goblin::pe::import] bitfield 0x8000042e
[2026-08-29T14:50:09Z DEBUG goblin::pe::import] importing by ordinal 0x42e
[2026-08-29T14:50:09Z DEBUG goblin::pe::import] bitfield 0x800007d1
[2026-08-29T14:50:09Z DEBUG goblin::pe::import] importing by ordinal 0x7d1
[2026-08-29T14:50:09Z DEBUG goblin::pe::import] bitfield 0x800007d0
[2026-08-29T14:50:09Z DEBUG goblin::pe::import] importing by ordinal 0x7d0
[2026-08-29T14:50:09Z DEBUG goblin::pe::import] bitfield 0x800007d3
[2026-08-29T14:50:09Z DEBUG goblin::pe::import] importing by ordinal 0x7d3
[2026-08-29T14:50:09Z DEBUG goblin::pe::import] bitfield 0x80000041
[2026-08-29T14:50:09Z DEBUG goblin::pe::import] importing by ordinal 0x41
[2026-08-29T14:50:09Z DEBUG goblin::pe::import] bitfield 0x800007e2
[2026-08-29T14:50:09Z DEBUG goblin::pe::import] importing by ordinal 0x7e2
[2026-08-29T14:50:09Z DEBUG goblin::pe::import] bitfield 0x80000429
[2026-08-29T14:50:09Z DEBUG goblin::pe::import] importing by ordinal 0x429
[2026-08-29T14:50:09Z DEBUG goblin::pe::import] bitfield 0x80000023
[2026-08-29T14:50:09Z DEBUG goblin::pe::import] importing by ordinal 0x23
[2026-08-29T14:50:09Z DEBUG goblin::pe::import] bitfield 0x80000021
[2026-08-29T14:50:09Z DEBUG goblin::pe::import] importing by ordinal 0x21
[2026-08-29T14:50:09Z DEBUG goblin::pe::import] bitfield 0x80000022
[2026-08-29T14:50:09Z DEBUG goblin::pe::import] importing by ordinal 0x22
[2026-08-29T14:50:09Z DEBUG goblin::pe::import] bitfield 0x80000042
[2026-08-29T14:50:09Z DEBUG goblin::pe::import] importing by ordinal 0x42
[2026-08-29T14:50:09Z DEBUG goblin::pe::import] bitfield 0x8000066d
[2026-08-29T14:50:09Z DEBUG goblin::pe::import] importing by ordinal 0x66d
[2026-08-29T14:50:09Z DEBUG goblin::pe::import] bitfield 0x80000057
[2026-08-29T14:50:09Z DEBUG goblin::pe::import] importing by ordinal 0x57
[2026-08-29T14:50:09Z DEBUG goblin::pe::import] bitfield 0x80000754
[2026-08-29T14:50:09Z DEBUG goblin::pe::import] importing by ordinal 0x754
[2026-08-29T14:50:09Z DEBUG goblin::pe::import] bitfield 0x80000024
[2026-08-29T14:50:09Z DEBUG goblin::pe::import] importing by ordinal 0x24
[2026-08-29T14:50:09Z DEBUG goblin::pe::import] bitfield 0x80000753
[2026-08-29T14:50:09Z DEBUG goblin::pe::import] importing by ordinal 0x753
[2026-08-29T14:50:09Z DEBUG goblin::pe::import] bitfield 0x800007d2
[2026-08-29T14:50:09Z DEBUG goblin::pe::import] importing by ordinal 0x7d2
[2026-08-29T14:50:09Z DEBUG goblin::pe::import] bitfield 0x8000057f
[2026-08-29T14:50:09Z DEBUG goblin::pe::import] importing by ordinal 0x57f
[2026-08-29T14:50:09Z DEBUG goblin::pe::import] bitfield 0x80000454
[2026-08-29T14:50:09Z DEBUG goblin::pe::import] importing by ordinal 0x454
[2026-08-29T14:50:09Z DEBUG goblin::pe::import] bitfield 0x80000479
[2026-08-29T14:50:09Z DEBUG goblin::pe::import] importing by ordinal 0x479
[2026-08-29T14:50:09Z DEBUG goblin::pe::import] bitfield 0x8000003d
[2026-08-29T14:50:09Z DEBUG goblin::pe::import] importing by ordinal 0x3d
[2026-08-29T14:50:09Z DEBUG goblin::pe::import] bitfield 0x8000003f
[2026-08-29T14:50:09Z DEBUG goblin::pe::import] importing by ordinal 0x3f
[2026-08-29T14:50:09Z DEBUG goblin::pe::import] bitfield 0x800004b1
[2026-08-29T14:50:09Z DEBUG goblin::pe::import] importing by ordinal 0x4b1
[2026-08-29T14:50:09Z DEBUG goblin::pe::import] bitfield 0x80000040
[2026-08-29T14:50:09Z DEBUG goblin::pe::import] importing by ordinal 0x40
[2026-08-29T14:50:09Z DEBUG goblin::pe::import] bitfield 0x800005d4
[2026-08-29T14:50:09Z DEBUG goblin::pe::import] importing by ordinal 0x5d4
[2026-08-29T14:50:09Z DEBUG goblin::pe::import] imports done
[2026-08-29T14:50:09Z DEBUG goblin::pe::import] Successfully synthesized import lookup table entry from lookup table: [
        OrdinalNumber(
            1092,
        ),
        OrdinalNumber(
            1619,
        ),
        OrdinalNumber(
            286,
        ),
        OrdinalNumber(
            702,
        ),
        OrdinalNumber(
            719,
        ),
        OrdinalNumber(
            1018,
        ),
        OrdinalNumber(
            1094,
        ),
        OrdinalNumber(
            1095,
        ),
        OrdinalNumber(
            1575,
        ),
        OrdinalNumber(
            1574,
        ),
        OrdinalNumber(
            1572,
        ),
        OrdinalNumber(
            1041,
        ),
        OrdinalNumber(
            1102,
        ),
        OrdinalNumber(
            1580,
        ),
        OrdinalNumber(
            1046,
        ),
        OrdinalNumber(
            993,
        ),
        OrdinalNumber(
            858,
        ),
        OrdinalNumber(
            859,
        ),
        OrdinalNumber(
            264,
        ),
        OrdinalNumber(
            919,
        ),
        OrdinalNumber(
            19,
        ),
        OrdinalNumber(
            885,
        ),
        OrdinalNumber(
            95,
        ),
        OrdinalNumber(
            246,
        ),
        OrdinalNumber(
            266,
        ),
        OrdinalNumber(
            864,
        ),
        OrdinalNumber(
            496,
        ),
        OrdinalNumber(
            250,
        ),
        OrdinalNumber(
            537,
        ),
        OrdinalNumber(
            870,
        ),
        OrdinalNumber(
            260,
        ),
        OrdinalNumber(
            265,
        ),
        OrdinalNumber(
            25,
        ),
        OrdinalNumber(
            261,
        ),
        OrdinalNumber(
            492,
        ),
        OrdinalNumber(
            196,
        ),
        OrdinalNumber(
            491,
        ),
        OrdinalNumber(
            1113,
        ),
        OrdinalNumber(
            1121,
        ),
        OrdinalNumber(
            1118,
        ),
        OrdinalNumber(
            165,
        ),
        OrdinalNumber(
            385,
        ),
        OrdinalNumber(
            379,
        ),
        OrdinalNumber(
            399,
        ),
        OrdinalNumber(
            386,
        ),
        OrdinalNumber(
            382,
        ),
        OrdinalNumber(
            390,
        ),
        OrdinalNumber(
            389,
        ),
        OrdinalNumber(
            392,
        ),
        OrdinalNumber(
            381,
        ),
        OrdinalNumber(
            387,
        ),
        OrdinalNumber(
            380,
        ),
        OrdinalNumber(
            384,
        ),
        OrdinalNumber(
            1054,
        ),
        OrdinalNumber(
            1177,
        ),
        OrdinalNumber(
            247,
        ),
        OrdinalNumber(
            258,
        ),
        OrdinalNumber(
            263,
        ),
        OrdinalNumber(
            259,
        ),
        OrdinalNumber(
            262,
        ),
        OrdinalNumber(
            921,
        ),
        OrdinalNumber(
            912,
        ),
        OrdinalNumber(
            884,
        ),
        OrdinalNumber(
            1146,
        ),
        OrdinalNumber(
            88,
        ),
        OrdinalNumber(
            493,
        ),
        OrdinalNumber(
            271,
        ),
        OrdinalNumber(
            826,
        ),
        OrdinalNumber(
            701,
        ),
        OrdinalNumber(
            1120,
        ),
        OrdinalNumber(
            1131,
        ),
        OrdinalNumber(
            1130,
        ),
        OrdinalNumber(
            1346,
        ),
        OrdinalNumber(
            1052,
        ),
        OrdinalNumber(
            2054,
        ),
        OrdinalNumber(
            1047,
        ),
        OrdinalNumber(
            1044,
        ),
        OrdinalNumber(
            1043,
        ),
        OrdinalNumber(
            2044,
        ),
        OrdinalNumber(
            988,
        ),
        OrdinalNumber(
            1010,
        ),
        OrdinalNumber(
            2027,
        ),
        OrdinalNumber(
            2016,
        ),
        OrdinalNumber(
            2037,
        ),
        OrdinalNumber(
            2021,
        ),
        OrdinalNumber(
            2053,
        ),
        OrdinalNumber(
            2046,
        ),
        OrdinalNumber(
            2008,
        ),
        OrdinalNumber(
            1051,
        ),
        OrdinalNumber(
            2025,
        ),
        OrdinalNumber(
            2029,
        ),
        OrdinalNumber(
            2012,
        ),
        OrdinalNumber(
            2026,
        ),
        OrdinalNumber(
            2033,
        ),
        OrdinalNumber(
            2048,
        ),
        OrdinalNumber(
            2043,
        ),
        OrdinalNumber(
            2052,
        ),
        OrdinalNumber(
            2047,
        ),
        OrdinalNumber(
            1036,
        ),
        OrdinalNumber(
            2005,
        ),
        OrdinalNumber(
            2032,
        ),
        OrdinalNumber(
            1403,
        ),
        OrdinalNumber(
            2031,
        ),
        OrdinalNumber(
            1068,
        ),
        OrdinalNumber(
            2041,
        ),
        OrdinalNumber(
            1410,
        ),
        OrdinalNumber(
            535,
        ),
        OrdinalNumber(
            555,
        ),
        OrdinalNumber(
            497,
        ),
        OrdinalNumber(
            556,
        ),
        OrdinalNumber(
            553,
        ),
        OrdinalNumber(
            1415,
        ),
        OrdinalNumber(
            1413,
        ),
        OrdinalNumber(
            1079,
        ),
        OrdinalNumber(
            1417,
        ),
        OrdinalNumber(
            1039,
        ),
        OrdinalNumber(
            272,
        ),
        OrdinalNumber(
            725,
        ),
        OrdinalNumber(
            529,
        ),
        OrdinalNumber(
            541,
        ),
        OrdinalNumber(
            954,
        ),
        OrdinalNumber(
            953,
        ),
        OrdinalNumber(
            528,
        ),
        OrdinalNumber(
            89,
        ),
        OrdinalNumber(
            910,
        ),
        OrdinalNumber(
            947,
        ),
        OrdinalNumber(
            90,
        ),
        OrdinalNumber(
            911,
        ),
        OrdinalNumber(
            1182,
        ),
        OrdinalNumber(
            530,
        ),
        OrdinalNumber(
            903,
        ),
        OrdinalNumber(
            653,
        ),
        OrdinalNumber(
            950,
        ),
        OrdinalNumber(
            887,
        ),
        OrdinalNumber(
            951,
        ),
        OrdinalNumber(
            1611,
        ),
        OrdinalNumber(
            1777,
        ),
        OrdinalNumber(
            1666,
        ),
        OrdinalNumber(
            916,
        ),
        OrdinalNumber(
            1115,
        ),
        OrdinalNumber(
            1100,
        ),
        OrdinalNumber(
            197,
        ),
        OrdinalNumber(
            514,
        ),
        OrdinalNumber(
            1239,
        ),
        OrdinalNumber(
            1238,
        ),
        OrdinalNumber(
            383,
        ),
        OrdinalNumber(
            285,
        ),
        OrdinalNumber(
            1229,
        ),
        OrdinalNumber(
            1768,
        ),
        OrdinalNumber(
            1160,
        ),
        OrdinalNumber(
            860,
        ),
        OrdinalNumber(
            861,
        ),
        OrdinalNumber(
            831,
        ),
        OrdinalNumber(
            284,
        ),
        OrdinalNumber(
            734,
        ),
        OrdinalNumber(
            736,
        ),
        OrdinalNumber(
            102,
        ),
        OrdinalNumber(
            249,
        ),
        OrdinalNumber(
            252,
        ),
        OrdinalNumber(
            683,
        ),
        OrdinalNumber(
            682,
        ),
        OrdinalNumber(
            254,
        ),
        OrdinalNumber(
            256,
        ),
        OrdinalNumber(
            731,
        ),
        OrdinalNumber(
            1453,
        ),
        OrdinalNumber(
            709,
        ),
        OrdinalNumber(
            878,
        ),
        OrdinalNumber(
            704,
        ),
        OrdinalNumber(
            708,
        ),
        OrdinalNumber(
            730,
        ),
        OrdinalNumber(
            866,
        ),
        OrdinalNumber(
            10,
        ),
        OrdinalNumber(
            11,
        ),
        OrdinalNumber(
            173,
        ),
        OrdinalNumber(
            1064,
        ),
        OrdinalNumber(
            171,
        ),
        OrdinalNumber(
            170,
        ),
        OrdinalNumber(
            168,
        ),
        OrdinalNumber(
            1126,
        ),
        OrdinalNumber(
            234,
        ),
        OrdinalNumber(
            516,
        ),
        OrdinalNumber(
            15,
        ),
        OrdinalNumber(
            16,
        ),
        OrdinalNumber(
            520,
        ),
        OrdinalNumber(
            1556,
        ),
        OrdinalNumber(
            1551,
        ),
        OrdinalNumber(
            2024,
        ),
        OrdinalNumber(
            1070,
        ),
        OrdinalNumber(
            2001,
        ),
        OrdinalNumber(
            2000,
        ),
        OrdinalNumber(
            2003,
        ),
        OrdinalNumber(
            65,
        ),
        OrdinalNumber(
            2018,
        ),
        OrdinalNumber(
            1065,
        ),
        OrdinalNumber(
            35,
        ),
        OrdinalNumber(
            33,
        ),
        OrdinalNumber(
            34,
        ),
        OrdinalNumber(
            66,
        ),
        OrdinalNumber(
            1645,
        ),
        OrdinalNumber(
            87,
        ),
        OrdinalNumber(
            1876,
        ),
        OrdinalNumber(
            36,
        ),
        OrdinalNumber(
            1875,
        ),
        OrdinalNumber(
            2002,
        ),
        OrdinalNumber(
            1407,
        ),
        OrdinalNumber(
            1108,
        ),
        OrdinalNumber(
            1145,
        ),
        OrdinalNumber(
            61,
        ),
        OrdinalNumber(
            63,
        ),
        OrdinalNumber(
            1201,
        ),
        OrdinalNumber(
            64,
        ),
        OrdinalNumber(
            1492,
        ),
    ]
[2026-08-29T14:50:09Z DEBUG goblin::pe::utils] Checking .text for 0x131000 ∈ 0x1000..0x118124
[2026-08-29T14:50:09Z DEBUG goblin::pe::utils] Checking .rdata for 0x131000 ∈ 0x119000..0x1303a8
[2026-08-29T14:50:09Z DEBUG goblin::pe::utils] Checking .data for 0x131000 ∈ 0x131000..0x137220
[2026-08-29T14:50:09Z DEBUG goblin::pe::utils] Found in section .data(2), remapped into offset 0x12ea00
[2026-08-29T14:50:09Z DEBUG goblin::pe::import] entry SyntheticImportDirectoryEntry {
        import_directory_entry: ImportDirectoryEntry {
            import_lookup_table_rva: 1241056,
            time_date_stamp: 0,
            forwarder_chain: 0,
            name_rva: 1241928,
            import_address_table_rva: 1249280,
        },
        name: "COREDLL.dll",
        import_lookup_table: Some(
            [
                OrdinalNumber(
                    1092,
                ),
                OrdinalNumber(
                    1619,
                ),
                OrdinalNumber(
                    286,
                ),
                OrdinalNumber(
                    702,
                ),
                OrdinalNumber(
                    719,
                ),
                OrdinalNumber(
                    1018,
                ),
                OrdinalNumber(
                    1094,
                ),
                OrdinalNumber(
                    1095,
                ),
                OrdinalNumber(
                    1575,
                ),
                OrdinalNumber(
                    1574,
                ),
                OrdinalNumber(
                    1572,
                ),
                OrdinalNumber(
                    1041,
                ),
                OrdinalNumber(
                    1102,
                ),
                OrdinalNumber(
                    1580,
                ),
                OrdinalNumber(
                    1046,
                ),
                OrdinalNumber(
                    993,
                ),
                OrdinalNumber(
                    858,
                ),
                OrdinalNumber(
                    859,
                ),
                OrdinalNumber(
                    264,
                ),
                OrdinalNumber(
                    919,
                ),
                OrdinalNumber(
                    19,
                ),
                OrdinalNumber(
                    885,
                ),
                OrdinalNumber(
                    95,
                ),
                OrdinalNumber(
                    246,
                ),
                OrdinalNumber(
                    266,
                ),
                OrdinalNumber(
                    864,
                ),
                OrdinalNumber(
                    496,
                ),
                OrdinalNumber(
                    250,
                ),
                OrdinalNumber(
                    537,
                ),
                OrdinalNumber(
                    870,
                ),
                OrdinalNumber(
                    260,
                ),
                OrdinalNumber(
                    265,
                ),
                OrdinalNumber(
                    25,
                ),
                OrdinalNumber(
                    261,
                ),
                OrdinalNumber(
                    492,
                ),
                OrdinalNumber(
                    196,
                ),
                OrdinalNumber(
                    491,
                ),
                OrdinalNumber(
                    1113,
                ),
                OrdinalNumber(
                    1121,
                ),
                OrdinalNumber(
                    1118,
                ),
                OrdinalNumber(
                    165,
                ),
                OrdinalNumber(
                    385,
                ),
                OrdinalNumber(
                    379,
                ),
                OrdinalNumber(
                    399,
                ),
                OrdinalNumber(
                    386,
                ),
                OrdinalNumber(
                    382,
                ),
                OrdinalNumber(
                    390,
                ),
                OrdinalNumber(
                    389,
                ),
                OrdinalNumber(
                    392,
                ),
                OrdinalNumber(
                    381,
                ),
                OrdinalNumber(
                    387,
                ),
                OrdinalNumber(
                    380,
                ),
                OrdinalNumber(
                    384,
                ),
                OrdinalNumber(
                    1054,
                ),
                OrdinalNumber(
                    1177,
                ),
                OrdinalNumber(
                    247,
                ),
                OrdinalNumber(
                    258,
                ),
                OrdinalNumber(
                    263,
                ),
                OrdinalNumber(
                    259,
                ),
                OrdinalNumber(
                    262,
                ),
                OrdinalNumber(
                    921,
                ),
                OrdinalNumber(
                    912,
                ),
                OrdinalNumber(
                    884,
                ),
                OrdinalNumber(
                    1146,
                ),
                OrdinalNumber(
                    88,
                ),
                OrdinalNumber(
                    493,
                ),
                OrdinalNumber(
                    271,
                ),
                OrdinalNumber(
                    826,
                ),
                OrdinalNumber(
                    701,
                ),
                OrdinalNumber(
                    1120,
                ),
                OrdinalNumber(
                    1131,
                ),
                OrdinalNumber(
                    1130,
                ),
                OrdinalNumber(
                    1346,
                ),
                OrdinalNumber(
                    1052,
                ),
                OrdinalNumber(
                    2054,
                ),
                OrdinalNumber(
                    1047,
                ),
                OrdinalNumber(
                    1044,
                ),
                OrdinalNumber(
                    1043,
                ),
                OrdinalNumber(
                    2044,
                ),
                OrdinalNumber(
                    988,
                ),
                OrdinalNumber(
                    1010,
                ),
                OrdinalNumber(
                    2027,
                ),
                OrdinalNumber(
                    2016,
                ),
                OrdinalNumber(
                    2037,
                ),
                OrdinalNumber(
                    2021,
                ),
                OrdinalNumber(
                    2053,
                ),
                OrdinalNumber(
                    2046,
                ),
                OrdinalNumber(
                    2008,
                ),
                OrdinalNumber(
                    1051,
                ),
                OrdinalNumber(
                    2025,
                ),
                OrdinalNumber(
                    2029,
                ),
                OrdinalNumber(
                    2012,
                ),
                OrdinalNumber(
                    2026,
                ),
                OrdinalNumber(
                    2033,
                ),
                OrdinalNumber(
                    2048,
                ),
                OrdinalNumber(
                    2043,
                ),
                OrdinalNumber(
                    2052,
                ),
                OrdinalNumber(
                    2047,
                ),
                OrdinalNumber(
                    1036,
                ),
                OrdinalNumber(
                    2005,
                ),
                OrdinalNumber(
                    2032,
                ),
                OrdinalNumber(
                    1403,
                ),
                OrdinalNumber(
                    2031,
                ),
                OrdinalNumber(
                    1068,
                ),
                OrdinalNumber(
                    2041,
                ),
                OrdinalNumber(
                    1410,
                ),
                OrdinalNumber(
                    535,
                ),
                OrdinalNumber(
                    555,
                ),
                OrdinalNumber(
                    497,
                ),
                OrdinalNumber(
                    556,
                ),
                OrdinalNumber(
                    553,
                ),
                OrdinalNumber(
                    1415,
                ),
                OrdinalNumber(
                    1413,
                ),
                OrdinalNumber(
                    1079,
                ),
                OrdinalNumber(
                    1417,
                ),
                OrdinalNumber(
                    1039,
                ),
                OrdinalNumber(
                    272,
                ),
                OrdinalNumber(
                    725,
                ),
                OrdinalNumber(
                    529,
                ),
                OrdinalNumber(
                    541,
                ),
                OrdinalNumber(
                    954,
                ),
                OrdinalNumber(
                    953,
                ),
                OrdinalNumber(
                    528,
                ),
                OrdinalNumber(
                    89,
                ),
                OrdinalNumber(
                    910,
                ),
                OrdinalNumber(
                    947,
                ),
                OrdinalNumber(
                    90,
                ),
                OrdinalNumber(
                    911,
                ),
                OrdinalNumber(
                    1182,
                ),
                OrdinalNumber(
                    530,
                ),
                OrdinalNumber(
                    903,
                ),
                OrdinalNumber(
                    653,
                ),
                OrdinalNumber(
                    950,
                ),
                OrdinalNumber(
                    887,
                ),
                OrdinalNumber(
                    951,
                ),
                OrdinalNumber(
                    1611,
                ),
                OrdinalNumber(
                    1777,
                ),
                OrdinalNumber(
                    1666,
                ),
                OrdinalNumber(
                    916,
                ),
                OrdinalNumber(
                    1115,
                ),
                OrdinalNumber(
                    1100,
                ),
                OrdinalNumber(
                    197,
                ),
                OrdinalNumber(
                    514,
                ),
                OrdinalNumber(
                    1239,
                ),
                OrdinalNumber(
                    1238,
                ),
                OrdinalNumber(
                    383,
                ),
                OrdinalNumber(
                    285,
                ),
                OrdinalNumber(
                    1229,
                ),
                OrdinalNumber(
                    1768,
                ),
                OrdinalNumber(
                    1160,
                ),
                OrdinalNumber(
                    860,
                ),
                OrdinalNumber(
                    861,
                ),
                OrdinalNumber(
                    831,
                ),
                OrdinalNumber(
                    284,
                ),
                OrdinalNumber(
                    734,
                ),
                OrdinalNumber(
                    736,
                ),
                OrdinalNumber(
                    102,
                ),
                OrdinalNumber(
                    249,
                ),
                OrdinalNumber(
                    252,
                ),
                OrdinalNumber(
                    683,
                ),
                OrdinalNumber(
                    682,
                ),
                OrdinalNumber(
                    254,
                ),
                OrdinalNumber(
                    256,
                ),
                OrdinalNumber(
                    731,
                ),
                OrdinalNumber(
                    1453,
                ),
                OrdinalNumber(
                    709,
                ),
                OrdinalNumber(
                    878,
                ),
                OrdinalNumber(
                    704,
                ),
                OrdinalNumber(
                    708,
                ),
                OrdinalNumber(
                    730,
                ),
                OrdinalNumber(
                    866,
                ),
                OrdinalNumber(
                    10,
                ),
                OrdinalNumber(
                    11,
                ),
                OrdinalNumber(
                    173,
                ),
                OrdinalNumber(
                    1064,
                ),
                OrdinalNumber(
                    171,
                ),
                OrdinalNumber(
                    170,
                ),
                OrdinalNumber(
                    168,
                ),
                OrdinalNumber(
                    1126,
                ),
                OrdinalNumber(
                    234,
                ),
                OrdinalNumber(
                    516,
                ),
                OrdinalNumber(
                    15,
                ),
                OrdinalNumber(
                    16,
                ),
                OrdinalNumber(
                    520,
                ),
                OrdinalNumber(
                    1556,
                ),
                OrdinalNumber(
                    1551,
                ),
                OrdinalNumber(
                    2024,
                ),
                OrdinalNumber(
                    1070,
                ),
                OrdinalNumber(
                    2001,
                ),
                OrdinalNumber(
                    2000,
                ),
                OrdinalNumber(
                    2003,
                ),
                OrdinalNumber(
                    65,
                ),
                OrdinalNumber(
                    2018,
                ),
                OrdinalNumber(
                    1065,
                ),
                OrdinalNumber(
                    35,
                ),
                OrdinalNumber(
                    33,
                ),
                OrdinalNumber(
                    34,
                ),
                OrdinalNumber(
                    66,
                ),
                OrdinalNumber(
                    1645,
                ),
                OrdinalNumber(
                    87,
                ),
                OrdinalNumber(
                    1876,
                ),
                OrdinalNumber(
                    36,
                ),
                OrdinalNumber(
                    1875,
                ),
                OrdinalNumber(
                    2002,
                ),
                OrdinalNumber(
                    1407,
                ),
                OrdinalNumber(
                    1108,
                ),
                OrdinalNumber(
                    1145,
                ),
                OrdinalNumber(
                    61,
                ),
                OrdinalNumber(
                    63,
                ),
                OrdinalNumber(
                    1201,
                ),
                OrdinalNumber(
                    64,
                ),
                OrdinalNumber(
                    1492,
                ),
            ],
        ),
        import_address_table: [
            2147484740,
            2147485267,
            2147483934,
            2147484350,
            2147484367,
            2147484666,
            2147484742,
            2147484743,
            2147485223,
            2147485222,
            2147485220,
            2147484689,
            2147484750,
            2147485228,
            2147484694,
            2147484641,
            2147484506,
            2147484507,
            2147483912,
            2147484567,
            2147483667,
            2147484533,
            2147483743,
            2147483894,
            2147483914,
            2147484512,
            2147484144,
            2147483898,
            2147484185,
            2147484518,
            2147483908,
            2147483913,
            2147483673,
            2147483909,
            2147484140,
            2147483844,
            2147484139,
            2147484761,
            2147484769,
            2147484766,
            2147483813,
            2147484033,
            2147484027,
            2147484047,
            2147484034,
            2147484030,
            2147484038,
            2147484037,
            2147484040,
            2147484029,
            2147484035,
            2147484028,
            2147484032,
            2147484702,
            2147484825,
            2147483895,
            2147483906,
            2147483911,
            2147483907,
            2147483910,
            2147484569,
            2147484560,
            2147484532,
            2147484794,
            2147483736,
            2147484141,
            2147483919,
            2147484474,
            2147484349,
            2147484768,
            2147484779,
            2147484778,
            2147484994,
            2147484700,
            2147485702,
            2147484695,
            2147484692,
            2147484691,
            2147485692,
            2147484636,
            2147484658,
            2147485675,
            2147485664,
            2147485685,
            2147485669,
            2147485701,
            2147485694,
            2147485656,
            2147484699,
            2147485673,
            2147485677,
            2147485660,
            2147485674,
            2147485681,
            2147485696,
            2147485691,
            2147485700,
            2147485695,
            2147484684,
            2147485653,
            2147485680,
            2147485051,
            2147485679,
            2147484716,
            2147485689,
            2147485058,
            2147484183,
            2147484203,
            2147484145,
            2147484204,
            2147484201,
            2147485063,
            2147485061,
            2147484727,
            2147485065,
            2147484687,
            2147483920,
            2147484373,
            2147484177,
            2147484189,
            2147484602,
            2147484601,
            2147484176,
            2147483737,
            2147484558,
            2147484595,
            2147483738,
            2147484559,
            2147484830,
            2147484178,
            2147484551,
            2147484301,
            2147484598,
            2147484535,
            2147484599,
            2147485259,
            2147485425,
            2147485314,
            2147484564,
            2147484763,
            2147484748,
            2147483845,
            2147484162,
            2147484887,
            2147484886,
            2147484031,
            2147483933,
            2147484877,
            2147485416,
            2147484808,
            2147484508,
            2147484509,
            2147484479,
            2147483932,
            2147484382,
            2147484384,
            2147483750,
            2147483897,
            2147483900,
            2147484331,
            2147484330,
            2147483902,
            2147483904,
            2147484379,
            2147485101,
            2147484357,
            2147484526,
            2147484352,
            2147484356,
            2147484378,
            2147484514,
            2147483658,
            2147483659,
            2147483821,
            2147484712,
            2147483819,
            2147483818,
            2147483816,
            2147484774,
            2147483882,
            2147484164,
            2147483663,
            2147483664,
            2147484168,
            2147485204,
            2147485199,
            2147485672,
            2147484718,
            2147485649,
            2147485648,
            2147485651,
            2147483713,
            2147485666,
            2147484713,
            2147483683,
            2147483681,
            2147483682,
            2147483714,
            2147485293,
            2147483735,
            2147485524,
            2147483684,
            2147485523,
            2147485650,
            2147485055,
            2147484756,
            2147484793,
            2147483709,
            2147483711,
            2147484849,
            2147483712,
            2147485140,
        ],
    }
[2026-08-29T14:50:09Z DEBUG goblin::pe::import] ImportDirectoryEntry {
        import_lookup_table_rva: 1241908,
        time_date_stamp: 0,
        forwarder_chain: 0,
        name_rva: 1242006,
        import_address_table_rva: 1250132,
    }
[2026-08-29T14:50:09Z DEBUG goblin::pe::utils] Checking .text for 0x12f396 ∈ 0x1000..0x118124
[2026-08-29T14:50:09Z DEBUG goblin::pe::utils] Checking .rdata for 0x12f396 ∈ 0x119000..0x1303a8
[2026-08-29T14:50:09Z DEBUG goblin::pe::utils] Found in section .rdata(1), remapped into offset 0x12d996
[2026-08-29T14:50:09Z DEBUG goblin::pe::utils] Checking .text for 0x12f334 ∈ 0x1000..0x118124
[2026-08-29T14:50:09Z DEBUG goblin::pe::utils] Checking .rdata for 0x12f334 ∈ 0x119000..0x1303a8
[2026-08-29T14:50:09Z DEBUG goblin::pe::utils] Found in section .rdata(1), remapped into offset 0x12d934
[2026-08-29T14:50:09Z DEBUG goblin::pe::import] Synthesizing lookup table imports for MMTimer.dll lib, with import lookup table rva: 0x12f334
[2026-08-29T14:50:09Z DEBUG goblin::pe::import] bitfield 0x12f384
[2026-08-29T14:50:09Z DEBUG goblin::pe::import] searching for RVA 0x12f384
[2026-08-29T14:50:09Z DEBUG goblin::pe::utils] Checking .text for 0x12f384 ∈ 0x1000..0x118124
[2026-08-29T14:50:09Z DEBUG goblin::pe::utils] Checking .rdata for 0x12f384 ∈ 0x119000..0x1303a8
[2026-08-29T14:50:09Z DEBUG goblin::pe::utils] Found in section .rdata(1), remapped into offset 0x12d984
[2026-08-29T14:50:09Z DEBUG goblin::pe::import] offset 0x12d984
[2026-08-29T14:50:09Z DEBUG goblin::pe::import] bitfield 0x12f374
[2026-08-29T14:50:09Z DEBUG goblin::pe::import] searching for RVA 0x12f374
[2026-08-29T14:50:09Z DEBUG goblin::pe::utils] Checking .text for 0x12f374 ∈ 0x1000..0x118124
[2026-08-29T14:50:09Z DEBUG goblin::pe::utils] Checking .rdata for 0x12f374 ∈ 0x119000..0x1303a8
[2026-08-29T14:50:09Z DEBUG goblin::pe::utils] Found in section .rdata(1), remapped into offset 0x12d974
[2026-08-29T14:50:09Z DEBUG goblin::pe::import] offset 0x12d974
[2026-08-29T14:50:09Z DEBUG goblin::pe::import] bitfield 0x12f364
[2026-08-29T14:50:09Z DEBUG goblin::pe::import] searching for RVA 0x12f364
[2026-08-29T14:50:09Z DEBUG goblin::pe::utils] Checking .text for 0x12f364 ∈ 0x1000..0x118124
[2026-08-29T14:50:09Z DEBUG goblin::pe::utils] Checking .rdata for 0x12f364 ∈ 0x119000..0x1303a8
[2026-08-29T14:50:09Z DEBUG goblin::pe::utils] Found in section .rdata(1), remapped into offset 0x12d964
[2026-08-29T14:50:09Z DEBUG goblin::pe::import] offset 0x12d964
[2026-08-29T14:50:09Z DEBUG goblin::pe::import] bitfield 0x12f354
[2026-08-29T14:50:09Z DEBUG goblin::pe::import] searching for RVA 0x12f354
[2026-08-29T14:50:09Z DEBUG goblin::pe::utils] Checking .text for 0x12f354 ∈ 0x1000..0x118124
[2026-08-29T14:50:09Z DEBUG goblin::pe::utils] Checking .rdata for 0x12f354 ∈ 0x119000..0x1303a8
[2026-08-29T14:50:09Z DEBUG goblin::pe::utils] Found in section .rdata(1), remapped into offset 0x12d954
[2026-08-29T14:50:09Z DEBUG goblin::pe::import] offset 0x12d954
[2026-08-29T14:50:09Z DEBUG goblin::pe::import] imports done
[2026-08-29T14:50:09Z DEBUG goblin::pe::import] Successfully synthesized import lookup table entry from lookup table: [
        HintNameTableRVA(
            (
                1241988,
                HintNameTableEntry {
                    hint: 0,
                    name: "timeBeginPeriod",
                },
            ),
        ),
        HintNameTableRVA(
            (
                1241972,
                HintNameTableEntry {
                    hint: 6,
                    name: "timeKillEvent",
                },
            ),
        ),
        HintNameTableRVA(
            (
                1241956,
                HintNameTableEntry {
                    hint: 1,
                    name: "timeEndPeriod",
                },
            ),
        ),
        HintNameTableRVA(
            (
                1241940,
                HintNameTableEntry {
                    hint: 7,
                    name: "timeSetEvent",
                },
            ),
        ),
    ]
[2026-08-29T14:50:09Z DEBUG goblin::pe::utils] Checking .text for 0x131354 ∈ 0x1000..0x118124
[2026-08-29T14:50:09Z DEBUG goblin::pe::utils] Checking .rdata for 0x131354 ∈ 0x119000..0x1303a8
[2026-08-29T14:50:09Z DEBUG goblin::pe::utils] Checking .data for 0x131354 ∈ 0x131000..0x137220
[2026-08-29T14:50:09Z DEBUG goblin::pe::utils] Found in section .data(2), remapped into offset 0x12ed54
[2026-08-29T14:50:09Z DEBUG goblin::pe::import] entry SyntheticImportDirectoryEntry {
        import_directory_entry: ImportDirectoryEntry {
            import_lookup_table_rva: 1241908,
            time_date_stamp: 0,
            forwarder_chain: 0,
            name_rva: 1242006,
            import_address_table_rva: 1250132,
        },
        name: "MMTimer.dll",
        import_lookup_table: Some(
            [
                HintNameTableRVA(
                    (
                        1241988,
                        HintNameTableEntry {
                            hint: 0,
                            name: "timeBeginPeriod",
                        },
                    ),
                ),
                HintNameTableRVA(
                    (
                        1241972,
                        HintNameTableEntry {
                            hint: 6,
                            name: "timeKillEvent",
                        },
                    ),
                ),
                HintNameTableRVA(
                    (
                        1241956,
                        HintNameTableEntry {
                            hint: 1,
                            name: "timeEndPeriod",
                        },
                    ),
                ),
                HintNameTableRVA(
                    (
                        1241940,
                        HintNameTableEntry {
                            hint: 7,
                            name: "timeSetEvent",
                        },
                    ),
                ),
            ],
        ),
        import_address_table: [
            1241988,
            1241972,
            1241956,
            1241940,
        ],
    }
[2026-08-29T14:50:09Z DEBUG goblin::pe::import] ImportDirectoryEntry {
        import_lookup_table_rva: 0,
        time_date_stamp: 0,
        forwarder_chain: 0,
        name_rva: 0,
        import_address_table_rva: 0,
    }
[2026-08-29T14:50:09Z DEBUG goblin::pe::import] finished ImportData
[2026-08-29T14:50:09Z DEBUG goblin::pe] import data ImportData {
        import_data: [
            SyntheticImportDirectoryEntry {
                import_directory_entry: ImportDirectoryEntry {
                    import_lookup_table_rva: 1241056,
                    time_date_stamp: 0,
                    forwarder_chain: 0,
                    name_rva: 1241928,
                    import_address_table_rva: 1249280,
                },
                name: "COREDLL.dll",
                import_lookup_table: Some(
                    [
                        OrdinalNumber(
                            1092,
                        ),
                        OrdinalNumber(
                            1619,
                        ),
                        OrdinalNumber(
                            286,
                        ),
                        OrdinalNumber(
                            702,
                        ),
                        OrdinalNumber(
                            719,
                        ),
                        OrdinalNumber(
                            1018,
                        ),
                        OrdinalNumber(
                            1094,
                        ),
                        OrdinalNumber(
                            1095,
                        ),
                        OrdinalNumber(
                            1575,
                        ),
                        OrdinalNumber(
                            1574,
                        ),
                        OrdinalNumber(
                            1572,
                        ),
                        OrdinalNumber(
                            1041,
                        ),
                        OrdinalNumber(
                            1102,
                        ),
                        OrdinalNumber(
                            1580,
                        ),
                        OrdinalNumber(
                            1046,
                        ),
                        OrdinalNumber(
                            993,
                        ),
                        OrdinalNumber(
                            858,
                        ),
                        OrdinalNumber(
                            859,
                        ),
                        OrdinalNumber(
                            264,
                        ),
                        OrdinalNumber(
                            919,
                        ),
                        OrdinalNumber(
                            19,
                        ),
                        OrdinalNumber(
                            885,
                        ),
                        OrdinalNumber(
                            95,
                        ),
                        OrdinalNumber(
                            246,
                        ),
                        OrdinalNumber(
                            266,
                        ),
                        OrdinalNumber(
                            864,
                        ),
                        OrdinalNumber(
                            496,
                        ),
                        OrdinalNumber(
                            250,
                        ),
                        OrdinalNumber(
                            537,
                        ),
                        OrdinalNumber(
                            870,
                        ),
                        OrdinalNumber(
                            260,
                        ),
                        OrdinalNumber(
                            265,
                        ),
                        OrdinalNumber(
                            25,
                        ),
                        OrdinalNumber(
                            261,
                        ),
                        OrdinalNumber(
                            492,
                        ),
                        OrdinalNumber(
                            196,
                        ),
                        OrdinalNumber(
                            491,
                        ),
                        OrdinalNumber(
                            1113,
                        ),
                        OrdinalNumber(
                            1121,
                        ),
                        OrdinalNumber(
                            1118,
                        ),
                        OrdinalNumber(
                            165,
                        ),
                        OrdinalNumber(
                            385,
                        ),
                        OrdinalNumber(
                            379,
                        ),
                        OrdinalNumber(
                            399,
                        ),
                        OrdinalNumber(
                            386,
                        ),
                        OrdinalNumber(
                            382,
                        ),
                        OrdinalNumber(
                            390,
                        ),
                        OrdinalNumber(
                            389,
                        ),
                        OrdinalNumber(
                            392,
                        ),
                        OrdinalNumber(
                            381,
                        ),
                        OrdinalNumber(
                            387,
                        ),
                        OrdinalNumber(
                            380,
                        ),
                        OrdinalNumber(
                            384,
                        ),
                        OrdinalNumber(
                            1054,
                        ),
                        OrdinalNumber(
                            1177,
                        ),
                        OrdinalNumber(
                            247,
                        ),
                        OrdinalNumber(
                            258,
                        ),
                        OrdinalNumber(
                            263,
                        ),
                        OrdinalNumber(
                            259,
                        ),
                        OrdinalNumber(
                            262,
                        ),
                        OrdinalNumber(
                            921,
                        ),
                        OrdinalNumber(
                            912,
                        ),
                        OrdinalNumber(
                            884,
                        ),
                        OrdinalNumber(
                            1146,
                        ),
                        OrdinalNumber(
                            88,
                        ),
                        OrdinalNumber(
                            493,
                        ),
                        OrdinalNumber(
                            271,
                        ),
                        OrdinalNumber(
                            826,
                        ),
                        OrdinalNumber(
                            701,
                        ),
                        OrdinalNumber(
                            1120,
                        ),
                        OrdinalNumber(
                            1131,
                        ),
                        OrdinalNumber(
                            1130,
                        ),
                        OrdinalNumber(
                            1346,
                        ),
                        OrdinalNumber(
                            1052,
                        ),
                        OrdinalNumber(
                            2054,
                        ),
                        OrdinalNumber(
                            1047,
                        ),
                        OrdinalNumber(
                            1044,
                        ),
                        OrdinalNumber(
                            1043,
                        ),
                        OrdinalNumber(
                            2044,
                        ),
                        OrdinalNumber(
                            988,
                        ),
                        OrdinalNumber(
                            1010,
                        ),
                        OrdinalNumber(
                            2027,
                        ),
                        OrdinalNumber(
                            2016,
                        ),
                        OrdinalNumber(
                            2037,
                        ),
                        OrdinalNumber(
                            2021,
                        ),
                        OrdinalNumber(
                            2053,
                        ),
                        OrdinalNumber(
                            2046,
                        ),
                        OrdinalNumber(
                            2008,
                        ),
                        OrdinalNumber(
                            1051,
                        ),
                        OrdinalNumber(
                            2025,
                        ),
                        OrdinalNumber(
                            2029,
                        ),
                        OrdinalNumber(
                            2012,
                        ),
                        OrdinalNumber(
                            2026,
                        ),
                        OrdinalNumber(
                            2033,
                        ),
                        OrdinalNumber(
                            2048,
                        ),
                        OrdinalNumber(
                            2043,
                        ),
                        OrdinalNumber(
                            2052,
                        ),
                        OrdinalNumber(
                            2047,
                        ),
                        OrdinalNumber(
                            1036,
                        ),
                        OrdinalNumber(
                            2005,
                        ),
                        OrdinalNumber(
                            2032,
                        ),
                        OrdinalNumber(
                            1403,
                        ),
                        OrdinalNumber(
                            2031,
                        ),
                        OrdinalNumber(
                            1068,
                        ),
                        OrdinalNumber(
                            2041,
                        ),
                        OrdinalNumber(
                            1410,
                        ),
                        OrdinalNumber(
                            535,
                        ),
                        OrdinalNumber(
                            555,
                        ),
                        OrdinalNumber(
                            497,
                        ),
                        OrdinalNumber(
                            556,
                        ),
                        OrdinalNumber(
                            553,
                        ),
                        OrdinalNumber(
                            1415,
                        ),
                        OrdinalNumber(
                            1413,
                        ),
                        OrdinalNumber(
                            1079,
                        ),
                        OrdinalNumber(
                            1417,
                        ),
                        OrdinalNumber(
                            1039,
                        ),
                        OrdinalNumber(
                            272,
                        ),
                        OrdinalNumber(
                            725,
                        ),
                        OrdinalNumber(
                            529,
                        ),
                        OrdinalNumber(
                            541,
                        ),
                        OrdinalNumber(
                            954,
                        ),
                        OrdinalNumber(
                            953,
                        ),
                        OrdinalNumber(
                            528,
                        ),
                        OrdinalNumber(
                            89,
                        ),
                        OrdinalNumber(
                            910,
                        ),
                        OrdinalNumber(
                            947,
                        ),
                        OrdinalNumber(
                            90,
                        ),
                        OrdinalNumber(
                            911,
                        ),
                        OrdinalNumber(
                            1182,
                        ),
                        OrdinalNumber(
                            530,
                        ),
                        OrdinalNumber(
                            903,
                        ),
                        OrdinalNumber(
                            653,
                        ),
                        OrdinalNumber(
                            950,
                        ),
                        OrdinalNumber(
                            887,
                        ),
                        OrdinalNumber(
                            951,
                        ),
                        OrdinalNumber(
                            1611,
                        ),
                        OrdinalNumber(
                            1777,
                        ),
                        OrdinalNumber(
                            1666,
                        ),
                        OrdinalNumber(
                            916,
                        ),
                        OrdinalNumber(
                            1115,
                        ),
                        OrdinalNumber(
                            1100,
                        ),
                        OrdinalNumber(
                            197,
                        ),
                        OrdinalNumber(
                            514,
                        ),
                        OrdinalNumber(
                            1239,
                        ),
                        OrdinalNumber(
                            1238,
                        ),
                        OrdinalNumber(
                            383,
                        ),
                        OrdinalNumber(
                            285,
                        ),
                        OrdinalNumber(
                            1229,
                        ),
                        OrdinalNumber(
                            1768,
                        ),
                        OrdinalNumber(
                            1160,
                        ),
                        OrdinalNumber(
                            860,
                        ),
                        OrdinalNumber(
                            861,
                        ),
                        OrdinalNumber(
                            831,
                        ),
                        OrdinalNumber(
                            284,
                        ),
                        OrdinalNumber(
                            734,
                        ),
                        OrdinalNumber(
                            736,
                        ),
                        OrdinalNumber(
                            102,
                        ),
                        OrdinalNumber(
                            249,
                        ),
                        OrdinalNumber(
                            252,
                        ),
                        OrdinalNumber(
                            683,
                        ),
                        OrdinalNumber(
                            682,
                        ),
                        OrdinalNumber(
                            254,
                        ),
                        OrdinalNumber(
                            256,
                        ),
                        OrdinalNumber(
                            731,
                        ),
                        OrdinalNumber(
                            1453,
                        ),
                        OrdinalNumber(
                            709,
                        ),
                        OrdinalNumber(
                            878,
                        ),
                        OrdinalNumber(
                            704,
                        ),
                        OrdinalNumber(
                            708,
                        ),
                        OrdinalNumber(
                            730,
                        ),
                        OrdinalNumber(
                            866,
                        ),
                        OrdinalNumber(
                            10,
                        ),
                        OrdinalNumber(
                            11,
                        ),
                        OrdinalNumber(
                            173,
                        ),
                        OrdinalNumber(
                            1064,
                        ),
                        OrdinalNumber(
                            171,
                        ),
                        OrdinalNumber(
                            170,
                        ),
                        OrdinalNumber(
                            168,
                        ),
                        OrdinalNumber(
                            1126,
                        ),
                        OrdinalNumber(
                            234,
                        ),
                        OrdinalNumber(
                            516,
                        ),
                        OrdinalNumber(
                            15,
                        ),
                        OrdinalNumber(
                            16,
                        ),
                        OrdinalNumber(
                            520,
                        ),
                        OrdinalNumber(
                            1556,
                        ),
                        OrdinalNumber(
                            1551,
                        ),
                        OrdinalNumber(
                            2024,
                        ),
                        OrdinalNumber(
                            1070,
                        ),
                        OrdinalNumber(
                            2001,
                        ),
                        OrdinalNumber(
                            2000,
                        ),
                        OrdinalNumber(
                            2003,
                        ),
                        OrdinalNumber(
                            65,
                        ),
                        OrdinalNumber(
                            2018,
                        ),
                        OrdinalNumber(
                            1065,
                        ),
                        OrdinalNumber(
                            35,
                        ),
                        OrdinalNumber(
                            33,
                        ),
                        OrdinalNumber(
                            34,
                        ),
                        OrdinalNumber(
                            66,
                        ),
                        OrdinalNumber(
                            1645,
                        ),
                        OrdinalNumber(
                            87,
                        ),
                        OrdinalNumber(
                            1876,
                        ),
                        OrdinalNumber(
                            36,
                        ),
                        OrdinalNumber(
                            1875,
                        ),
                        OrdinalNumber(
                            2002,
                        ),
                        OrdinalNumber(
                            1407,
                        ),
                        OrdinalNumber(
                            1108,
                        ),
                        OrdinalNumber(
                            1145,
                        ),
                        OrdinalNumber(
                            61,
                        ),
                        OrdinalNumber(
                            63,
                        ),
                        OrdinalNumber(
                            1201,
                        ),
                        OrdinalNumber(
                            64,
                        ),
                        OrdinalNumber(
                            1492,
                        ),
                    ],
                ),
                import_address_table: [
                    2147484740,
                    2147485267,
                    2147483934,
                    2147484350,
                    2147484367,
                    2147484666,
                    2147484742,
                    2147484743,
                    2147485223,
                    2147485222,
                    2147485220,
                    2147484689,
                    2147484750,
                    2147485228,
                    2147484694,
                    2147484641,
                    2147484506,
                    2147484507,
                    2147483912,
                    2147484567,
                    2147483667,
                    2147484533,
                    2147483743,
                    2147483894,
                    2147483914,
                    2147484512,
                    2147484144,
                    2147483898,
                    2147484185,
                    2147484518,
                    2147483908,
                    2147483913,
                    2147483673,
                    2147483909,
                    2147484140,
                    2147483844,
                    2147484139,
                    2147484761,
                    2147484769,
                    2147484766,
                    2147483813,
                    2147484033,
                    2147484027,
                    2147484047,
                    2147484034,
                    2147484030,
                    2147484038,
                    2147484037,
                    2147484040,
                    2147484029,
                    2147484035,
                    2147484028,
                    2147484032,
                    2147484702,
                    2147484825,
                    2147483895,
                    2147483906,
                    2147483911,
                    2147483907,
                    2147483910,
                    2147484569,
                    2147484560,
                    2147484532,
                    2147484794,
                    2147483736,
                    2147484141,
                    2147483919,
                    2147484474,
                    2147484349,
                    2147484768,
                    2147484779,
                    2147484778,
                    2147484994,
                    2147484700,
                    2147485702,
                    2147484695,
                    2147484692,
                    2147484691,
                    2147485692,
                    2147484636,
                    2147484658,
                    2147485675,
                    2147485664,
                    2147485685,
                    2147485669,
                    2147485701,
                    2147485694,
                    2147485656,
                    2147484699,
                    2147485673,
                    2147485677,
                    2147485660,
                    2147485674,
                    2147485681,
                    2147485696,
                    2147485691,
                    2147485700,
                    2147485695,
                    2147484684,
                    2147485653,
                    2147485680,
                    2147485051,
                    2147485679,
                    2147484716,
                    2147485689,
                    2147485058,
                    2147484183,
                    2147484203,
                    2147484145,
                    2147484204,
                    2147484201,
                    2147485063,
                    2147485061,
                    2147484727,
                    2147485065,
                    2147484687,
                    2147483920,
                    2147484373,
                    2147484177,
                    2147484189,
                    2147484602,
                    2147484601,
                    2147484176,
                    2147483737,
                    2147484558,
                    2147484595,
                    2147483738,
                    2147484559,
                    2147484830,
                    2147484178,
                    2147484551,
                    2147484301,
                    2147484598,
                    2147484535,
                    2147484599,
                    2147485259,
                    2147485425,
                    2147485314,
                    2147484564,
                    2147484763,
                    2147484748,
                    2147483845,
                    2147484162,
                    2147484887,
                    2147484886,
                    2147484031,
                    2147483933,
                    2147484877,
                    2147485416,
                    2147484808,
                    2147484508,
                    2147484509,
                    2147484479,
                    2147483932,
                    2147484382,
                    2147484384,
                    2147483750,
                    2147483897,
                    2147483900,
                    2147484331,
                    2147484330,
                    2147483902,
                    2147483904,
                    2147484379,
                    2147485101,
                    2147484357,
                    2147484526,
                    2147484352,
                    2147484356,
                    2147484378,
                    2147484514,
                    2147483658,
                    2147483659,
                    2147483821,
                    2147484712,
                    2147483819,
                    2147483818,
                    2147483816,
                    2147484774,
                    2147483882,
                    2147484164,
                    2147483663,
                    2147483664,
                    2147484168,
                    2147485204,
                    2147485199,
                    2147485672,
                    2147484718,
                    2147485649,
                    2147485648,
                    2147485651,
                    2147483713,
                    2147485666,
                    2147484713,
                    2147483683,
                    2147483681,
                    2147483682,
                    2147483714,
                    2147485293,
                    2147483735,
                    2147485524,
                    2147483684,
                    2147485523,
                    2147485650,
                    2147485055,
                    2147484756,
                    2147484793,
                    2147483709,
                    2147483711,
                    2147484849,
                    2147483712,
                    2147485140,
                ],
            },
            SyntheticImportDirectoryEntry {
                import_directory_entry: ImportDirectoryEntry {
                    import_lookup_table_rva: 1241908,
                    time_date_stamp: 0,
                    forwarder_chain: 0,
                    name_rva: 1242006,
                    import_address_table_rva: 1250132,
                },
                name: "MMTimer.dll",
                import_lookup_table: Some(
                    [
                        HintNameTableRVA(
                            (
                                1241988,
                                HintNameTableEntry {
                                    hint: 0,
                                    name: "timeBeginPeriod",
                                },
                            ),
                        ),
                        HintNameTableRVA(
                            (
                                1241972,
                                HintNameTableEntry {
                                    hint: 6,
                                    name: "timeKillEvent",
                                },
                            ),
                        ),
                        HintNameTableRVA(
                            (
                                1241956,
                                HintNameTableEntry {
                                    hint: 1,
                                    name: "timeEndPeriod",
                                },
                            ),
                        ),
                        HintNameTableRVA(
                            (
                                1241940,
                                HintNameTableEntry {
                                    hint: 7,
                                    name: "timeSetEvent",
                                },
                            ),
                        ),
                    ],
                ),
                import_address_table: [
                    1241988,
                    1241972,
                    1241956,
                    1241940,
                ],
            },
        ],
    }
[2026-08-29T14:50:09Z DEBUG goblin::pe::import] Getting imports from COREDLL.dll
[2026-08-29T14:50:09Z DEBUG goblin::pe::import] Getting imports from MMTimer.dll
[2026-08-29T14:50:09Z DEBUG goblin::pe] imports: [
        Import {
            name: "ORDINAL 1092",
            dll: "COREDLL.dll",
            ordinal: 1092,
            offset: 1249280,
            rva: 0,
            size: 4,
        },
        Import {
            name: "ORDINAL 1619",
            dll: "COREDLL.dll",
            ordinal: 1619,
            offset: 1249284,
            rva: 0,
            size: 4,
        },
        Import {
            name: "ORDINAL 286",
            dll: "COREDLL.dll",
            ordinal: 286,
            offset: 1249288,
            rva: 0,
            size: 4,
        },
        Import {
            name: "ORDINAL 702",
            dll: "COREDLL.dll",
            ordinal: 702,
            offset: 1249292,
            rva: 0,
            size: 4,
        },
        Import {
            name: "ORDINAL 719",
            dll: "COREDLL.dll",
            ordinal: 719,
            offset: 1249296,
            rva: 0,
            size: 4,
        },
        Import {
            name: "ORDINAL 1018",
            dll: "COREDLL.dll",
            ordinal: 1018,
            offset: 1249300,
            rva: 0,
            size: 4,
        },
        Import {
            name: "ORDINAL 1094",
            dll: "COREDLL.dll",
            ordinal: 1094,
            offset: 1249304,
            rva: 0,
            size: 4,
        },
        Import {
            name: "ORDINAL 1095",
            dll: "COREDLL.dll",
            ordinal: 1095,
            offset: 1249308,
            rva: 0,
            size: 4,
        },
        Import {
            name: "ORDINAL 1575",
            dll: "COREDLL.dll",
            ordinal: 1575,
            offset: 1249312,
            rva: 0,
            size: 4,
        },
        Import {
            name: "ORDINAL 1574",
            dll: "COREDLL.dll",
            ordinal: 1574,
            offset: 1249316,
            rva: 0,
            size: 4,
        },
        Import {
            name: "ORDINAL 1572",
            dll: "COREDLL.dll",
            ordinal: 1572,
            offset: 1249320,
            rva: 0,
            size: 4,
        },
        Import {
            name: "ORDINAL 1041",
            dll: "COREDLL.dll",
            ordinal: 1041,
            offset: 1249324,
            rva: 0,
            size: 4,
        },
        Import {
            name: "ORDINAL 1102",
            dll: "COREDLL.dll",
            ordinal: 1102,
            offset: 1249328,
            rva: 0,
            size: 4,
        },
        Import {
            name: "ORDINAL 1580",
            dll: "COREDLL.dll",
            ordinal: 1580,
            offset: 1249332,
            rva: 0,
            size: 4,
        },
        Import {
            name: "ORDINAL 1046",
            dll: "COREDLL.dll",
            ordinal: 1046,
            offset: 1249336,
            rva: 0,
            size: 4,
        },
        Import {
            name: "ORDINAL 993",
            dll: "COREDLL.dll",
            ordinal: 993,
            offset: 1249340,
            rva: 0,
            size: 4,
        },
        Import {
            name: "ORDINAL 858",
            dll: "COREDLL.dll",
            ordinal: 858,
            offset: 1249344,
            rva: 0,
            size: 4,
        },
        Import {
            name: "ORDINAL 859",
            dll: "COREDLL.dll",
            ordinal: 859,
            offset: 1249348,
            rva: 0,
            size: 4,
        },
        Import {
            name: "ORDINAL 264",
            dll: "COREDLL.dll",
            ordinal: 264,
            offset: 1249352,
            rva: 0,
            size: 4,
        },
        Import {
            name: "ORDINAL 919",
            dll: "COREDLL.dll",
            ordinal: 919,
            offset: 1249356,
            rva: 0,
            size: 4,
        },
        Import {
            name: "ORDINAL 19",
            dll: "COREDLL.dll",
            ordinal: 19,
            offset: 1249360,
            rva: 0,
            size: 4,
        },
        Import {
            name: "ORDINAL 885",
            dll: "COREDLL.dll",
            ordinal: 885,
            offset: 1249364,
            rva: 0,
            size: 4,
        },
        Import {
            name: "ORDINAL 95",
            dll: "COREDLL.dll",
            ordinal: 95,
            offset: 1249368,
            rva: 0,
            size: 4,
        },
        Import {
            name: "ORDINAL 246",
            dll: "COREDLL.dll",
            ordinal: 246,
            offset: 1249372,
            rva: 0,
            size: 4,
        },
        Import {
            name: "ORDINAL 266",
            dll: "COREDLL.dll",
            ordinal: 266,
            offset: 1249376,
            rva: 0,
            size: 4,
        },
        Import {
            name: "ORDINAL 864",
            dll: "COREDLL.dll",
            ordinal: 864,
            offset: 1249380,
            rva: 0,
            size: 4,
        },
        Import {
            name: "ORDINAL 496",
            dll: "COREDLL.dll",
            ordinal: 496,
            offset: 1249384,
            rva: 0,
            size: 4,
        },
        Import {
            name: "ORDINAL 250",
            dll: "COREDLL.dll",
            ordinal: 250,
            offset: 1249388,
            rva: 0,
            size: 4,
        },
        Import {
            name: "ORDINAL 537",
            dll: "COREDLL.dll",
            ordinal: 537,
            offset: 1249392,
            rva: 0,
            size: 4,
        },
        Import {
            name: "ORDINAL 870",
            dll: "COREDLL.dll",
            ordinal: 870,
            offset: 1249396,
            rva: 0,
            size: 4,
        },
        Import {
            name: "ORDINAL 260",
            dll: "COREDLL.dll",
            ordinal: 260,
            offset: 1249400,
            rva: 0,
            size: 4,
        },
        Import {
            name: "ORDINAL 265",
            dll: "COREDLL.dll",
            ordinal: 265,
            offset: 1249404,
            rva: 0,
            size: 4,
        },
        Import {
            name: "ORDINAL 25",
            dll: "COREDLL.dll",
            ordinal: 25,
            offset: 1249408,
            rva: 0,
            size: 4,
        },
        Import {
            name: "ORDINAL 261",
            dll: "COREDLL.dll",
            ordinal: 261,
            offset: 1249412,
            rva: 0,
            size: 4,
        },
        Import {
            name: "ORDINAL 492",
            dll: "COREDLL.dll",
            ordinal: 492,
            offset: 1249416,
            rva: 0,
            size: 4,
        },
        Import {
            name: "ORDINAL 196",
            dll: "COREDLL.dll",
            ordinal: 196,
            offset: 1249420,
            rva: 0,
            size: 4,
        },
        Import {
            name: "ORDINAL 491",
            dll: "COREDLL.dll",
            ordinal: 491,
            offset: 1249424,
            rva: 0,
            size: 4,
        },
        Import {
            name: "ORDINAL 1113",
            dll: "COREDLL.dll",
            ordinal: 1113,
            offset: 1249428,
            rva: 0,
            size: 4,
        },
        Import {
            name: "ORDINAL 1121",
            dll: "COREDLL.dll",
            ordinal: 1121,
            offset: 1249432,
            rva: 0,
            size: 4,
        },
        Import {
            name: "ORDINAL 1118",
            dll: "COREDLL.dll",
            ordinal: 1118,
            offset: 1249436,
            rva: 0,
            size: 4,
        },
        Import {
            name: "ORDINAL 165",
            dll: "COREDLL.dll",
            ordinal: 165,
            offset: 1249440,
            rva: 0,
            size: 4,
        },
        Import {
            name: "ORDINAL 385",
            dll: "COREDLL.dll",
            ordinal: 385,
            offset: 1249444,
            rva: 0,
            size: 4,
        },
        Import {
            name: "ORDINAL 379",
            dll: "COREDLL.dll",
            ordinal: 379,
            offset: 1249448,
            rva: 0,
            size: 4,
        },
        Import {
            name: "ORDINAL 399",
            dll: "COREDLL.dll",
            ordinal: 399,
            offset: 1249452,
            rva: 0,
            size: 4,
        },
        Import {
            name: "ORDINAL 386",
            dll: "COREDLL.dll",
            ordinal: 386,
            offset: 1249456,
            rva: 0,
            size: 4,
        },
        Import {
            name: "ORDINAL 382",
            dll: "COREDLL.dll",
            ordinal: 382,
            offset: 1249460,
            rva: 0,
            size: 4,
        },
        Import {
            name: "ORDINAL 390",
            dll: "COREDLL.dll",
            ordinal: 390,
            offset: 1249464,
            rva: 0,
            size: 4,
        },
        Import {
            name: "ORDINAL 389",
            dll: "COREDLL.dll",
            ordinal: 389,
            offset: 1249468,
            rva: 0,
            size: 4,
        },
        Import {
            name: "ORDINAL 392",
            dll: "COREDLL.dll",
            ordinal: 392,
            offset: 1249472,
            rva: 0,
            size: 4,
        },
        Import {
            name: "ORDINAL 381",
            dll: "COREDLL.dll",
            ordinal: 381,
            offset: 1249476,
            rva: 0,
            size: 4,
        },
        Import {
            name: "ORDINAL 387",
            dll: "COREDLL.dll",
            ordinal: 387,
            offset: 1249480,
            rva: 0,
            size: 4,
        },
        Import {
            name: "ORDINAL 380",
            dll: "COREDLL.dll",
            ordinal: 380,
            offset: 1249484,
            rva: 0,
            size: 4,
        },
        Import {
            name: "ORDINAL 384",
            dll: "COREDLL.dll",
            ordinal: 384,
            offset: 1249488,
            rva: 0,
            size: 4,
        },
        Import {
            name: "ORDINAL 1054",
            dll: "COREDLL.dll",
            ordinal: 1054,
            offset: 1249492,
            rva: 0,
            size: 4,
        },
        Import {
            name: "ORDINAL 1177",
            dll: "COREDLL.dll",
            ordinal: 1177,
            offset: 1249496,
            rva: 0,
            size: 4,
        },
        Import {
            name: "ORDINAL 247",
            dll: "COREDLL.dll",
            ordinal: 247,
            offset: 1249500,
            rva: 0,
            size: 4,
        },
        Import {
            name: "ORDINAL 258",
            dll: "COREDLL.dll",
            ordinal: 258,
            offset: 1249504,
            rva: 0,
            size: 4,
        },
        Import {
            name: "ORDINAL 263",
            dll: "COREDLL.dll",
            ordinal: 263,
            offset: 1249508,
            rva: 0,
            size: 4,
        },
        Import {
            name: "ORDINAL 259",
            dll: "COREDLL.dll",
            ordinal: 259,
            offset: 1249512,
            rva: 0,
            size: 4,
        },
        Import {
            name: "ORDINAL 262",
            dll: "COREDLL.dll",
            ordinal: 262,
            offset: 1249516,
            rva: 0,
            size: 4,
        },
        Import {
            name: "ORDINAL 921",
            dll: "COREDLL.dll",
            ordinal: 921,
            offset: 1249520,
            rva: 0,
            size: 4,
        },
        Import {
            name: "ORDINAL 912",
            dll: "COREDLL.dll",
            ordinal: 912,
            offset: 1249524,
            rva: 0,
            size: 4,
        },
        Import {
            name: "ORDINAL 884",
            dll: "COREDLL.dll",
            ordinal: 884,
            offset: 1249528,
            rva: 0,
            size: 4,
        },
        Import {
            name: "ORDINAL 1146",
            dll: "COREDLL.dll",
            ordinal: 1146,
            offset: 1249532,
            rva: 0,
            size: 4,
        },
        Import {
            name: "ORDINAL 88",
            dll: "COREDLL.dll",
            ordinal: 88,
            offset: 1249536,
            rva: 0,
            size: 4,
        },
        Import {
            name: "ORDINAL 493",
            dll: "COREDLL.dll",
            ordinal: 493,
            offset: 1249540,
            rva: 0,
            size: 4,
        },
        Import {
            name: "ORDINAL 271",
            dll: "COREDLL.dll",
            ordinal: 271,
            offset: 1249544,
            rva: 0,
            size: 4,
        },
        Import {
            name: "ORDINAL 826",
            dll: "COREDLL.dll",
            ordinal: 826,
            offset: 1249548,
            rva: 0,
            size: 4,
        },
        Import {
            name: "ORDINAL 701",
            dll: "COREDLL.dll",
            ordinal: 701,
            offset: 1249552,
            rva: 0,
            size: 4,
        },
        Import {
            name: "ORDINAL 1120",
            dll: "COREDLL.dll",
            ordinal: 1120,
            offset: 1249556,
            rva: 0,
            size: 4,
        },
        Import {
            name: "ORDINAL 1131",
            dll: "COREDLL.dll",
            ordinal: 1131,
            offset: 1249560,
            rva: 0,
            size: 4,
        },
        Import {
            name: "ORDINAL 1130",
            dll: "COREDLL.dll",
            ordinal: 1130,
            offset: 1249564,
            rva: 0,
            size: 4,
        },
        Import {
            name: "ORDINAL 1346",
            dll: "COREDLL.dll",
            ordinal: 1346,
            offset: 1249568,
            rva: 0,
            size: 4,
        },
        Import {
            name: "ORDINAL 1052",
            dll: "COREDLL.dll",
            ordinal: 1052,
            offset: 1249572,
            rva: 0,
            size: 4,
        },
        Import {
            name: "ORDINAL 2054",
            dll: "COREDLL.dll",
            ordinal: 2054,
            offset: 1249576,
            rva: 0,
            size: 4,
        },
        Import {
            name: "ORDINAL 1047",
            dll: "COREDLL.dll",
            ordinal: 1047,
            offset: 1249580,
            rva: 0,
            size: 4,
        },
        Import {
            name: "ORDINAL 1044",
            dll: "COREDLL.dll",
            ordinal: 1044,
            offset: 1249584,
            rva: 0,
            size: 4,
        },
        Import {
            name: "ORDINAL 1043",
            dll: "COREDLL.dll",
            ordinal: 1043,
            offset: 1249588,
            rva: 0,
            size: 4,
        },
        Import {
            name: "ORDINAL 2044",
            dll: "COREDLL.dll",
            ordinal: 2044,
            offset: 1249592,
            rva: 0,
            size: 4,
        },
        Import {
            name: "ORDINAL 988",
            dll: "COREDLL.dll",
            ordinal: 988,
            offset: 1249596,
            rva: 0,
            size: 4,
        },
        Import {
            name: "ORDINAL 1010",
            dll: "COREDLL.dll",
            ordinal: 1010,
            offset: 1249600,
            rva: 0,
            size: 4,
        },
        Import {
            name: "ORDINAL 2027",
            dll: "COREDLL.dll",
            ordinal: 2027,
            offset: 1249604,
            rva: 0,
            size: 4,
        },
        Import {
            name: "ORDINAL 2016",
            dll: "COREDLL.dll",
            ordinal: 2016,
            offset: 1249608,
            rva: 0,
            size: 4,
        },
        Import {
            name: "ORDINAL 2037",
            dll: "COREDLL.dll",
            ordinal: 2037,
            offset: 1249612,
            rva: 0,
            size: 4,
        },
        Import {
            name: "ORDINAL 2021",
            dll: "COREDLL.dll",
            ordinal: 2021,
            offset: 1249616,
            rva: 0,
            size: 4,
        },
        Import {
            name: "ORDINAL 2053",
            dll: "COREDLL.dll",
            ordinal: 2053,
            offset: 1249620,
            rva: 0,
            size: 4,
        },
        Import {
            name: "ORDINAL 2046",
            dll: "COREDLL.dll",
            ordinal: 2046,
            offset: 1249624,
            rva: 0,
            size: 4,
        },
        Import {
            name: "ORDINAL 2008",
            dll: "COREDLL.dll",
            ordinal: 2008,
            offset: 1249628,
            rva: 0,
            size: 4,
        },
        Import {
            name: "ORDINAL 1051",
            dll: "COREDLL.dll",
            ordinal: 1051,
            offset: 1249632,
            rva: 0,
            size: 4,
        },
        Import {
            name: "ORDINAL 2025",
            dll: "COREDLL.dll",
            ordinal: 2025,
            offset: 1249636,
            rva: 0,
            size: 4,
        },
        Import {
            name: "ORDINAL 2029",
            dll: "COREDLL.dll",
            ordinal: 2029,
            offset: 1249640,
            rva: 0,
            size: 4,
        },
        Import {
            name: "ORDINAL 2012",
            dll: "COREDLL.dll",
            ordinal: 2012,
            offset: 1249644,
            rva: 0,
            size: 4,
        },
        Import {
            name: "ORDINAL 2026",
            dll: "COREDLL.dll",
            ordinal: 2026,
            offset: 1249648,
            rva: 0,
            size: 4,
        },
        Import {
            name: "ORDINAL 2033",
            dll: "COREDLL.dll",
            ordinal: 2033,
            offset: 1249652,
            rva: 0,
            size: 4,
        },
        Import {
            name: "ORDINAL 2048",
            dll: "COREDLL.dll",
            ordinal: 2048,
            offset: 1249656,
            rva: 0,
            size: 4,
        },
        Import {
            name: "ORDINAL 2043",
            dll: "COREDLL.dll",
            ordinal: 2043,
            offset: 1249660,
            rva: 0,
            size: 4,
        },
        Import {
            name: "ORDINAL 2052",
            dll: "COREDLL.dll",
            ordinal: 2052,
            offset: 1249664,
            rva: 0,
            size: 4,
        },
        Import {
            name: "ORDINAL 2047",
            dll: "COREDLL.dll",
            ordinal: 2047,
            offset: 1249668,
            rva: 0,
            size: 4,
        },
        Import {
            name: "ORDINAL 1036",
            dll: "COREDLL.dll",
            ordinal: 1036,
            offset: 1249672,
            rva: 0,
            size: 4,
        },
        Import {
            name: "ORDINAL 2005",
            dll: "COREDLL.dll",
            ordinal: 2005,
            offset: 1249676,
            rva: 0,
            size: 4,
        },
        Import {
            name: "ORDINAL 2032",
            dll: "COREDLL.dll",
            ordinal: 2032,
            offset: 1249680,
            rva: 0,
            size: 4,
        },
        Import {
            name: "ORDINAL 1403",
            dll: "COREDLL.dll",
            ordinal: 1403,
            offset: 1249684,
            rva: 0,
            size: 4,
        },
        Import {
            name: "ORDINAL 2031",
            dll: "COREDLL.dll",
            ordinal: 2031,
            offset: 1249688,
            rva: 0,
            size: 4,
        },
        Import {
            name: "ORDINAL 1068",
            dll: "COREDLL.dll",
            ordinal: 1068,
            offset: 1249692,
            rva: 0,
            size: 4,
        },
        Import {
            name: "ORDINAL 2041",
            dll: "COREDLL.dll",
            ordinal: 2041,
            offset: 1249696,
            rva: 0,
            size: 4,
        },
        Import {
            name: "ORDINAL 1410",
            dll: "COREDLL.dll",
            ordinal: 1410,
            offset: 1249700,
            rva: 0,
            size: 4,
        },
        Import {
            name: "ORDINAL 535",
            dll: "COREDLL.dll",
            ordinal: 535,
            offset: 1249704,
            rva: 0,
            size: 4,
        },
        Import {
            name: "ORDINAL 555",
            dll: "COREDLL.dll",
            ordinal: 555,
            offset: 1249708,
            rva: 0,
            size: 4,
        },
        Import {
            name: "ORDINAL 497",
            dll: "COREDLL.dll",
            ordinal: 497,
            offset: 1249712,
            rva: 0,
            size: 4,
        },
        Import {
            name: "ORDINAL 556",
            dll: "COREDLL.dll",
            ordinal: 556,
            offset: 1249716,
            rva: 0,
            size: 4,
        },
        Import {
            name: "ORDINAL 553",
            dll: "COREDLL.dll",
            ordinal: 553,
            offset: 1249720,
            rva: 0,
            size: 4,
        },
        Import {
            name: "ORDINAL 1415",
            dll: "COREDLL.dll",
            ordinal: 1415,
            offset: 1249724,
            rva: 0,
            size: 4,
        },
        Import {
            name: "ORDINAL 1413",
            dll: "COREDLL.dll",
            ordinal: 1413,
            offset: 1249728,
            rva: 0,
            size: 4,
        },
        Import {
            name: "ORDINAL 1079",
            dll: "COREDLL.dll",
            ordinal: 1079,
            offset: 1249732,
            rva: 0,
            size: 4,
        },
        Import {
            name: "ORDINAL 1417",
            dll: "COREDLL.dll",
            ordinal: 1417,
            offset: 1249736,
            rva: 0,
            size: 4,
        },
        Import {
            name: "ORDINAL 1039",
            dll: "COREDLL.dll",
            ordinal: 1039,
            offset: 1249740,
            rva: 0,
            size: 4,
        },
        Import {
            name: "ORDINAL 272",
            dll: "COREDLL.dll",
            ordinal: 272,
            offset: 1249744,
            rva: 0,
            size: 4,
        },
        Import {
            name: "ORDINAL 725",
            dll: "COREDLL.dll",
            ordinal: 725,
            offset: 1249748,
            rva: 0,
            size: 4,
        },
        Import {
            name: "ORDINAL 529",
            dll: "COREDLL.dll",
            ordinal: 529,
            offset: 1249752,
            rva: 0,
            size: 4,
        },
        Import {
            name: "ORDINAL 541",
            dll: "COREDLL.dll",
            ordinal: 541,
            offset: 1249756,
            rva: 0,
            size: 4,
        },
        Import {
            name: "ORDINAL 954",
            dll: "COREDLL.dll",
            ordinal: 954,
            offset: 1249760,
            rva: 0,
            size: 4,
        },
        Import {
            name: "ORDINAL 953",
            dll: "COREDLL.dll",
            ordinal: 953,
            offset: 1249764,
            rva: 0,
            size: 4,
        },
        Import {
            name: "ORDINAL 528",
            dll: "COREDLL.dll",
            ordinal: 528,
            offset: 1249768,
            rva: 0,
            size: 4,
        },
        Import {
            name: "ORDINAL 89",
            dll: "COREDLL.dll",
            ordinal: 89,
            offset: 1249772,
            rva: 0,
            size: 4,
        },
        Import {
            name: "ORDINAL 910",
            dll: "COREDLL.dll",
            ordinal: 910,
            offset: 1249776,
            rva: 0,
            size: 4,
        },
        Import {
            name: "ORDINAL 947",
            dll: "COREDLL.dll",
            ordinal: 947,
            offset: 1249780,
            rva: 0,
            size: 4,
        },
        Import {
            name: "ORDINAL 90",
            dll: "COREDLL.dll",
            ordinal: 90,
            offset: 1249784,
            rva: 0,
            size: 4,
        },
        Import {
            name: "ORDINAL 911",
            dll: "COREDLL.dll",
            ordinal: 911,
            offset: 1249788,
            rva: 0,
            size: 4,
        },
        Import {
            name: "ORDINAL 1182",
            dll: "COREDLL.dll",
            ordinal: 1182,
            offset: 1249792,
            rva: 0,
            size: 4,
        },
        Import {
            name: "ORDINAL 530",
            dll: "COREDLL.dll",
            ordinal: 530,
            offset: 1249796,
            rva: 0,
            size: 4,
        },
        Import {
            name: "ORDINAL 903",
            dll: "COREDLL.dll",
            ordinal: 903,
            offset: 1249800,
            rva: 0,
            size: 4,
        },
        Import {
            name: "ORDINAL 653",
            dll: "COREDLL.dll",
            ordinal: 653,
            offset: 1249804,
            rva: 0,
            size: 4,
        },
        Import {
            name: "ORDINAL 950",
            dll: "COREDLL.dll",
            ordinal: 950,
            offset: 1249808,
            rva: 0,
            size: 4,
        },
        Import {
            name: "ORDINAL 887",
            dll: "COREDLL.dll",
            ordinal: 887,
            offset: 1249812,
            rva: 0,
            size: 4,
        },
        Import {
            name: "ORDINAL 951",
            dll: "COREDLL.dll",
            ordinal: 951,
            offset: 1249816,
            rva: 0,
            size: 4,
        },
        Import {
            name: "ORDINAL 1611",
            dll: "COREDLL.dll",
            ordinal: 1611,
            offset: 1249820,
            rva: 0,
            size: 4,
        },
        Import {
            name: "ORDINAL 1777",
            dll: "COREDLL.dll",
            ordinal: 1777,
            offset: 1249824,
            rva: 0,
            size: 4,
        },
        Import {
            name: "ORDINAL 1666",
            dll: "COREDLL.dll",
            ordinal: 1666,
            offset: 1249828,
            rva: 0,
            size: 4,
        },
        Import {
            name: "ORDINAL 916",
            dll: "COREDLL.dll",
            ordinal: 916,
            offset: 1249832,
            rva: 0,
            size: 4,
        },
        Import {
            name: "ORDINAL 1115",
            dll: "COREDLL.dll",
            ordinal: 1115,
            offset: 1249836,
            rva: 0,
            size: 4,
        },
        Import {
            name: "ORDINAL 1100",
            dll: "COREDLL.dll",
            ordinal: 1100,
            offset: 1249840,
            rva: 0,
            size: 4,
        },
        Import {
            name: "ORDINAL 197",
            dll: "COREDLL.dll",
            ordinal: 197,
            offset: 1249844,
            rva: 0,
            size: 4,
        },
        Import {
            name: "ORDINAL 514",
            dll: "COREDLL.dll",
            ordinal: 514,
            offset: 1249848,
            rva: 0,
            size: 4,
        },
        Import {
            name: "ORDINAL 1239",
            dll: "COREDLL.dll",
            ordinal: 1239,
            offset: 1249852,
            rva: 0,
            size: 4,
        },
        Import {
            name: "ORDINAL 1238",
            dll: "COREDLL.dll",
            ordinal: 1238,
            offset: 1249856,
            rva: 0,
            size: 4,
        },
        Import {
            name: "ORDINAL 383",
            dll: "COREDLL.dll",
            ordinal: 383,
            offset: 1249860,
            rva: 0,
            size: 4,
        },
        Import {
            name: "ORDINAL 285",
            dll: "COREDLL.dll",
            ordinal: 285,
            offset: 1249864,
            rva: 0,
            size: 4,
        },
        Import {
            name: "ORDINAL 1229",
            dll: "COREDLL.dll",
            ordinal: 1229,
            offset: 1249868,
            rva: 0,
            size: 4,
        },
        Import {
            name: "ORDINAL 1768",
            dll: "COREDLL.dll",
            ordinal: 1768,
            offset: 1249872,
            rva: 0,
            size: 4,
        },
        Import {
            name: "ORDINAL 1160",
            dll: "COREDLL.dll",
            ordinal: 1160,
            offset: 1249876,
            rva: 0,
            size: 4,
        },
        Import {
            name: "ORDINAL 860",
            dll: "COREDLL.dll",
            ordinal: 860,
            offset: 1249880,
            rva: 0,
            size: 4,
        },
        Import {
            name: "ORDINAL 861",
            dll: "COREDLL.dll",
            ordinal: 861,
            offset: 1249884,
            rva: 0,
            size: 4,
        },
        Import {
            name: "ORDINAL 831",
            dll: "COREDLL.dll",
            ordinal: 831,
            offset: 1249888,
            rva: 0,
            size: 4,
        },
        Import {
            name: "ORDINAL 284",
            dll: "COREDLL.dll",
            ordinal: 284,
            offset: 1249892,
            rva: 0,
            size: 4,
        },
        Import {
            name: "ORDINAL 734",
            dll: "COREDLL.dll",
            ordinal: 734,
            offset: 1249896,
            rva: 0,
            size: 4,
        },
        Import {
            name: "ORDINAL 736",
            dll: "COREDLL.dll",
            ordinal: 736,
            offset: 1249900,
            rva: 0,
            size: 4,
        },
        Import {
            name: "ORDINAL 102",
            dll: "COREDLL.dll",
            ordinal: 102,
            offset: 1249904,
            rva: 0,
            size: 4,
        },
        Import {
            name: "ORDINAL 249",
            dll: "COREDLL.dll",
            ordinal: 249,
            offset: 1249908,
            rva: 0,
            size: 4,
        },
        Import {
            name: "ORDINAL 252",
            dll: "COREDLL.dll",
            ordinal: 252,
            offset: 1249912,
            rva: 0,
            size: 4,
        },
        Import {
            name: "ORDINAL 683",
            dll: "COREDLL.dll",
            ordinal: 683,
            offset: 1249916,
            rva: 0,
            size: 4,
        },
        Import {
            name: "ORDINAL 682",
            dll: "COREDLL.dll",
            ordinal: 682,
            offset: 1249920,
            rva: 0,
            size: 4,
        },
        Import {
            name: "ORDINAL 254",
            dll: "COREDLL.dll",
            ordinal: 254,
            offset: 1249924,
            rva: 0,
            size: 4,
        },
        Import {
            name: "ORDINAL 256",
            dll: "COREDLL.dll",
            ordinal: 256,
            offset: 1249928,
            rva: 0,
            size: 4,
        },
        Import {
            name: "ORDINAL 731",
            dll: "COREDLL.dll",
            ordinal: 731,
            offset: 1249932,
            rva: 0,
            size: 4,
        },
        Import {
            name: "ORDINAL 1453",
            dll: "COREDLL.dll",
            ordinal: 1453,
            offset: 1249936,
            rva: 0,
            size: 4,
        },
        Import {
            name: "ORDINAL 709",
            dll: "COREDLL.dll",
            ordinal: 709,
            offset: 1249940,
            rva: 0,
            size: 4,
        },
        Import {
            name: "ORDINAL 878",
            dll: "COREDLL.dll",
            ordinal: 878,
            offset: 1249944,
            rva: 0,
            size: 4,
        },
        Import {
            name: "ORDINAL 704",
            dll: "COREDLL.dll",
            ordinal: 704,
            offset: 1249948,
            rva: 0,
            size: 4,
        },
        Import {
            name: "ORDINAL 708",
            dll: "COREDLL.dll",
            ordinal: 708,
            offset: 1249952,
            rva: 0,
            size: 4,
        },
        Import {
            name: "ORDINAL 730",
            dll: "COREDLL.dll",
            ordinal: 730,
            offset: 1249956,
            rva: 0,
            size: 4,
        },
        Import {
            name: "ORDINAL 866",
            dll: "COREDLL.dll",
            ordinal: 866,
            offset: 1249960,
            rva: 0,
            size: 4,
        },
        Import {
            name: "ORDINAL 10",
            dll: "COREDLL.dll",
            ordinal: 10,
            offset: 1249964,
            rva: 0,
            size: 4,
        },
        Import {
            name: "ORDINAL 11",
            dll: "COREDLL.dll",
            ordinal: 11,
            offset: 1249968,
            rva: 0,
            size: 4,
        },
        Import {
            name: "ORDINAL 173",
            dll: "COREDLL.dll",
            ordinal: 173,
            offset: 1249972,
            rva: 0,
            size: 4,
        },
        Import {
            name: "ORDINAL 1064",
            dll: "COREDLL.dll",
            ordinal: 1064,
            offset: 1249976,
            rva: 0,
            size: 4,
        },
        Import {
            name: "ORDINAL 171",
            dll: "COREDLL.dll",
            ordinal: 171,
            offset: 1249980,
            rva: 0,
            size: 4,
        },
        Import {
            name: "ORDINAL 170",
            dll: "COREDLL.dll",
            ordinal: 170,
            offset: 1249984,
            rva: 0,
            size: 4,
        },
        Import {
            name: "ORDINAL 168",
            dll: "COREDLL.dll",
            ordinal: 168,
            offset: 1249988,
            rva: 0,
            size: 4,
        },
        Import {
            name: "ORDINAL 1126",
            dll: "COREDLL.dll",
            ordinal: 1126,
            offset: 1249992,
            rva: 0,
            size: 4,
        },
        Import {
            name: "ORDINAL 234",
            dll: "COREDLL.dll",
            ordinal: 234,
            offset: 1249996,
            rva: 0,
            size: 4,
        },
        Import {
            name: "ORDINAL 516",
            dll: "COREDLL.dll",
            ordinal: 516,
            offset: 1250000,
            rva: 0,
            size: 4,
        },
        Import {
            name: "ORDINAL 15",
            dll: "COREDLL.dll",
            ordinal: 15,
            offset: 1250004,
            rva: 0,
            size: 4,
        },
        Import {
            name: "ORDINAL 16",
            dll: "COREDLL.dll",
            ordinal: 16,
            offset: 1250008,
            rva: 0,
            size: 4,
        },
        Import {
            name: "ORDINAL 520",
            dll: "COREDLL.dll",
            ordinal: 520,
            offset: 1250012,
            rva: 0,
            size: 4,
        },
        Import {
            name: "ORDINAL 1556",
            dll: "COREDLL.dll",
            ordinal: 1556,
            offset: 1250016,
            rva: 0,
            size: 4,
        },
        Import {
            name: "ORDINAL 1551",
            dll: "COREDLL.dll",
            ordinal: 1551,
            offset: 1250020,
            rva: 0,
            size: 4,
        },
        Import {
            name: "ORDINAL 2024",
            dll: "COREDLL.dll",
            ordinal: 2024,
            offset: 1250024,
            rva: 0,
            size: 4,
        },
        Import {
            name: "ORDINAL 1070",
            dll: "COREDLL.dll",
            ordinal: 1070,
            offset: 1250028,
            rva: 0,
            size: 4,
        },
        Import {
            name: "ORDINAL 2001",
            dll: "COREDLL.dll",
            ordinal: 2001,
            offset: 1250032,
            rva: 0,
            size: 4,
        },
        Import {
            name: "ORDINAL 2000",
            dll: "COREDLL.dll",
            ordinal: 2000,
            offset: 1250036,
            rva: 0,
            size: 4,
        },
        Import {
            name: "ORDINAL 2003",
            dll: "COREDLL.dll",
            ordinal: 2003,
            offset: 1250040,
            rva: 0,
            size: 4,
        },
        Import {
            name: "ORDINAL 65",
            dll: "COREDLL.dll",
            ordinal: 65,
            offset: 1250044,
            rva: 0,
            size: 4,
        },
        Import {
            name: "ORDINAL 2018",
            dll: "COREDLL.dll",
            ordinal: 2018,
            offset: 1250048,
            rva: 0,
            size: 4,
        },
        Import {
            name: "ORDINAL 1065",
            dll: "COREDLL.dll",
            ordinal: 1065,
            offset: 1250052,
            rva: 0,
            size: 4,
        },
        Import {
            name: "ORDINAL 35",
            dll: "COREDLL.dll",
            ordinal: 35,
            offset: 1250056,
            rva: 0,
            size: 4,
        },
        Import {
            name: "ORDINAL 33",
            dll: "COREDLL.dll",
            ordinal: 33,
            offset: 1250060,
            rva: 0,
            size: 4,
        },
        Import {
            name: "ORDINAL 34",
            dll: "COREDLL.dll",
            ordinal: 34,
            offset: 1250064,
            rva: 0,
            size: 4,
        },
        Import {
            name: "ORDINAL 66",
            dll: "COREDLL.dll",
            ordinal: 66,
            offset: 1250068,
            rva: 0,
            size: 4,
        },
        Import {
            name: "ORDINAL 1645",
            dll: "COREDLL.dll",
            ordinal: 1645,
            offset: 1250072,
            rva: 0,
            size: 4,
        },
        Import {
            name: "ORDINAL 87",
            dll: "COREDLL.dll",
            ordinal: 87,
            offset: 1250076,
            rva: 0,
            size: 4,
        },
        Import {
            name: "ORDINAL 1876",
            dll: "COREDLL.dll",
            ordinal: 1876,
            offset: 1250080,
            rva: 0,
            size: 4,
        },
        Import {
            name: "ORDINAL 36",
            dll: "COREDLL.dll",
            ordinal: 36,
            offset: 1250084,
            rva: 0,
            size: 4,
        },
        Import {
            name: "ORDINAL 1875",
            dll: "COREDLL.dll",
            ordinal: 1875,
            offset: 1250088,
            rva: 0,
            size: 4,
        },
        Import {
            name: "ORDINAL 2002",
            dll: "COREDLL.dll",
            ordinal: 2002,
            offset: 1250092,
            rva: 0,
            size: 4,
        },
        Import {
            name: "ORDINAL 1407",
            dll: "COREDLL.dll",
            ordinal: 1407,
            offset: 1250096,
            rva: 0,
            size: 4,
        },
        Import {
            name: "ORDINAL 1108",
            dll: "COREDLL.dll",
            ordinal: 1108,
            offset: 1250100,
            rva: 0,
            size: 4,
        },
        Import {
            name: "ORDINAL 1145",
            dll: "COREDLL.dll",
            ordinal: 1145,
            offset: 1250104,
            rva: 0,
            size: 4,
        },
        Import {
            name: "ORDINAL 61",
            dll: "COREDLL.dll",
            ordinal: 61,
            offset: 1250108,
            rva: 0,
            size: 4,
        },
        Import {
            name: "ORDINAL 63",
            dll: "COREDLL.dll",
            ordinal: 63,
            offset: 1250112,
            rva: 0,
            size: 4,
        },
        Import {
            name: "ORDINAL 1201",
            dll: "COREDLL.dll",
            ordinal: 1201,
            offset: 1250116,
            rva: 0,
            size: 4,
        },
        Import {
            name: "ORDINAL 64",
            dll: "COREDLL.dll",
            ordinal: 64,
            offset: 1250120,
            rva: 0,
            size: 4,
        },
        Import {
            name: "ORDINAL 1492",
            dll: "COREDLL.dll",
            ordinal: 1492,
            offset: 1250124,
            rva: 0,
            size: 4,
        },
        Import {
            name: "timeBeginPeriod",
            dll: "MMTimer.dll",
            ordinal: 0,
            offset: 1250132,
            rva: 1241988,
            size: 4,
        },
        Import {
            name: "timeKillEvent",
            dll: "MMTimer.dll",
            ordinal: 6,
            offset: 1250136,
            rva: 1241972,
            size: 4,
        },
        Import {
            name: "timeEndPeriod",
            dll: "MMTimer.dll",
            ordinal: 1,
            offset: 1250140,
            rva: 1241956,
            size: 4,
        },
        Import {
            name: "timeSetEvent",
            dll: "MMTimer.dll",
            ordinal: 7,
            offset: 1250144,
            rva: 1241940,
            size: 4,
        },
    ]
CAB /home/.z/chat-uploads/WM_BubbleBash2_Samsung_SGHI617_EN_IGP_Mi-spaces.im-59e77bb52515.cab -> /tmp/pockethle-cab-xD5Syd/Bubble Bash 2.exe (Gameloft / Bubble Bash 2)
[2026-08-29T14:50:09Z DEBUG goblin::pe] Header {
        dos_header: DosHeader {
            signature: 23117,
            bytes_on_last_page: 144,
            pages_in_file: 3,
            relocations: 0,
            size_of_header_in_paragraphs: 4,
            minimum_extra_paragraphs_needed: 0,
            maximum_extra_paragraphs_needed: 65535,
            initial_relative_ss: 0,
            initial_sp: 184,
            checksum: 0,
            initial_ip: 0,
            initial_relative_cs: 0,
            file_address_of_relocation_table: 64,
            overlay_number: 0,
            reserved: [
                0,
                0,
                0,
                0,
            ],
            oem_id: 0,
            oem_info: 0,
            reserved2: [
                0,
                0,
                0,
                0,
                0,
                0,
                0,
                0,
                0,
                0,
            ],
            pe_pointer: 256,
        },
        dos_stub: DosStub(
            [
                14,
                31,
                186,
                14,
                0,
                180,
                9,
                205,
                33,
                184,
                1,
                76,
                205,
                33,
                84,
                104,
                105,
                115,
                32,
                112,
                114,
                111,
                103,
                114,
                97,
                109,
                32,
                99,
                97,
                110,
                110,
                111,
                116,
                32,
                98,
                101,
                32,
                114,
                117,
                110,
                32,
                105,
                110,
                32,
                68,
                79,
                83,
                32,
                109,
                111,
                100,
                101,
                46,
                13,
                13,
                10,
                36,
                0,
                0,
                0,
                0,
                0,
                0,
                0,
            ],
        ),
        signature: 17744,
        coff_header: CoffHeader {
            machine: 450,
            number_of_sections: 5,
            time_date_stamp: 1244759828,
            pointer_to_symbol_table: 0,
            number_of_symbol_table: 0,
            size_of_optional_header: 224,
            characteristics: 259,
        },
        optional_header: Some(
            OptionalHeader {
                standard_fields: StandardFields {
                    magic: 267,
                    major_linker_version: 9,
                    minor_linker_version: 0,
                    size_of_code: 1143296,
                    size_of_initialized_data: 139264,
                    size_of_uninitialized_data: 0,
                    address_of_entry_point: 1119700,
                    base_of_code: 4096,
                    base_of_data: 1150976,
                },
                windows_fields: WindowsFields64 {
                    image_base: 65536,
                    section_alignment: 4096,
                    file_alignment: 512,
                    major_operating_system_version: 5,
                    minor_operating_system_version: 0,
                    major_image_version: 0,
                    minor_image_version: 0,
                    major_subsystem_version: 5,
                    minor_subsystem_version: 0,
                    win32_version_value: 0,
                    size_of_image: 1298432,
                    size_of_headers: 1024,
                    check_sum: 0,
                    subsystem: 9,
                    dll_characteristics: 0,
                    size_of_stack_reserve: 1048576,
                    size_of_stack_commit: 4096,
                    size_of_heap_reserve: 1048576,
                    size_of_heap_commit: 4096,
                    loader_flags: 0,
                    number_of_rva_and_sizes: 16,
                },
                data_directories: DataDirectories {
                    data_directories: [
                        Some(
                            (
                                104,
                                DataDirectory {
                                    virtual_address: 1242032,
                                    size: 4088,
                                },
                            ),
                        ),
                        Some(
                            (
                                112,
                                DataDirectory {
                                    virtual_address: 1240996,
                                    size: 60,
                                },
                            ),
                        ),
                        Some(
                            (
                                120,
                                DataDirectory {
                                    virtual_address: 1294336,
                                    size: 2400,
                                },
                            ),
                        ),
                        Some(
                            (
                                128,
                                DataDirectory {
                                    virtual_address: 1277952,
                                    size: 15568,
                                },
                            ),
                        ),
                        None,
                        None,
                        None,
                        None,
                        None,
                        None,
                        None,
                        None,
                        Some(
                            (
                                200,
                                DataDirectory {
                                    virtual_address: 1249280,
                                    size: 872,
                                },
                            ),
                        ),
                        None,
                        None,
                        None,
                    ],
                },
            },
        ),
    }
[2026-08-29T14:50:09Z DEBUG goblin::pe::header] (0) SectionTable {
        name: [
            46,
            116,
            101,
            120,
            116,
            0,
            0,
            0,
        ],
        real_name: None,
        virtual_size: 1143076,
        virtual_address: 4096,
        size_of_raw_data: 1143296,
        pointer_to_raw_data: 1024,
        pointer_to_relocations: 0,
        pointer_to_linenumbers: 0,
        number_of_relocations: 0,
        number_of_linenumbers: 0,
        characteristics: 1610612768,
    }
[2026-08-29T14:50:09Z DEBUG goblin::pe::header] (1) SectionTable {
        name: [
            46,
            114,
            100,
            97,
            116,
            97,
            0,
            0,
        ],
        real_name: None,
        virtual_size: 95144,
        virtual_address: 1150976,
        size_of_raw_data: 95232,
        pointer_to_raw_data: 1144320,
        pointer_to_relocations: 0,
        pointer_to_linenumbers: 0,
        number_of_relocations: 0,
        number_of_linenumbers: 0,
        characteristics: 1073741888,
    }
[2026-08-29T14:50:09Z DEBUG goblin::pe::header] (2) SectionTable {
        name: [
            46,
            100,
            97,
            116,
            97,
            0,
            0,
            0,
        ],
        real_name: None,
        virtual_size: 25120,
        virtual_address: 1249280,
        size_of_raw_data: 13312,
        pointer_to_raw_data: 1239552,
        pointer_to_relocations: 0,
        pointer_to_linenumbers: 0,
        number_of_relocations: 0,
        number_of_linenumbers: 0,
        characteristics: 3221225536,
    }
[2026-08-29T14:50:09Z DEBUG goblin::pe::header] (3) SectionTable {
        name: [
            46,
            112,
            100,
            97,
            116,
            97,
            0,
            0,
        ],
        real_name: None,
        virtual_size: 15568,
        virtual_address: 1277952,
        size_of_raw_data: 15872,
        pointer_to_raw_data: 1252864,
        pointer_to_relocations: 0,
        pointer_to_linenumbers: 0,
        number_of_relocations: 0,
        number_of_linenumbers: 0,
        characteristics: 1073741888,
    }
[2026-08-29T14:50:09Z DEBUG goblin::pe::header] (4) SectionTable {
        name: [
            46,
            114,
            115,
            114,
            99,
            0,
            0,
            0,
        ],
        real_name: None,
        virtual_size: 2400,
        virtual_address: 1294336,
        size_of_raw_data: 2560,
        pointer_to_raw_data: 1268736,
        pointer_to_relocations: 0,
        pointer_to_linenumbers: 0,
        number_of_relocations: 0,
        number_of_linenumbers: 0,
        characteristics: 1073741888,
    }
[2026-08-29T14:50:09Z DEBUG goblin::pe] entry 0x1115d4 image_base 0x10000 is_64: false
[2026-08-29T14:50:09Z DEBUG goblin::pe::export] export_rva 0x12f3b0 size 4088
[2026-08-29T14:50:09Z DEBUG goblin::pe::utils] Checking .text for 0x12f3b0 ∈ 0x1000..0x118124
[2026-08-29T14:50:09Z DEBUG goblin::pe::utils] Checking .rdata for 0x12f3b0 ∈ 0x119000..0x1303a8
[2026-08-29T14:50:09Z DEBUG goblin::pe::utils] Found in section .rdata(1), remapped into offset 0x12d9b0
[2026-08-29T14:50:09Z DEBUG goblin::pe::utils] Checking .text for 0x12f658 ∈ 0x1000..0x118124
[2026-08-29T14:50:09Z DEBUG goblin::pe::utils] Checking .rdata for 0x12f658 ∈ 0x119000..0x1303a8
[2026-08-29T14:50:09Z DEBUG goblin::pe::utils] Found in section .rdata(1), remapped into offset 0x12dc58
[2026-08-29T14:50:09Z DEBUG goblin::pe::utils] Checking .text for 0x12f8d8 ∈ 0x1000..0x118124
[2026-08-29T14:50:09Z DEBUG goblin::pe::utils] Checking .rdata for 0x12f8d8 ∈ 0x119000..0x1303a8
[2026-08-29T14:50:09Z DEBUG goblin::pe::utils] Found in section .rdata(1), remapped into offset 0x12ded8
[2026-08-29T14:50:09Z DEBUG goblin::pe::utils] Checking .text for 0x12f3d8 ∈ 0x1000..0x118124
[2026-08-29T14:50:09Z DEBUG goblin::pe::utils] Checking .rdata for 0x12f3d8 ∈ 0x119000..0x1303a8
[2026-08-29T14:50:09Z DEBUG goblin::pe::utils] Found in section .rdata(1), remapped into offset 0x12d9d8
[2026-08-29T14:50:09Z DEBUG goblin::pe::utils] Checking .text for 0x12fa18 ∈ 0x1000..0x118124
[2026-08-29T14:50:09Z DEBUG goblin::pe::utils] Checking .rdata for 0x12fa18 ∈ 0x119000..0x1303a8
[2026-08-29T14:50:09Z DEBUG goblin::pe::utils] Found in section .rdata(1), remapped into offset 0x12e018
[2026-08-29T14:50:09Z DEBUG goblin::pe] export data ExportData {
        name: Some(
            "Bubble Bash 2.exe",
        ),
        export_directory_table: ExportDirectoryTable {
            export_flags: 0,
            time_date_stamp: 1244759786,
            major_version: 0,
            minor_version: 0,
            name_rva: 1243672,
            ordinal_base: 1,
            address_table_entries: 160,
            number_of_name_pointers: 160,
            export_address_table_rva: 1242072,
            name_pointer_rva: 1242712,
            ordinal_table_rva: 1243352,
        },
        export_name_pointer_table: [
            1243690,
            1243703,
            1243715,
            1243735,
            1243749,
            1243763,
            1243781,
            1243796,
            1243811,
            1243828,
            1243847,
            1243864,
            1243880,
            1243901,
            1243926,
            1243946,
            1243963,
            1243973,
            1243990,
            1244011,
            1244029,
            1244052,
            1244072,
            1244090,
            1244100,
            1244115,
            1244128,
            1244137,
            1244152,
            1244163,
            1244179,
            1244199,
            1244221,
            1244240,
            1244252,
            1244272,
            1244291,
            1244305,
            1244324,
            1244340,
            1244359,
            1244375,
            1244389,
            1244402,
            1244421,
            1244436,
            1244453,
            1244469,
            1244485,
            1244503,
            1244514,
            1244526,
            1244552,
            1244568,
            1244581,
            1244598,
            1244618,
            1244632,
            1244645,
            1244661,
            1244676,
            1244687,
            1244701,
            1244714,
            1244725,
            1244737,
            1244746,
            1244764,
            1244779,
            1244798,
            1244812,
            1244829,
            1244844,
            1244858,
            1244874,
            1244888,
            1244899,
            1244911,
            1244925,
            1244940,
            1244955,
            1244969,
            1244984,
            1244998,
            1245007,
            1245025,
            1245044,
            1245057,
            1245072,
            1245086,
            1245099,
            1245112,
            1245125,
            1245138,
            1245151,
            1245164,
            1245180,
            1245196,
            1245208,
            1245223,
            1245236,
            1245248,
            1245267,
            1245280,
            1245296,
            1245312,
            1245326,
            1245340,
            1245353,
            1245372,
            1245388,
            1245408,
            1245423,
            1245436,
            1245453,
            1245468,
            1245481,
            1245498,
            1245514,
            1245532,
            1245550,
            1245565,
            1245581,
            1245595,
            1245615,
            1245629,
            1245645,
            1245659,
            1245677,
            1245694,
            1245715,
            1245733,
            1245748,
            1245772,
            1245786,
            1245801,
            1245815,
            1245827,
            1245841,
            1245855,
            1245869,
            1245883,
            1245897,
            1245911,
            1245922,
            1245932,
            1245948,
            1245963,
            1245980,
            1245990,
            1246001,
            1246012,
            1246023,
            1246034,
            1246047,
            1246058,
            1246070,
            1246082,
            1246095,
            1246106,
        ],
        export_ordinal_table: [
            0,
            1,
            2,
            3,
            4,
            5,
            6,
            7,
            8,
            9,
            10,
            11,
            12,
            13,
            14,
            15,
            16,
            17,
            18,
            19,
            20,
            21,
            22,
            23,
            24,
            25,
            26,
            27,
            28,
            29,
            30,
            31,
            32,
            33,
            34,
            35,
            36,
            37,
            38,
            39,
            40,
            41,
            42,
            43,
            44,
            45,
            46,
            47,
            48,
            49,
            50,
            51,
            52,
            53,
            54,
            55,
            56,
            57,
            58,
            59,
            60,
            61,
            62,
            63,
            64,
            65,
            66,
            67,
            68,
            69,
            70,
            71,
            72,
            73,
            74,
            75,
            76,
            77,
            78,
            79,
            80,
            81,
            82,
            83,
            84,
            85,
            86,
            87,
            88,
            89,
            90,
            91,
            92,
            93,
            94,
            95,
            96,
            97,
            98,
            99,
            100,
            101,
            102,
            103,
            104,
            105,
            106,
            107,
            108,
            109,
            110,
            111,
            112,
            113,
            114,
            115,
            116,
            117,
            118,
            119,
            120,
            121,
            122,
            123,
            124,
            125,
            126,
            127,
            128,
            129,
            130,
            131,
            132,
            133,
            134,
            135,
            136,
            137,
            138,
            139,
            140,
            141,
            142,
            143,
            144,
            145,
            146,
            147,
            148,
            149,
            150,
            151,
            152,
            153,
            154,
            155,
            156,
            157,
            158,
            159,
        ],
        export_address_table: [
            ExportRVA(
                811224,
            ),
            ExportRVA(
                895300,
            ),
            ExportRVA(
                814772,
            ),
            ExportRVA(
                814428,
            ),
            ExportRVA(
                816396,
            ),
            ExportRVA(
                878488,
            ),
            ExportRVA(
                813136,
            ),
            ExportRVA(
                816352,
            ),
            ExportRVA(
                878396,
            ),
            ExportRVA(
                808380,
            ),
            ExportRVA(
                825792,
            ),
            ExportRVA(
                831316,
            ),
            ExportRVA(
                804392,
            ),
            ExportRVA(
                805032,
            ),
            ExportRVA(
                892080,
            ),
            ExportRVA(
                852596,
            ),
            ExportRVA(
                809888,
            ),
            ExportRVA(
                831412,
            ),
            ExportRVA(
                831412,
            ),
            ExportRVA(
                795500,
            ),
            ExportRVA(
                795632,
            ),
            ExportRVA(
                825316,
            ),
            ExportRVA(
                824180,
            ),
            ExportRVA(
                813156,
            ),
            ExportRVA(
                803792,
            ),
            ExportRVA(
                807040,
            ),
            ExportRVA(
                796652,
            ),
            ExportRVA(
                826768,
            ),
            ExportRVA(
                895360,
            ),
            ExportRVA(
                809288,
            ),
            ExportRVA(
                798808,
            ),
            ExportRVA(
                798492,
            ),
            ExportRVA(
                798400,
            ),
            ExportRVA(
                4096,
            ),
            ExportRVA(
                798588,
            ),
            ExportRVA(
                798888,
            ),
            ExportRVA(
                4096,
            ),
            ExportRVA(
                4096,
            ),
            ExportRVA(
                853056,
            ),
            ExportRVA(
                816188,
            ),
            ExportRVA(
                806144,
            ),
            ExportRVA(
                826752,
            ),
            ExportRVA(
                813120,
            ),
            ExportRVA(
                803776,
            ),
            ExportRVA(
                824304,
            ),
            ExportRVA(
                825396,
            ),
            ExportRVA(
                824204,
            ),
            ExportRVA(
                824256,
            ),
            ExportRVA(
                831620,
            ),
            ExportRVA(
                819296,
            ),
            ExportRVA(
                818996,
            ),
            ExportRVA(
                831660,
            ),
            ExportRVA(
                852952,
            ),
            ExportRVA(
                809692,
            ),
            ExportRVA(
                792424,
            ),
            ExportRVA(
                792396,
            ),
            ExportRVA(
                800856,
            ),
            ExportRVA(
                951256,
            ),
            ExportRVA(
                951348,
            ),
            ExportRVA(
                951624,
            ),
            ExportRVA(
                951072,
            ),
            ExportRVA(
                951164,
            ),
            ExportRVA(
                950980,
            ),
            ExportRVA(
                951440,
            ),
            ExportRVA(
                951532,
            ),
            ExportRVA(
                791288,
            ),
            ExportRVA(
                791028,
            ),
            ExportRVA(
                852980,
            ),
            ExportRVA(
                791584,
            ),
            ExportRVA(
                792452,
            ),
            ExportRVA(
                932488,
            ),
            ExportRVA(
                932208,
            ),
            ExportRVA(
                816272,
            ),
            ExportRVA(
                808128,
            ),
            ExportRVA(
                806196,
            ),
            ExportRVA(
                818804,
            ),
            ExportRVA(
                818892,
            ),
            ExportRVA(
                814880,
            ),
            ExportRVA(
                816248,
            ),
            ExportRVA(
                802684,
            ),
            ExportRVA(
                803172,
            ),
            ExportRVA(
                803124,
            ),
            ExportRVA(
                803512,
            ),
            ExportRVA(
                791488,
            ),
            ExportRVA(
                791336,
            ),
            ExportRVA(
                895180,
            ),
            ExportRVA(
                894948,
            ),
            ExportRVA(
                894748,
            ),
            ExportRVA(
                895060,
            ),
            ExportRVA(
                895404,
            ),
            ExportRVA(
                895508,
            ),
            ExportRVA(
                895616,
            ),
            ExportRVA(
                895364,
            ),
            ExportRVA(
                895468,
            ),
            ExportRVA(
                895572,
            ),
            ExportRVA(
                891568,
            ),
            ExportRVA(
                811472,
            ),
            ExportRVA(
                892596,
            ),
            ExportRVA(
                892320,
            ),
            ExportRVA(
                892556,
            ),
            ExportRVA(
                892432,
            ),
            ExportRVA(
                892192,
            ),
            ExportRVA(
                805480,
            ),
            ExportRVA(
                806020,
            ),
            ExportRVA(
                805172,
            ),
            ExportRVA(
                798056,
            ),
            ExportRVA(
                826260,
            ),
            ExportRVA(
                812112,
            ),
            ExportRVA(
                803548,
            ),
            ExportRVA(
                824288,
            ),
            ExportRVA(
                891552,
            ),
            ExportRVA(
                797736,
            ),
            ExportRVA(
                811728,
            ),
            ExportRVA(
                793980,
            ),
            ExportRVA(
                826908,
            ),
            ExportRVA(
                851584,
            ),
            ExportRVA(
                932800,
            ),
            ExportRVA(
                816312,
            ),
            ExportRVA(
                808268,
            ),
            ExportRVA(
                891980,
            ),
            ExportRVA(
                795928,
            ),
            ExportRVA(
                796044,
            ),
            ExportRVA(
                806544,
            ),
            ExportRVA(
                792288,
            ),
            ExportRVA(
                791596,
            ),
            ExportRVA(
                792524,
            ),
            ExportRVA(
                798096,
            ),
            ExportRVA(
                799252,
            ),
            ExportRVA(
                800372,
            ),
            ExportRVA(
                800596,
            ),
            ExportRVA(
                798948,
            ),
            ExportRVA(
                800012,
            ),
            ExportRVA(
                800644,
            ),
            ExportRVA(
                803256,
            ),
            ExportRVA(
                852884,
            ),
            ExportRVA(
                827116,
            ),
            ExportRVA(
                791444,
            ),
            ExportRVA(
                895744,
            ),
            ExportRVA(
                895828,
            ),
            ExportRVA(
                895928,
            ),
            ExportRVA(
                895708,
            ),
            ExportRVA(
                895792,
            ),
            ExportRVA(
                895892,
            ),
            ExportRVA(
                813564,
            ),
            ExportRVA(
                929208,
            ),
            ExportRVA(
                931760,
            ),
            ExportRVA(
                928932,
            ),
            ExportRVA(
                931784,
            ),
            ExportRVA(
                834060,
            ),
            ExportRVA(
                831464,
            ),
            ExportRVA(
                831544,
            ),
            ExportRVA(
                813240,
            ),
            ExportRVA(
                833720,
            ),
            ExportRVA(
                834708,
            ),
            ExportRVA(
                833964,
            ),
            ExportRVA(
                833848,
            ),
            ExportRVA(
                833768,
            ),
            ExportRVA(
                834592,
            ),
            ExportRVA(
                834344,
            ),
            ExportRVA(
                835972,
            ),
        ],
    }
[2026-08-29T14:50:09Z DEBUG goblin::pe::utils] Checking .text for 0x12fa2a ∈ 0x1000..0x118124
[2026-08-29T14:50:09Z DEBUG goblin::pe::utils] Checking .rdata for 0x12fa2a ∈ 0x119000..0x1303a8
[2026-08-29T14:50:09Z DEBUG goblin::pe::utils] Found in section .rdata(1), remapped into offset 0x12e02a
[2026-08-29T14:50:09Z DEBUG goblin::pe::utils] Checking .text for 0xc60d8 ∈ 0x1000..0x118124
[2026-08-29T14:50:09Z DEBUG goblin::pe::utils] Found in section .text(0), remapped into offset 0xc54d8
[2026-08-29T14:50:09Z DEBUG goblin::pe::utils] Checking .text for 0x12fa37 ∈ 0x1000..0x118124
[2026-08-29T14:50:09Z DEBUG goblin::pe::utils] Checking .rdata for 0x12fa37 ∈ 0x119000..0x1303a8
[2026-08-29T14:50:09Z DEBUG goblin::pe::utils] Found in section .rdata(1), remapped into offset 0x12e037
[2026-08-29T14:50:09Z DEBUG goblin::pe::utils] Checking .text for 0xda944 ∈ 0x1000..0x118124
[2026-08-29T14:50:09Z DEBUG goblin::pe::utils] Found in section .text(0), remapped into offset 0xd9d44
[2026-08-29T14:50:09Z DEBUG goblin::pe::utils] Checking .text for 0x12fa43 ∈ 0x1000..0x118124
[2026-08-29T14:50:09Z DEBUG goblin::pe::utils] Checking .rdata for 0x12fa43 ∈ 0x119000..0x1303a8
[2026-08-29T14:50:09Z DEBUG goblin::pe::utils] Found in section .rdata(1), remapped into offset 0x12e043
[2026-08-29T14:50:09Z DEBUG goblin::pe::utils] Checking .text for 0xc6eb4 ∈ 0x1000..0x118124
[2026-08-29T14:50:09Z DEBUG goblin::pe::utils] Found in section .text(0), remapped into offset 0xc62b4
[2026-08-29T14:50:09Z DEBUG goblin::pe::utils] Checking .text for 0x12fa57 ∈ 0x1000..0x118124
[2026-08-29T14:50:09Z DEBUG goblin::pe::utils] Checking .rdata for 0x12fa57 ∈ 0x119000..0x1303a8
[2026-08-29T14:50:09Z DEBUG goblin::pe::utils] Found in section .rdata(1), remapped into offset 0x12e057
[2026-08-29T14:50:09Z DEBUG goblin::pe::utils] Checking .text for 0xc6d5c ∈ 0x1000..0x118124
[2026-08-29T14:50:09Z DEBUG goblin::pe::utils] Found in section .text(0), remapped into offset 0xc615c
[2026-08-29T14:50:09Z DEBUG goblin::pe::utils] Checking .text for 0x12fa65 ∈ 0x1000..0x118124
[2026-08-29T14:50:09Z DEBUG goblin::pe::utils] Checking .rdata for 0x12fa65 ∈ 0x119000..0x1303a8
[2026-08-29T14:50:09Z DEBUG goblin::pe::utils] Found in section .rdata(1), remapped into offset 0x12e065
[2026-08-29T14:50:09Z DEBUG goblin::pe::utils] Checking .text for 0xc750c ∈ 0x1000..0x118124
[2026-08-29T14:50:09Z DEBUG goblin::pe::utils] Found in section .text(0), remapped into offset 0xc690c
[2026-08-29T14:50:09Z DEBUG goblin::pe::utils] Checking .text for 0x12fa73 ∈ 0x1000..0x118124
[2026-08-29T14:50:09Z DEBUG goblin::pe::utils] Checking .rdata for 0x12fa73 ∈ 0x119000..0x1303a8
[2026-08-29T14:50:09Z DEBUG goblin::pe::utils] Found in section .rdata(1), remapped into offset 0x12e073
[2026-08-29T14:50:09Z DEBUG goblin::pe::utils] Checking .text for 0xd6798 ∈ 0x1000..0x118124
[2026-08-29T14:50:09Z DEBUG goblin::pe::utils] Found in section .text(0), remapped into offset 0xd5b98
[2026-08-29T14:50:09Z DEBUG goblin::pe::utils] Checking .text for 0x12fa85 ∈ 0x1000..0x118124
[2026-08-29T14:50:09Z DEBUG goblin::pe::utils] Checking .rdata for 0x12fa85 ∈ 0x119000..0x1303a8
[2026-08-29T14:50:09Z DEBUG goblin::pe::utils] Found in section .rdata(1), remapped into offset 0x12e085
[2026-08-29T14:50:09Z DEBUG goblin::pe::utils] Checking .text for 0xc6850 ∈ 0x1000..0x118124
[2026-08-29T14:50:09Z DEBUG goblin::pe::utils] Found in section .text(0), remapped into offset 0xc5c50
[2026-08-29T14:50:09Z DEBUG goblin::pe::utils] Checking .text for 0x12fa94 ∈ 0x1000..0x118124
[2026-08-29T14:50:09Z DEBUG goblin::pe::utils] Checking .rdata for 0x12fa94 ∈ 0x119000..0x1303a8
[2026-08-29T14:50:09Z DEBUG goblin::pe::utils] Found in section .rdata(1), remapped into offset 0x12e094
[2026-08-29T14:50:09Z DEBUG goblin::pe::utils] Checking .text for 0xc74e0 ∈ 0x1000..0x118124
[2026-08-29T14:50:09Z DEBUG goblin::pe::utils] Found in section .text(0), remapped into offset 0xc68e0
[2026-08-29T14:50:09Z DEBUG goblin::pe::utils] Checking .text for 0x12faa3 ∈ 0x1000..0x118124
[2026-08-29T14:50:09Z DEBUG goblin::pe::utils] Checking .rdata for 0x12faa3 ∈ 0x119000..0x1303a8
[2026-08-29T14:50:09Z DEBUG goblin::pe::utils] Found in section .rdata(1), remapped into offset 0x12e0a3
[2026-08-29T14:50:09Z DEBUG goblin::pe::utils] Checking .text for 0xd673c ∈ 0x1000..0x118124
[2026-08-29T14:50:09Z DEBUG goblin::pe::utils] Found in section .text(0), remapped into offset 0xd5b3c
[2026-08-29T14:50:09Z DEBUG goblin::pe::utils] Checking .text for 0x12fab4 ∈ 0x1000..0x118124
[2026-08-29T14:50:09Z DEBUG goblin::pe::utils] Checking .rdata for 0x12fab4 ∈ 0x119000..0x1303a8
[2026-08-29T14:50:09Z DEBUG goblin::pe::utils] Found in section .rdata(1), remapped into offset 0x12e0b4
[2026-08-29T14:50:09Z DEBUG goblin::pe::utils] Checking .text for 0xc55bc ∈ 0x1000..0x118124
[2026-08-29T14:50:09Z DEBUG goblin::pe::utils] Found in section .text(0), remapped into offset 0xc49bc
[2026-08-29T14:50:09Z DEBUG goblin::pe::utils] Checking .text for 0x12fac7 ∈ 0x1000..0x118124
[2026-08-29T14:50:09Z DEBUG goblin::pe::utils] Checking .rdata for 0x12fac7 ∈ 0x119000..0x1303a8
[2026-08-29T14:50:09Z DEBUG goblin::pe::utils] Found in section .rdata(1), remapped into offset 0x12e0c7
[2026-08-29T14:50:09Z DEBUG goblin::pe::utils] Checking .text for 0xc99c0 ∈ 0x1000..0x118124
[2026-08-29T14:50:09Z DEBUG goblin::pe::utils] Found in section .text(0), remapped into offset 0xc8dc0
[2026-08-29T14:50:09Z DEBUG goblin::pe::utils] Checking .text for 0x12fad8 ∈ 0x1000..0x118124
[2026-08-29T14:50:09Z DEBUG goblin::pe::utils] Checking .rdata for 0x12fad8 ∈ 0x119000..0x1303a8
[2026-08-29T14:50:09Z DEBUG goblin::pe::utils] Found in section .rdata(1), remapped into offset 0x12e0d8
[2026-08-29T14:50:09Z DEBUG goblin::pe::utils] Checking .text for 0xcaf54 ∈ 0x1000..0x118124
[2026-08-29T14:50:09Z DEBUG goblin::pe::utils] Found in section .text(0), remapped into offset 0xca354
[2026-08-29T14:50:09Z DEBUG goblin::pe::utils] Checking .text for 0x12fae8 ∈ 0x1000..0x118124
[2026-08-29T14:50:09Z DEBUG goblin::pe::utils] Checking .rdata for 0x12fae8 ∈ 0x119000..0x1303a8
[2026-08-29T14:50:09Z DEBUG goblin::pe::utils] Found in section .rdata(1), remapped into offset 0x12e0e8
[2026-08-29T14:50:09Z DEBUG goblin::pe::utils] Checking .text for 0xc4628 ∈ 0x1000..0x118124
[2026-08-29T14:50:09Z DEBUG goblin::pe::utils] Found in section .text(0), remapped into offset 0xc3a28
[2026-08-29T14:50:09Z DEBUG goblin::pe::utils] Checking .text for 0x12fafd ∈ 0x1000..0x118124
[2026-08-29T14:50:09Z DEBUG goblin::pe::utils] Checking .rdata for 0x12fafd ∈ 0x119000..0x1303a8
[2026-08-29T14:50:09Z DEBUG goblin::pe::utils] Found in section .rdata(1), remapped into offset 0x12e0fd
[2026-08-29T14:50:09Z DEBUG goblin::pe::utils] Checking .text for 0xc48a8 ∈ 0x1000..0x118124
[2026-08-29T14:50:09Z DEBUG goblin::pe::utils] Found in section .text(0), remapped into offset 0xc3ca8
[2026-08-29T14:50:09Z DEBUG goblin::pe::utils] Checking .text for 0x12fb16 ∈ 0x1000..0x118124
[2026-08-29T14:50:09Z DEBUG goblin::pe::utils] Checking .rdata for 0x12fb16 ∈ 0x119000..0x1303a8
[2026-08-29T14:50:09Z DEBUG goblin::pe::utils] Found in section .rdata(1), remapped into offset 0x12e116
[2026-08-29T14:50:09Z DEBUG goblin::pe::utils] Checking .text for 0xd9cb0 ∈ 0x1000..0x118124
[2026-08-29T14:50:09Z DEBUG goblin::pe::utils] Found in section .text(0), remapped into offset 0xd90b0
[2026-08-29T14:50:09Z DEBUG goblin::pe::utils] Checking .text for 0x12fb2a ∈ 0x1000..0x118124
[2026-08-29T14:50:09Z DEBUG goblin::pe::utils] Checking .rdata for 0x12fb2a ∈ 0x119000..0x1303a8
[2026-08-29T14:50:09Z DEBUG goblin::pe::utils] Found in section .rdata(1), remapped into offset 0x12e12a
[2026-08-29T14:50:09Z DEBUG goblin::pe::utils] Checking .text for 0xd0274 ∈ 0x1000..0x118124
[2026-08-29T14:50:09Z DEBUG goblin::pe::utils] Found in section .text(0), remapped into offset 0xcf674
[2026-08-29T14:50:09Z DEBUG goblin::pe::utils] Checking .text for 0x12fb3b ∈ 0x1000..0x118124
[2026-08-29T14:50:09Z DEBUG goblin::pe::utils] Checking .rdata for 0x12fb3b ∈ 0x119000..0x1303a8
[2026-08-29T14:50:09Z DEBUG goblin::pe::utils] Found in section .rdata(1), remapped into offset 0x12e13b
[2026-08-29T14:50:09Z DEBUG goblin::pe::utils] Checking .text for 0xc5ba0 ∈ 0x1000..0x118124
[2026-08-29T14:50:09Z DEBUG goblin::pe::utils] Found in section .text(0), remapped into offset 0xc4fa0
[2026-08-29T14:50:09Z DEBUG goblin::pe::utils] Checking .text for 0x12fb45 ∈ 0x1000..0x118124
[2026-08-29T14:50:09Z DEBUG goblin::pe::utils] Checking .rdata for 0x12fb45 ∈ 0x119000..0x1303a8
[2026-08-29T14:50:09Z DEBUG goblin::pe::utils] Found in section .rdata(1), remapped into offset 0x12e145
[2026-08-29T14:50:09Z DEBUG goblin::pe::utils] Checking .text for 0xcafb4 ∈ 0x1000..0x118124
[2026-08-29T14:50:09Z DEBUG goblin::pe::utils] Found in section .text(0), remapped into offset 0xca3b4
[2026-08-29T14:50:09Z DEBUG goblin::pe::utils] Checking .text for 0x12fb56 ∈ 0x1000..0x118124
[2026-08-29T14:50:09Z DEBUG goblin::pe::utils] Checking .rdata for 0x12fb56 ∈ 0x119000..0x1303a8
[2026-08-29T14:50:09Z DEBUG goblin::pe::utils] Found in section .rdata(1), remapped into offset 0x12e156
[2026-08-29T14:50:09Z DEBUG goblin::pe::utils] Checking .text for 0xcafb4 ∈ 0x1000..0x118124
[2026-08-29T14:50:09Z DEBUG goblin::pe::utils] Found in section .text(0), remapped into offset 0xca3b4
[2026-08-29T14:50:09Z DEBUG goblin::pe::utils] Checking .text for 0x12fb6b ∈ 0x1000..0x118124
[2026-08-29T14:50:09Z DEBUG goblin::pe::utils] Checking .rdata for 0x12fb6b ∈ 0x119000..0x1303a8
[2026-08-29T14:50:09Z DEBUG goblin::pe::utils] Found in section .rdata(1), remapped into offset 0x12e16b
[2026-08-29T14:50:09Z DEBUG goblin::pe::utils] Checking .text for 0xc236c ∈ 0x1000..0x118124
[2026-08-29T14:50:09Z DEBUG goblin::pe::utils] Found in section .text(0), remapped into offset 0xc176c
[2026-08-29T14:50:09Z DEBUG goblin::pe::utils] Checking .text for 0x12fb7d ∈ 0x1000..0x118124
[2026-08-29T14:50:09Z DEBUG goblin::pe::utils] Checking .rdata for 0x12fb7d ∈ 0x119000..0x1303a8
[2026-08-29T14:50:09Z DEBUG goblin::pe::utils] Found in section .rdata(1), remapped into offset 0x12e17d
[2026-08-29T14:50:09Z DEBUG goblin::pe::utils] Checking .text for 0xc23f0 ∈ 0x1000..0x118124
[2026-08-29T14:50:09Z DEBUG goblin::pe::utils] Found in section .text(0), remapped into offset 0xc17f0
[2026-08-29T14:50:09Z DEBUG goblin::pe::utils] Checking .text for 0x12fb94 ∈ 0x1000..0x118124
[2026-08-29T14:50:09Z DEBUG goblin::pe::utils] Checking .rdata for 0x12fb94 ∈ 0x119000..0x1303a8
[2026-08-29T14:50:09Z DEBUG goblin::pe::utils] Found in section .rdata(1), remapped into offset 0x12e194
[2026-08-29T14:50:09Z DEBUG goblin::pe::utils] Checking .text for 0xc97e4 ∈ 0x1000..0x118124
[2026-08-29T14:50:09Z DEBUG goblin::pe::utils] Found in section .text(0), remapped into offset 0xc8be4
[2026-08-29T14:50:09Z DEBUG goblin::pe::utils] Checking .text for 0x12fba8 ∈ 0x1000..0x118124
[2026-08-29T14:50:09Z DEBUG goblin::pe::utils] Checking .rdata for 0x12fba8 ∈ 0x119000..0x1303a8
[2026-08-29T14:50:09Z DEBUG goblin::pe::utils] Found in section .rdata(1), remapped into offset 0x12e1a8
[2026-08-29T14:50:09Z DEBUG goblin::pe::utils] Checking .text for 0xc9374 ∈ 0x1000..0x118124
[2026-08-29T14:50:09Z DEBUG goblin::pe::utils] Found in section .text(0), remapped into offset 0xc8774
[2026-08-29T14:50:09Z DEBUG goblin::pe::utils] Checking .text for 0x12fbba ∈ 0x1000..0x118124
[2026-08-29T14:50:09Z DEBUG goblin::pe::utils] Checking .rdata for 0x12fbba ∈ 0x119000..0x1303a8
[2026-08-29T14:50:09Z DEBUG goblin::pe::utils] Found in section .rdata(1), remapped into offset 0x12e1ba
[2026-08-29T14:50:09Z DEBUG goblin::pe::utils] Checking .text for 0xc6864 ∈ 0x1000..0x118124
[2026-08-29T14:50:09Z DEBUG goblin::pe::utils] Found in section .text(0), remapped into offset 0xc5c64
[2026-08-29T14:50:09Z DEBUG goblin::pe::utils] Checking .text for 0x12fbc4 ∈ 0x1000..0x118124
[2026-08-29T14:50:09Z DEBUG goblin::pe::utils] Checking .rdata for 0x12fbc4 ∈ 0x119000..0x1303a8
[2026-08-29T14:50:09Z DEBUG goblin::pe::utils] Found in section .rdata(1), remapped into offset 0x12e1c4
[2026-08-29T14:50:09Z DEBUG goblin::pe::utils] Checking .text for 0xc43d0 ∈ 0x1000..0x118124
[2026-08-29T14:50:09Z DEBUG goblin::pe::utils] Found in section .text(0), remapped into offset 0xc37d0
[2026-08-29T14:50:09Z DEBUG goblin::pe::utils] Checking .text for 0x12fbd3 ∈ 0x1000..0x118124
[2026-08-29T14:50:09Z DEBUG goblin::pe::utils] Checking .rdata for 0x12fbd3 ∈ 0x119000..0x1303a8
[2026-08-29T14:50:09Z DEBUG goblin::pe::utils] Found in section .rdata(1), remapped into offset 0x12e1d3
[2026-08-29T14:50:09Z DEBUG goblin::pe::utils] Checking .text for 0xc5080 ∈ 0x1000..0x118124
[2026-08-29T14:50:09Z DEBUG goblin::pe::utils] Found in section .text(0), remapped into offset 0xc4480
[2026-08-29T14:50:09Z DEBUG goblin::pe::utils] Checking .text for 0x12fbe0 ∈ 0x1000..0x118124
[2026-08-29T14:50:09Z DEBUG goblin::pe::utils] Checking .rdata for 0x12fbe0 ∈ 0x119000..0x1303a8
[2026-08-29T14:50:09Z DEBUG goblin::pe::utils] Found in section .rdata(1), remapped into offset 0x12e1e0
[2026-08-29T14:50:09Z DEBUG goblin::pe::utils] Checking .text for 0xc27ec ∈ 0x1000..0x118124
[2026-08-29T14:50:09Z DEBUG goblin::pe::utils] Found in section .text(0), remapped into offset 0xc1bec
[2026-08-29T14:50:09Z DEBUG goblin::pe::utils] Checking .text for 0x12fbe9 ∈ 0x1000..0x118124
[2026-08-29T14:50:09Z DEBUG goblin::pe::utils] Checking .rdata for 0x12fbe9 ∈ 0x119000..0x1303a8
[2026-08-29T14:50:09Z DEBUG goblin::pe::utils] Found in section .rdata(1), remapped into offset 0x12e1e9
[2026-08-29T14:50:09Z DEBUG goblin::pe::utils] Checking .text for 0xc9d90 ∈ 0x1000..0x118124
[2026-08-29T14:50:09Z DEBUG goblin::pe::utils] Found in section .text(0), remapped into offset 0xc9190
[2026-08-29T14:50:09Z DEBUG goblin::pe::utils] Checking .text for 0x12fbf8 ∈ 0x1000..0x118124
[2026-08-29T14:50:09Z DEBUG goblin::pe::utils] Checking .rdata for 0x12fbf8 ∈ 0x119000..0x1303a8
[2026-08-29T14:50:09Z DEBUG goblin::pe::utils] Found in section .rdata(1), remapped into offset 0x12e1f8
[2026-08-29T14:50:09Z DEBUG goblin::pe::utils] Checking .text for 0xda980 ∈ 0x1000..0x118124
[2026-08-29T14:50:09Z DEBUG goblin::pe::utils] Found in section .text(0), remapped into offset 0xd9d80
[2026-08-29T14:50:09Z DEBUG goblin::pe::utils] Checking .text for 0x12fc03 ∈ 0x1000..0x118124
[2026-08-29T14:50:09Z DEBUG goblin::pe::utils] Checking .rdata for 0x12fc03 ∈ 0x119000..0x1303a8
[2026-08-29T14:50:09Z DEBUG goblin::pe::utils] Found in section .rdata(1), remapped into offset 0x12e203
[2026-08-29T14:50:09Z DEBUG goblin::pe::utils] Checking .text for 0xc5948 ∈ 0x1000..0x118124
[2026-08-29T14:50:09Z DEBUG goblin::pe::utils] Found in section .text(0), remapped into offset 0xc4d48
[2026-08-29T14:50:09Z DEBUG goblin::pe::utils] Checking .text for 0x12fc13 ∈ 0x1000..0x118124
[2026-08-29T14:50:09Z DEBUG goblin::pe::utils] Checking .rdata for 0x12fc13 ∈ 0x119000..0x1303a8
[2026-08-29T14:50:09Z DEBUG goblin::pe::utils] Found in section .rdata(1), remapped into offset 0x12e213
[2026-08-29T14:50:09Z DEBUG goblin::pe::utils] Checking .text for 0xc3058 ∈ 0x1000..0x118124
[2026-08-29T14:50:09Z DEBUG goblin::pe::utils] Found in section .text(0), remapped into offset 0xc2458
[2026-08-29T14:50:09Z DEBUG goblin::pe::utils] Checking .text for 0x12fc27 ∈ 0x1000..0x118124
[2026-08-29T14:50:09Z DEBUG goblin::pe::utils] Checking .rdata for 0x12fc27 ∈ 0x119000..0x1303a8
[2026-08-29T14:50:09Z DEBUG goblin::pe::utils] Found in section .rdata(1), remapped into offset 0x12e227
[2026-08-29T14:50:09Z DEBUG goblin::pe::utils] Checking .text for 0xc2f1c ∈ 0x1000..0x118124
[2026-08-29T14:50:09Z DEBUG goblin::pe::utils] Found in section .text(0), remapped into offset 0xc231c
[2026-08-29T14:50:09Z DEBUG goblin::pe::utils] Checking .text for 0x12fc3d ∈ 0x1000..0x118124
[2026-08-29T14:50:09Z DEBUG goblin::pe::utils] Checking .rdata for 0x12fc3d ∈ 0x119000..0x1303a8
[2026-08-29T14:50:09Z DEBUG goblin::pe::utils] Found in section .rdata(1), remapped into offset 0x12e23d
[2026-08-29T14:50:09Z DEBUG goblin::pe::utils] Checking .text for 0xc2ec0 ∈ 0x1000..0x118124
[2026-08-29T14:50:09Z DEBUG goblin::pe::utils] Found in section .text(0), remapped into offset 0xc22c0
[2026-08-29T14:50:09Z DEBUG goblin::pe::utils] Checking .text for 0x12fc50 ∈ 0x1000..0x118124
[2026-08-29T14:50:09Z DEBUG goblin::pe::utils] Checking .rdata for 0x12fc50 ∈ 0x119000..0x1303a8
[2026-08-29T14:50:09Z DEBUG goblin::pe::utils] Found in section .rdata(1), remapped into offset 0x12e250
[2026-08-29T14:50:09Z DEBUG goblin::pe::utils] Checking .text for 0x1000 ∈ 0x1000..0x118124
[2026-08-29T14:50:09Z DEBUG goblin::pe::utils] Found in section .text(0), remapped into offset 0x400
[2026-08-29T14:50:09Z DEBUG goblin::pe::utils] Checking .text for 0x12fc5c ∈ 0x1000..0x118124
[2026-08-29T14:50:09Z DEBUG goblin::pe::utils] Checking .rdata for 0x12fc5c ∈ 0x119000..0x1303a8
[2026-08-29T14:50:09Z DEBUG goblin::pe::utils] Found in section .rdata(1), remapped into offset 0x12e25c
[2026-08-29T14:50:09Z DEBUG goblin::pe::utils] Checking .text for 0xc2f7c ∈ 0x1000..0x118124
[2026-08-29T14:50:09Z DEBUG goblin::pe::utils] Found in section .text(0), remapped into offset 0xc237c
[2026-08-29T14:50:09Z DEBUG goblin::pe::utils] Checking .text for 0x12fc70 ∈ 0x1000..0x118124
[2026-08-29T14:50:09Z DEBUG goblin::pe::utils] Checking .rdata for 0x12fc70 ∈ 0x119000..0x1303a8
[2026-08-29T14:50:09Z DEBUG goblin::pe::utils] Found in section .rdata(1), remapped into offset 0x12e270
[2026-08-29T14:50:09Z DEBUG goblin::pe::utils] Checking .text for 0xc30a8 ∈ 0x1000..0x118124
[2026-08-29T14:50:09Z DEBUG goblin::pe::utils] Found in section .text(0), remapped into offset 0xc24a8
[2026-08-29T14:50:09Z DEBUG goblin::pe::utils] Checking .text for 0x12fc83 ∈ 0x1000..0x118124
[2026-08-29T14:50:09Z DEBUG goblin::pe::utils] Checking .rdata for 0x12fc83 ∈ 0x119000..0x1303a8
[2026-08-29T14:50:09Z DEBUG goblin::pe::utils] Found in section .rdata(1), remapped into offset 0x12e283
[2026-08-29T14:50:09Z DEBUG goblin::pe::utils] Checking .text for 0x1000 ∈ 0x1000..0x118124
[2026-08-29T14:50:09Z DEBUG goblin::pe::utils] Found in section .text(0), remapped into offset 0x400
[2026-08-29T14:50:09Z DEBUG goblin::pe::utils] Checking .text for 0x12fc91 ∈ 0x1000..0x118124
[2026-08-29T14:50:09Z DEBUG goblin::pe::utils] Checking .rdata for 0x12fc91 ∈ 0x119000..0x1303a8
[2026-08-29T14:50:09Z DEBUG goblin::pe::utils] Found in section .rdata(1), remapped into offset 0x12e291
[2026-08-29T14:50:09Z DEBUG goblin::pe::utils] Checking .text for 0x1000 ∈ 0x1000..0x118124
[2026-08-29T14:50:09Z DEBUG goblin::pe::utils] Found in section .text(0), remapped into offset 0x400
[2026-08-29T14:50:09Z DEBUG goblin::pe::utils] Checking .text for 0x12fca4 ∈ 0x1000..0x118124
[2026-08-29T14:50:09Z DEBUG goblin::pe::utils] Checking .rdata for 0x12fca4 ∈ 0x119000..0x1303a8
[2026-08-29T14:50:09Z DEBUG goblin::pe::utils] Found in section .rdata(1), remapped into offset 0x12e2a4
[2026-08-29T14:50:09Z DEBUG goblin::pe::utils] Checking .text for 0xd0440 ∈ 0x1000..0x118124
[2026-08-29T14:50:09Z DEBUG goblin::pe::utils] Found in section .text(0), remapped into offset 0xcf840
[2026-08-29T14:50:09Z DEBUG goblin::pe::utils] Checking .text for 0x12fcb4 ∈ 0x1000..0x118124
[2026-08-29T14:50:09Z DEBUG goblin::pe::utils] Checking .rdata for 0x12fcb4 ∈ 0x119000..0x1303a8
[2026-08-29T14:50:09Z DEBUG goblin::pe::utils] Found in section .rdata(1), remapped into offset 0x12e2b4
[2026-08-29T14:50:09Z DEBUG goblin::pe::utils] Checking .text for 0xc743c ∈ 0x1000..0x118124
[2026-08-29T14:50:09Z DEBUG goblin::pe::utils] Found in section .text(0), remapped into offset 0xc683c
[2026-08-29T14:50:09Z DEBUG goblin::pe::utils] Checking .text for 0x12fcc7 ∈ 0x1000..0x118124
[2026-08-29T14:50:09Z DEBUG goblin::pe::utils] Checking .rdata for 0x12fcc7 ∈ 0x119000..0x1303a8
[2026-08-29T14:50:09Z DEBUG goblin::pe::utils] Found in section .rdata(1), remapped into offset 0x12e2c7
[2026-08-29T14:50:09Z DEBUG goblin::pe::utils] Checking .text for 0xc4d00 ∈ 0x1000..0x118124
[2026-08-29T14:50:09Z DEBUG goblin::pe::utils] Found in section .text(0), remapped into offset 0xc4100
[2026-08-29T14:50:09Z DEBUG goblin::pe::utils] Checking .text for 0x12fcd7 ∈ 0x1000..0x118124
[2026-08-29T14:50:09Z DEBUG goblin::pe::utils] Checking .rdata for 0x12fcd7 ∈ 0x119000..0x1303a8
[2026-08-29T14:50:09Z DEBUG goblin::pe::utils] Found in section .rdata(1), remapped into offset 0x12e2d7
[2026-08-29T14:50:09Z DEBUG goblin::pe::utils] Checking .text for 0xc9d80 ∈ 0x1000..0x118124
[2026-08-29T14:50:09Z DEBUG goblin::pe::utils] Found in section .text(0), remapped into offset 0xc9180
[2026-08-29T14:50:09Z DEBUG goblin::pe::utils] Checking .text for 0x12fce5 ∈ 0x1000..0x118124
[2026-08-29T14:50:09Z DEBUG goblin::pe::utils] Checking .rdata for 0x12fce5 ∈ 0x119000..0x1303a8
[2026-08-29T14:50:09Z DEBUG goblin::pe::utils] Found in section .rdata(1), remapped into offset 0x12e2e5
[2026-08-29T14:50:09Z DEBUG goblin::pe::utils] Checking .text for 0xc6840 ∈ 0x1000..0x118124
[2026-08-29T14:50:09Z DEBUG goblin::pe::utils] Found in section .text(0), remapped into offset 0xc5c40
[2026-08-29T14:50:09Z DEBUG goblin::pe::utils] Checking .text for 0x12fcf2 ∈ 0x1000..0x118124
[2026-08-29T14:50:09Z DEBUG goblin::pe::utils] Checking .rdata for 0x12fcf2 ∈ 0x119000..0x1303a8
[2026-08-29T14:50:09Z DEBUG goblin::pe::utils] Found in section .rdata(1), remapped into offset 0x12e2f2
[2026-08-29T14:50:09Z DEBUG goblin::pe::utils] Checking .text for 0xc43c0 ∈ 0x1000..0x118124
[2026-08-29T14:50:09Z DEBUG goblin::pe::utils] Found in section .text(0), remapped into offset 0xc37c0
[2026-08-29T14:50:09Z DEBUG goblin::pe::utils] Checking .text for 0x12fd05 ∈ 0x1000..0x118124
[2026-08-29T14:50:09Z DEBUG goblin::pe::utils] Checking .rdata for 0x12fd05 ∈ 0x119000..0x1303a8
[2026-08-29T14:50:09Z DEBUG goblin::pe::utils] Found in section .rdata(1), remapped into offset 0x12e305
[2026-08-29T14:50:09Z DEBUG goblin::pe::utils] Checking .text for 0xc93f0 ∈ 0x1000..0x118124
[2026-08-29T14:50:09Z DEBUG goblin::pe::utils] Found in section .text(0), remapped into offset 0xc87f0
[2026-08-29T14:50:09Z DEBUG goblin::pe::utils] Checking .text for 0x12fd14 ∈ 0x1000..0x118124
[2026-08-29T14:50:09Z DEBUG goblin::pe::utils] Checking .rdata for 0x12fd14 ∈ 0x119000..0x1303a8
[2026-08-29T14:50:09Z DEBUG goblin::pe::utils] Found in section .rdata(1), remapped into offset 0x12e314
[2026-08-29T14:50:09Z DEBUG goblin::pe::utils] Checking .text for 0xc9834 ∈ 0x1000..0x118124
[2026-08-29T14:50:09Z DEBUG goblin::pe::utils] Found in section .text(0), remapped into offset 0xc8c34
[2026-08-29T14:50:09Z DEBUG goblin::pe::utils] Checking .text for 0x12fd25 ∈ 0x1000..0x118124
[2026-08-29T14:50:09Z DEBUG goblin::pe::utils] Checking .rdata for 0x12fd25 ∈ 0x119000..0x1303a8
[2026-08-29T14:50:09Z DEBUG goblin::pe::utils] Found in section .rdata(1), remapped into offset 0x12e325
[2026-08-29T14:50:09Z DEBUG goblin::pe::utils] Checking .text for 0xc938c ∈ 0x1000..0x118124
[2026-08-29T14:50:09Z DEBUG goblin::pe::utils] Found in section .text(0), remapped into offset 0xc878c
[2026-08-29T14:50:09Z DEBUG goblin::pe::utils] Checking .text for 0x12fd35 ∈ 0x1000..0x118124
[2026-08-29T14:50:09Z DEBUG goblin::pe::utils] Checking .rdata for 0x12fd35 ∈ 0x119000..0x1303a8
[2026-08-29T14:50:09Z DEBUG goblin::pe::utils] Found in section .rdata(1), remapped into offset 0x12e335
[2026-08-29T14:50:09Z DEBUG goblin::pe::utils] Checking .text for 0xc93c0 ∈ 0x1000..0x118124
[2026-08-29T14:50:09Z DEBUG goblin::pe::utils] Found in section .text(0), remapped into offset 0xc87c0
[2026-08-29T14:50:09Z DEBUG goblin::pe::utils] Checking .text for 0x12fd45 ∈ 0x1000..0x118124
[2026-08-29T14:50:09Z DEBUG goblin::pe::utils] Checking .rdata for 0x12fd45 ∈ 0x119000..0x1303a8
[2026-08-29T14:50:09Z DEBUG goblin::pe::utils] Found in section .rdata(1), remapped into offset 0x12e345
[2026-08-29T14:50:09Z DEBUG goblin::pe::utils] Checking .text for 0xcb084 ∈ 0x1000..0x118124
[2026-08-29T14:50:09Z DEBUG goblin::pe::utils] Found in section .text(0), remapped into offset 0xca484
[2026-08-29T14:50:09Z DEBUG goblin::pe::utils] Checking .text for 0x12fd57 ∈ 0x1000..0x118124
[2026-08-29T14:50:09Z DEBUG goblin::pe::utils] Checking .rdata for 0x12fd57 ∈ 0x119000..0x1303a8
[2026-08-29T14:50:09Z DEBUG goblin::pe::utils] Found in section .rdata(1), remapped into offset 0x12e357
[2026-08-29T14:50:09Z DEBUG goblin::pe::utils] Checking .text for 0xc8060 ∈ 0x1000..0x118124
[2026-08-29T14:50:09Z DEBUG goblin::pe::utils] Found in section .text(0), remapped into offset 0xc7460
[2026-08-29T14:50:09Z DEBUG goblin::pe::utils] Checking .text for 0x12fd62 ∈ 0x1000..0x118124
[2026-08-29T14:50:09Z DEBUG goblin::pe::utils] Checking .rdata for 0x12fd62 ∈ 0x119000..0x1303a8
[2026-08-29T14:50:09Z DEBUG goblin::pe::utils] Found in section .rdata(1), remapped into offset 0x12e362
[2026-08-29T14:50:09Z DEBUG goblin::pe::utils] Checking .text for 0xc7f34 ∈ 0x1000..0x118124
[2026-08-29T14:50:09Z DEBUG goblin::pe::utils] Found in section .text(0), remapped into offset 0xc7334
[2026-08-29T14:50:09Z DEBUG goblin::pe::utils] Checking .text for 0x12fd6e ∈ 0x1000..0x118124
[2026-08-29T14:50:09Z DEBUG goblin::pe::utils] Checking .rdata for 0x12fd6e ∈ 0x119000..0x1303a8
[2026-08-29T14:50:09Z DEBUG goblin::pe::utils] Found in section .rdata(1), remapped into offset 0x12e36e
[2026-08-29T14:50:09Z DEBUG goblin::pe::utils] Checking .text for 0xcb0ac ∈ 0x1000..0x118124
[2026-08-29T14:50:09Z DEBUG goblin::pe::utils] Found in section .text(0), remapped into offset 0xca4ac
[2026-08-29T14:50:09Z DEBUG goblin::pe::utils] Checking .text for 0x12fd88 ∈ 0x1000..0x118124
[2026-08-29T14:50:09Z DEBUG goblin::pe::utils] Checking .rdata for 0x12fd88 ∈ 0x119000..0x1303a8
[2026-08-29T14:50:09Z DEBUG goblin::pe::utils] Found in section .rdata(1), remapped into offset 0x12e388
[2026-08-29T14:50:09Z DEBUG goblin::pe::utils] Checking .text for 0xd03d8 ∈ 0x1000..0x118124
[2026-08-29T14:50:09Z DEBUG goblin::pe::utils] Found in section .text(0), remapped into offset 0xcf7d8
[2026-08-29T14:50:09Z DEBUG goblin::pe::utils] Checking .text for 0x12fd98 ∈ 0x1000..0x118124
[2026-08-29T14:50:09Z DEBUG goblin::pe::utils] Checking .rdata for 0x12fd98 ∈ 0x119000..0x1303a8
[2026-08-29T14:50:09Z DEBUG goblin::pe::utils] Found in section .rdata(1), remapped into offset 0x12e398
[2026-08-29T14:50:09Z DEBUG goblin::pe::utils] Checking .text for 0xc5adc ∈ 0x1000..0x118124
[2026-08-29T14:50:09Z DEBUG goblin::pe::utils] Found in section .text(0), remapped into offset 0xc4edc
[2026-08-29T14:50:09Z DEBUG goblin::pe::utils] Checking .text for 0x12fda5 ∈ 0x1000..0x118124
[2026-08-29T14:50:09Z DEBUG goblin::pe::utils] Checking .rdata for 0x12fda5 ∈ 0x119000..0x1303a8
[2026-08-29T14:50:09Z DEBUG goblin::pe::utils] Found in section .rdata(1), remapped into offset 0x12e3a5
[2026-08-29T14:50:09Z DEBUG goblin::pe::utils] Checking .text for 0xc1768 ∈ 0x1000..0x118124
[2026-08-29T14:50:09Z DEBUG goblin::pe::utils] Found in section .text(0), remapped into offset 0xc0b68
[2026-08-29T14:50:09Z DEBUG goblin::pe::utils] Checking .text for 0x12fdb6 ∈ 0x1000..0x118124
[2026-08-29T14:50:09Z DEBUG goblin::pe::utils] Checking .rdata for 0x12fdb6 ∈ 0x119000..0x1303a8
[2026-08-29T14:50:09Z DEBUG goblin::pe::utils] Found in section .rdata(1), remapped into offset 0x12e3b6
[2026-08-29T14:50:09Z DEBUG goblin::pe::utils] Checking .text for 0xc174c ∈ 0x1000..0x118124
[2026-08-29T14:50:09Z DEBUG goblin::pe::utils] Found in section .text(0), remapped into offset 0xc0b4c
[2026-08-29T14:50:09Z DEBUG goblin::pe::utils] Checking .text for 0x12fdca ∈ 0x1000..0x118124
[2026-08-29T14:50:09Z DEBUG goblin::pe::utils] Checking .rdata for 0x12fdca ∈ 0x119000..0x1303a8
[2026-08-29T14:50:09Z DEBUG goblin::pe::utils] Found in section .rdata(1), remapped into offset 0x12e3ca
[2026-08-29T14:50:09Z DEBUG goblin::pe::utils] Checking .text for 0xc3858 ∈ 0x1000..0x118124
[2026-08-29T14:50:09Z DEBUG goblin::pe::utils] Found in section .text(0), remapped into offset 0xc2c58
[2026-08-29T14:50:09Z DEBUG goblin::pe::utils] Checking .text for 0x12fdd8 ∈ 0x1000..0x118124
[2026-08-29T14:50:09Z DEBUG goblin::pe::utils] Checking .rdata for 0x12fdd8 ∈ 0x119000..0x1303a8
[2026-08-29T14:50:09Z DEBUG goblin::pe::utils] Found in section .rdata(1), remapped into offset 0x12e3d8
[2026-08-29T14:50:09Z DEBUG goblin::pe::utils] Checking .text for 0xe83d8 ∈ 0x1000..0x118124
[2026-08-29T14:50:09Z DEBUG goblin::pe::utils] Found in section .text(0), remapped into offset 0xe77d8
[2026-08-29T14:50:09Z DEBUG goblin::pe::utils] Checking .text for 0x12fde5 ∈ 0x1000..0x118124
[2026-08-29T14:50:09Z DEBUG goblin::pe::utils] Checking .rdata for 0x12fde5 ∈ 0x119000..0x1303a8
[2026-08-29T14:50:09Z DEBUG goblin::pe::utils] Found in section .rdata(1), remapped into offset 0x12e3e5
[2026-08-29T14:50:09Z DEBUG goblin::pe::utils] Checking .text for 0xe8434 ∈ 0x1000..0x118124
[2026-08-29T14:50:09Z DEBUG goblin::pe::utils] Found in section .text(0), remapped into offset 0xe7834
[2026-08-29T14:50:09Z DEBUG goblin::pe::utils] Checking .text for 0x12fdf5 ∈ 0x1000..0x118124
[2026-08-29T14:50:09Z DEBUG goblin::pe::utils] Checking .rdata for 0x12fdf5 ∈ 0x119000..0x1303a8
[2026-08-29T14:50:09Z DEBUG goblin::pe::utils] Found in section .rdata(1), remapped into offset 0x12e3f5
[2026-08-29T14:50:09Z DEBUG goblin::pe::utils] Checking .text for 0xe8548 ∈ 0x1000..0x118124
[2026-08-29T14:50:09Z DEBUG goblin::pe::utils] Found in section .text(0), remapped into offset 0xe7948
[2026-08-29T14:50:09Z DEBUG goblin::pe::utils] Checking .text for 0x12fe04 ∈ 0x1000..0x118124
[2026-08-29T14:50:09Z DEBUG goblin::pe::utils] Checking .rdata for 0x12fe04 ∈ 0x119000..0x1303a8
[2026-08-29T14:50:09Z DEBUG goblin::pe::utils] Found in section .rdata(1), remapped into offset 0x12e404
[2026-08-29T14:50:09Z DEBUG goblin::pe::utils] Checking .text for 0xe8320 ∈ 0x1000..0x118124
[2026-08-29T14:50:09Z DEBUG goblin::pe::utils] Found in section .text(0), remapped into offset 0xe7720
[2026-08-29T14:50:09Z DEBUG goblin::pe::utils] Checking .text for 0x12fe0f ∈ 0x1000..0x118124
[2026-08-29T14:50:09Z DEBUG goblin::pe::utils] Checking .rdata for 0x12fe0f ∈ 0x119000..0x1303a8
[2026-08-29T14:50:09Z DEBUG goblin::pe::utils] Found in section .rdata(1), remapped into offset 0x12e40f
[2026-08-29T14:50:09Z DEBUG goblin::pe::utils] Checking .text for 0xe837c ∈ 0x1000..0x118124
[2026-08-29T14:50:09Z DEBUG goblin::pe::utils] Found in section .text(0), remapped into offset 0xe777c
[2026-08-29T14:50:09Z DEBUG goblin::pe::utils] Checking .text for 0x12fe1d ∈ 0x1000..0x118124
[2026-08-29T14:50:09Z DEBUG goblin::pe::utils] Checking .rdata for 0x12fe1d ∈ 0x119000..0x1303a8
[2026-08-29T14:50:09Z DEBUG goblin::pe::utils] Found in section .rdata(1), remapped into offset 0x12e41d
[2026-08-29T14:50:09Z DEBUG goblin::pe::utils] Checking .text for 0xe82c4 ∈ 0x1000..0x118124
[2026-08-29T14:50:09Z DEBUG goblin::pe::utils] Found in section .text(0), remapped into offset 0xe76c4
[2026-08-29T14:50:09Z DEBUG goblin::pe::utils] Checking .text for 0x12fe2a ∈ 0x1000..0x118124
[2026-08-29T14:50:09Z DEBUG goblin::pe::utils] Checking .rdata for 0x12fe2a ∈ 0x119000..0x1303a8
[2026-08-29T14:50:09Z DEBUG goblin::pe::utils] Found in section .rdata(1), remapped into offset 0x12e42a
[2026-08-29T14:50:09Z DEBUG goblin::pe::utils] Checking .text for 0xe8490 ∈ 0x1000..0x118124
[2026-08-29T14:50:09Z DEBUG goblin::pe::utils] Found in section .text(0), remapped into offset 0xe7890
[2026-08-29T14:50:09Z DEBUG goblin::pe::utils] Checking .text for 0x12fe35 ∈ 0x1000..0x118124
[2026-08-29T14:50:09Z DEBUG goblin::pe::utils] Checking .rdata for 0x12fe35 ∈ 0x119000..0x1303a8
[2026-08-29T14:50:09Z DEBUG goblin::pe::utils] Found in section .rdata(1), remapped into offset 0x12e435
[2026-08-29T14:50:09Z DEBUG goblin::pe::utils] Checking .text for 0xe84ec ∈ 0x1000..0x118124
[2026-08-29T14:50:09Z DEBUG goblin::pe::utils] Found in section .text(0), remapped into offset 0xe78ec
[2026-08-29T14:50:09Z DEBUG goblin::pe::utils] Checking .text for 0x12fe41 ∈ 0x1000..0x118124
[2026-08-29T14:50:09Z DEBUG goblin::pe::utils] Checking .rdata for 0x12fe41 ∈ 0x119000..0x1303a8
[2026-08-29T14:50:09Z DEBUG goblin::pe::utils] Found in section .rdata(1), remapped into offset 0x12e441
[2026-08-29T14:50:09Z DEBUG goblin::pe::utils] Checking .text for 0xc12f8 ∈ 0x1000..0x118124
[2026-08-29T14:50:09Z DEBUG goblin::pe::utils] Found in section .text(0), remapped into offset 0xc06f8
[2026-08-29T14:50:09Z DEBUG goblin::pe::utils] Checking .text for 0x12fe4a ∈ 0x1000..0x118124
[2026-08-29T14:50:09Z DEBUG goblin::pe::utils] Checking .rdata for 0x12fe4a ∈ 0x119000..0x1303a8
[2026-08-29T14:50:09Z DEBUG goblin::pe::utils] Found in section .rdata(1), remapped into offset 0x12e44a
[2026-08-29T14:50:09Z DEBUG goblin::pe::utils] Checking .text for 0xc11f4 ∈ 0x1000..0x118124
[2026-08-29T14:50:09Z DEBUG goblin::pe::utils] Found in section .text(0), remapped into offset 0xc05f4
[2026-08-29T14:50:09Z DEBUG goblin::pe::utils] Checking .text for 0x12fe5c ∈ 0x1000..0x118124
[2026-08-29T14:50:09Z DEBUG goblin::pe::utils] Checking .rdata for 0x12fe5c ∈ 0x119000..0x1303a8
[2026-08-29T14:50:09Z DEBUG goblin::pe::utils] Found in section .rdata(1), remapped into offset 0x12e45c
[2026-08-29T14:50:09Z DEBUG goblin::pe::utils] Checking .text for 0xd03f4 ∈ 0x1000..0x118124
[2026-08-29T14:50:09Z DEBUG goblin::pe::utils] Found in section .text(0), remapped into offset 0xcf7f4
[2026-08-29T14:50:09Z DEBUG goblin::pe::utils] Checking .text for 0x12fe6b ∈ 0x1000..0x118124
[2026-08-29T14:50:09Z DEBUG goblin::pe::utils] Checking .rdata for 0x12fe6b ∈ 0x119000..0x1303a8
[2026-08-29T14:50:09Z DEBUG goblin::pe::utils] Found in section .rdata(1), remapped into offset 0x12e46b
[2026-08-29T14:50:09Z DEBUG goblin::pe::utils] Checking .text for 0xc1420 ∈ 0x1000..0x118124
[2026-08-29T14:50:09Z DEBUG goblin::pe::utils] Found in section .text(0), remapped into offset 0xc0820
[2026-08-29T14:50:09Z DEBUG goblin::pe::utils] Checking .text for 0x12fe7e ∈ 0x1000..0x118124
[2026-08-29T14:50:09Z DEBUG goblin::pe::utils] Checking .rdata for 0x12fe7e ∈ 0x119000..0x1303a8
[2026-08-29T14:50:09Z DEBUG goblin::pe::utils] Found in section .rdata(1), remapped into offset 0x12e47e
[2026-08-29T14:50:09Z DEBUG goblin::pe::utils] Checking .text for 0xc1784 ∈ 0x1000..0x118124
[2026-08-29T14:50:09Z DEBUG goblin::pe::utils] Found in section .text(0), remapped into offset 0xc0b84
[2026-08-29T14:50:09Z DEBUG goblin::pe::utils] Checking .text for 0x12fe8c ∈ 0x1000..0x118124
[2026-08-29T14:50:09Z DEBUG goblin::pe::utils] Checking .rdata for 0x12fe8c ∈ 0x119000..0x1303a8
[2026-08-29T14:50:09Z DEBUG goblin::pe::utils] Found in section .rdata(1), remapped into offset 0x12e48c
[2026-08-29T14:50:09Z DEBUG goblin::pe::utils] Checking .text for 0xe3a88 ∈ 0x1000..0x118124
[2026-08-29T14:50:09Z DEBUG goblin::pe::utils] Found in section .text(0), remapped into offset 0xe2e88
[2026-08-29T14:50:09Z DEBUG goblin::pe::utils] Checking .text for 0x12fe9d ∈ 0x1000..0x118124
[2026-08-29T14:50:09Z DEBUG goblin::pe::utils] Checking .rdata for 0x12fe9d ∈ 0x119000..0x1303a8
[2026-08-29T14:50:09Z DEBUG goblin::pe::utils] Found in section .rdata(1), remapped into offset 0x12e49d
[2026-08-29T14:50:09Z DEBUG goblin::pe::utils] Checking .text for 0xe3970 ∈ 0x1000..0x118124
[2026-08-29T14:50:09Z DEBUG goblin::pe::utils] Found in section .text(0), remapped into offset 0xe2d70
[2026-08-29T14:50:09Z DEBUG goblin::pe::utils] Checking .text for 0x12feac ∈ 0x1000..0x118124
[2026-08-29T14:50:09Z DEBUG goblin::pe::utils] Checking .rdata for 0x12feac ∈ 0x119000..0x1303a8
[2026-08-29T14:50:09Z DEBUG goblin::pe::utils] Found in section .rdata(1), remapped into offset 0x12e4ac
[2026-08-29T14:50:09Z DEBUG goblin::pe::utils] Checking .text for 0xc7490 ∈ 0x1000..0x118124
[2026-08-29T14:50:09Z DEBUG goblin::pe::utils] Found in section .text(0), remapped into offset 0xc6890
[2026-08-29T14:50:09Z DEBUG goblin::pe::utils] Checking .text for 0x12feba ∈ 0x1000..0x118124
[2026-08-29T14:50:09Z DEBUG goblin::pe::utils] Checking .rdata for 0x12feba ∈ 0x119000..0x1303a8
[2026-08-29T14:50:09Z DEBUG goblin::pe::utils] Found in section .rdata(1), remapped into offset 0x12e4ba
[2026-08-29T14:50:09Z DEBUG goblin::pe::utils] Checking .text for 0xc54c0 ∈ 0x1000..0x118124
[2026-08-29T14:50:09Z DEBUG goblin::pe::utils] Found in section .text(0), remapped into offset 0xc48c0
[2026-08-29T14:50:09Z DEBUG goblin::pe::utils] Checking .text for 0x12feca ∈ 0x1000..0x118124
[2026-08-29T14:50:09Z DEBUG goblin::pe::utils] Checking .rdata for 0x12feca ∈ 0x119000..0x1303a8
[2026-08-29T14:50:09Z DEBUG goblin::pe::utils] Found in section .rdata(1), remapped into offset 0x12e4ca
[2026-08-29T14:50:09Z DEBUG goblin::pe::utils] Checking .text for 0xc4d34 ∈ 0x1000..0x118124
[2026-08-29T14:50:09Z DEBUG goblin::pe::utils] Found in section .text(0), remapped into offset 0xc4134
[2026-08-29T14:50:09Z DEBUG goblin::pe::utils] Checking .text for 0x12fed8 ∈ 0x1000..0x118124
[2026-08-29T14:50:09Z DEBUG goblin::pe::utils] Checking .rdata for 0x12fed8 ∈ 0x119000..0x1303a8
[2026-08-29T14:50:09Z DEBUG goblin::pe::utils] Found in section .rdata(1), remapped into offset 0x12e4d8
[2026-08-29T14:50:09Z DEBUG goblin::pe::utils] Checking .text for 0xc7e74 ∈ 0x1000..0x118124
[2026-08-29T14:50:09Z DEBUG goblin::pe::utils] Found in section .text(0), remapped into offset 0xc7274
[2026-08-29T14:50:09Z DEBUG goblin::pe::utils] Checking .text for 0x12fee3 ∈ 0x1000..0x118124
[2026-08-29T14:50:09Z DEBUG goblin::pe::utils] Checking .rdata for 0x12fee3 ∈ 0x119000..0x1303a8
[2026-08-29T14:50:09Z DEBUG goblin::pe::utils] Found in section .rdata(1), remapped into offset 0x12e4e3
[2026-08-29T14:50:09Z DEBUG goblin::pe::utils] Checking .text for 0xc7ecc ∈ 0x1000..0x118124
[2026-08-29T14:50:09Z DEBUG goblin::pe::utils] Found in section .text(0), remapped into offset 0xc72cc
[2026-08-29T14:50:09Z DEBUG goblin::pe::utils] Checking .text for 0x12feef ∈ 0x1000..0x118124
[2026-08-29T14:50:09Z DEBUG goblin::pe::utils] Checking .rdata for 0x12feef ∈ 0x119000..0x1303a8
[2026-08-29T14:50:09Z DEBUG goblin::pe::utils] Found in section .rdata(1), remapped into offset 0x12e4ef
[2026-08-29T14:50:09Z DEBUG goblin::pe::utils] Checking .text for 0xc6f20 ∈ 0x1000..0x118124
[2026-08-29T14:50:09Z DEBUG goblin::pe::utils] Found in section .text(0), remapped into offset 0xc6320
[2026-08-29T14:50:09Z DEBUG goblin::pe::utils] Checking .text for 0x12fefd ∈ 0x1000..0x118124
[2026-08-29T14:50:09Z DEBUG goblin::pe::utils] Checking .rdata for 0x12fefd ∈ 0x119000..0x1303a8
[2026-08-29T14:50:09Z DEBUG goblin::pe::utils] Found in section .rdata(1), remapped into offset 0x12e4fd
[2026-08-29T14:50:09Z DEBUG goblin::pe::utils] Checking .text for 0xc7478 ∈ 0x1000..0x118124
[2026-08-29T14:50:09Z DEBUG goblin::pe::utils] Found in section .text(0), remapped into offset 0xc6878
[2026-08-29T14:50:09Z DEBUG goblin::pe::utils] Checking .text for 0x12ff0c ∈ 0x1000..0x118124
[2026-08-29T14:50:09Z DEBUG goblin::pe::utils] Checking .rdata for 0x12ff0c ∈ 0x119000..0x1303a8
[2026-08-29T14:50:09Z DEBUG goblin::pe::utils] Found in section .rdata(1), remapped into offset 0x12e50c
[2026-08-29T14:50:09Z DEBUG goblin::pe::utils] Checking .text for 0xc3f7c ∈ 0x1000..0x118124
[2026-08-29T14:50:09Z DEBUG goblin::pe::utils] Found in section .text(0), remapped into offset 0xc337c
[2026-08-29T14:50:09Z DEBUG goblin::pe::utils] Checking .text for 0x12ff1b ∈ 0x1000..0x118124
[2026-08-29T14:50:09Z DEBUG goblin::pe::utils] Checking .rdata for 0x12ff1b ∈ 0x119000..0x1303a8
[2026-08-29T14:50:09Z DEBUG goblin::pe::utils] Found in section .rdata(1), remapped into offset 0x12e51b
[2026-08-29T14:50:09Z DEBUG goblin::pe::utils] Checking .text for 0xc4164 ∈ 0x1000..0x118124
[2026-08-29T14:50:09Z DEBUG goblin::pe::utils] Found in section .text(0), remapped into offset 0xc3564
[2026-08-29T14:50:09Z DEBUG goblin::pe::utils] Checking .text for 0x12ff29 ∈ 0x1000..0x118124
[2026-08-29T14:50:09Z DEBUG goblin::pe::utils] Checking .rdata for 0x12ff29 ∈ 0x119000..0x1303a8
[2026-08-29T14:50:09Z DEBUG goblin::pe::utils] Found in section .rdata(1), remapped into offset 0x12e529
[2026-08-29T14:50:09Z DEBUG goblin::pe::utils] Checking .text for 0xc4134 ∈ 0x1000..0x118124
[2026-08-29T14:50:09Z DEBUG goblin::pe::utils] Found in section .text(0), remapped into offset 0xc3534
[2026-08-29T14:50:09Z DEBUG goblin::pe::utils] Checking .text for 0x12ff38 ∈ 0x1000..0x118124
[2026-08-29T14:50:09Z DEBUG goblin::pe::utils] Checking .rdata for 0x12ff38 ∈ 0x119000..0x1303a8
[2026-08-29T14:50:09Z DEBUG goblin::pe::utils] Found in section .rdata(1), remapped into offset 0x12e538
[2026-08-29T14:50:09Z DEBUG goblin::pe::utils] Checking .text for 0xc42b8 ∈ 0x1000..0x118124
[2026-08-29T14:50:09Z DEBUG goblin::pe::utils] Found in section .text(0), remapped into offset 0xc36b8
[2026-08-29T14:50:09Z DEBUG goblin::pe::utils] Checking .text for 0x12ff46 ∈ 0x1000..0x118124
[2026-08-29T14:50:09Z DEBUG goblin::pe::utils] Checking .rdata for 0x12ff46 ∈ 0x119000..0x1303a8
[2026-08-29T14:50:09Z DEBUG goblin::pe::utils] Found in section .rdata(1), remapped into offset 0x12e546
[2026-08-29T14:50:09Z DEBUG goblin::pe::utils] Checking .text for 0xc13c0 ∈ 0x1000..0x118124
[2026-08-29T14:50:09Z DEBUG goblin::pe::utils] Found in section .text(0), remapped into offset 0xc07c0
[2026-08-29T14:50:09Z DEBUG goblin::pe::utils] Checking .text for 0x12ff4f ∈ 0x1000..0x118124
[2026-08-29T14:50:09Z DEBUG goblin::pe::utils] Checking .rdata for 0x12ff4f ∈ 0x119000..0x1303a8
[2026-08-29T14:50:09Z DEBUG goblin::pe::utils] Found in section .rdata(1), remapped into offset 0x12e54f
[2026-08-29T14:50:09Z DEBUG goblin::pe::utils] Checking .text for 0xc1328 ∈ 0x1000..0x118124
[2026-08-29T14:50:09Z DEBUG goblin::pe::utils] Found in section .text(0), remapped into offset 0xc0728
[2026-08-29T14:50:09Z DEBUG goblin::pe::utils] Checking .text for 0x12ff61 ∈ 0x1000..0x118124
[2026-08-29T14:50:09Z DEBUG goblin::pe::utils] Checking .rdata for 0x12ff61 ∈ 0x119000..0x1303a8
[2026-08-29T14:50:09Z DEBUG goblin::pe::utils] Found in section .rdata(1), remapped into offset 0x12e561
[2026-08-29T14:50:09Z DEBUG goblin::pe::utils] Checking .text for 0xda8cc ∈ 0x1000..0x118124
[2026-08-29T14:50:09Z DEBUG goblin::pe::utils] Found in section .text(0), remapped into offset 0xd9ccc
[2026-08-29T14:50:09Z DEBUG goblin::pe::utils] Checking .text for 0x12ff74 ∈ 0x1000..0x118124
[2026-08-29T14:50:09Z DEBUG goblin::pe::utils] Checking .rdata for 0x12ff74 ∈ 0x119000..0x1303a8
[2026-08-29T14:50:09Z DEBUG goblin::pe::utils] Found in section .rdata(1), remapped into offset 0x12e574
[2026-08-29T14:50:09Z DEBUG goblin::pe::utils] Checking .text for 0xda7e4 ∈ 0x1000..0x118124
[2026-08-29T14:50:09Z DEBUG goblin::pe::utils] Found in section .text(0), remapped into offset 0xd9be4
[2026-08-29T14:50:09Z DEBUG goblin::pe::utils] Checking .text for 0x12ff81 ∈ 0x1000..0x118124
[2026-08-29T14:50:09Z DEBUG goblin::pe::utils] Checking .rdata for 0x12ff81 ∈ 0x119000..0x1303a8
[2026-08-29T14:50:09Z DEBUG goblin::pe::utils] Found in section .rdata(1), remapped into offset 0x12e581
[2026-08-29T14:50:09Z DEBUG goblin::pe::utils] Checking .text for 0xda71c ∈ 0x1000..0x118124
[2026-08-29T14:50:09Z DEBUG goblin::pe::utils] Found in section .text(0), remapped into offset 0xd9b1c
[2026-08-29T14:50:09Z DEBUG goblin::pe::utils] Checking .text for 0x12ff90 ∈ 0x1000..0x118124
[2026-08-29T14:50:09Z DEBUG goblin::pe::utils] Checking .rdata for 0x12ff90 ∈ 0x119000..0x1303a8
[2026-08-29T14:50:09Z DEBUG goblin::pe::utils] Found in section .rdata(1), remapped into offset 0x12e590
[2026-08-29T14:50:09Z DEBUG goblin::pe::utils] Checking .text for 0xda854 ∈ 0x1000..0x118124
[2026-08-29T14:50:09Z DEBUG goblin::pe::utils] Found in section .text(0), remapped into offset 0xd9c54
[2026-08-29T14:50:09Z DEBUG goblin::pe::utils] Checking .text for 0x12ff9e ∈ 0x1000..0x118124
[2026-08-29T14:50:09Z DEBUG goblin::pe::utils] Checking .rdata for 0x12ff9e ∈ 0x119000..0x1303a8
[2026-08-29T14:50:09Z DEBUG goblin::pe::utils] Found in section .rdata(1), remapped into offset 0x12e59e
[2026-08-29T14:50:09Z DEBUG goblin::pe::utils] Checking .text for 0xda9ac ∈ 0x1000..0x118124
[2026-08-29T14:50:09Z DEBUG goblin::pe::utils] Found in section .text(0), remapped into offset 0xd9dac
[2026-08-29T14:50:09Z DEBUG goblin::pe::utils] Checking .text for 0x12ffab ∈ 0x1000..0x118124
[2026-08-29T14:50:09Z DEBUG goblin::pe::utils] Checking .rdata for 0x12ffab ∈ 0x119000..0x1303a8
[2026-08-29T14:50:09Z DEBUG goblin::pe::utils] Found in section .rdata(1), remapped into offset 0x12e5ab
[2026-08-29T14:50:09Z DEBUG goblin::pe::utils] Checking .text for 0xdaa14 ∈ 0x1000..0x118124
[2026-08-29T14:50:09Z DEBUG goblin::pe::utils] Found in section .text(0), remapped into offset 0xd9e14
[2026-08-29T14:50:09Z DEBUG goblin::pe::utils] Checking .text for 0x12ffb8 ∈ 0x1000..0x118124
[2026-08-29T14:50:09Z DEBUG goblin::pe::utils] Checking .rdata for 0x12ffb8 ∈ 0x119000..0x1303a8
[2026-08-29T14:50:09Z DEBUG goblin::pe::utils] Found in section .rdata(1), remapped into offset 0x12e5b8
[2026-08-29T14:50:09Z DEBUG goblin::pe::utils] Checking .text for 0xdaa80 ∈ 0x1000..0x118124
[2026-08-29T14:50:09Z DEBUG goblin::pe::utils] Found in section .text(0), remapped into offset 0xd9e80
[2026-08-29T14:50:09Z DEBUG goblin::pe::utils] Checking .text for 0x12ffc5 ∈ 0x1000..0x118124
[2026-08-29T14:50:09Z DEBUG goblin::pe::utils] Checking .rdata for 0x12ffc5 ∈ 0x119000..0x1303a8
[2026-08-29T14:50:09Z DEBUG goblin::pe::utils] Found in section .rdata(1), remapped into offset 0x12e5c5
[2026-08-29T14:50:09Z DEBUG goblin::pe::utils] Checking .text for 0xda984 ∈ 0x1000..0x118124
[2026-08-29T14:50:09Z DEBUG goblin::pe::utils] Found in section .text(0), remapped into offset 0xd9d84
[2026-08-29T14:50:09Z DEBUG goblin::pe::utils] Checking .text for 0x12ffd2 ∈ 0x1000..0x118124
[2026-08-29T14:50:09Z DEBUG goblin::pe::utils] Checking .rdata for 0x12ffd2 ∈ 0x119000..0x1303a8
[2026-08-29T14:50:09Z DEBUG goblin::pe::utils] Found in section .rdata(1), remapped into offset 0x12e5d2
[2026-08-29T14:50:09Z DEBUG goblin::pe::utils] Checking .text for 0xda9ec ∈ 0x1000..0x118124
[2026-08-29T14:50:09Z DEBUG goblin::pe::utils] Found in section .text(0), remapped into offset 0xd9dec
[2026-08-29T14:50:09Z DEBUG goblin::pe::utils] Checking .text for 0x12ffdf ∈ 0x1000..0x118124
[2026-08-29T14:50:09Z DEBUG goblin::pe::utils] Checking .rdata for 0x12ffdf ∈ 0x119000..0x1303a8
[2026-08-29T14:50:09Z DEBUG goblin::pe::utils] Found in section .rdata(1), remapped into offset 0x12e5df
[2026-08-29T14:50:09Z DEBUG goblin::pe::utils] Checking .text for 0xdaa54 ∈ 0x1000..0x118124
[2026-08-29T14:50:09Z DEBUG goblin::pe::utils] Found in section .text(0), remapped into offset 0xd9e54
[2026-08-29T14:50:09Z DEBUG goblin::pe::utils] Checking .text for 0x12ffec ∈ 0x1000..0x118124
[2026-08-29T14:50:09Z DEBUG goblin::pe::utils] Checking .rdata for 0x12ffec ∈ 0x119000..0x1303a8
[2026-08-29T14:50:09Z DEBUG goblin::pe::utils] Found in section .rdata(1), remapped into offset 0x12e5ec
[2026-08-29T14:50:09Z DEBUG goblin::pe::utils] Checking .text for 0xd9ab0 ∈ 0x1000..0x118124
[2026-08-29T14:50:09Z DEBUG goblin::pe::utils] Found in section .text(0), remapped into offset 0xd8eb0
[2026-08-29T14:50:09Z DEBUG goblin::pe::utils] Checking .text for 0x12fffc ∈ 0x1000..0x118124
[2026-08-29T14:50:09Z DEBUG goblin::pe::utils] Checking .rdata for 0x12fffc ∈ 0x119000..0x1303a8
[2026-08-29T14:50:09Z DEBUG goblin::pe::utils] Found in section .rdata(1), remapped into offset 0x12e5fc
[2026-08-29T14:50:09Z DEBUG goblin::pe::utils] Checking .text for 0xc61d0 ∈ 0x1000..0x118124
[2026-08-29T14:50:09Z DEBUG goblin::pe::utils] Found in section .text(0), remapped into offset 0xc55d0
[2026-08-29T14:50:09Z DEBUG goblin::pe::utils] Checking .text for 0x13000c ∈ 0x1000..0x118124
[2026-08-29T14:50:09Z DEBUG goblin::pe::utils] Checking .rdata for 0x13000c ∈ 0x119000..0x1303a8
[2026-08-29T14:50:09Z DEBUG goblin::pe::utils] Found in section .rdata(1), remapped into offset 0x12e60c
[2026-08-29T14:50:09Z DEBUG goblin::pe::utils] Checking .text for 0xd9eb4 ∈ 0x1000..0x118124
[2026-08-29T14:50:09Z DEBUG goblin::pe::utils] Found in section .text(0), remapped into offset 0xd92b4
[2026-08-29T14:50:09Z DEBUG goblin::pe::utils] Checking .text for 0x130018 ∈ 0x1000..0x118124
[2026-08-29T14:50:09Z DEBUG goblin::pe::utils] Checking .rdata for 0x130018 ∈ 0x119000..0x1303a8
[2026-08-29T14:50:09Z DEBUG goblin::pe::utils] Found in section .rdata(1), remapped into offset 0x12e618
[2026-08-29T14:50:09Z DEBUG goblin::pe::utils] Checking .text for 0xd9da0 ∈ 0x1000..0x118124
[2026-08-29T14:50:09Z DEBUG goblin::pe::utils] Found in section .text(0), remapped into offset 0xd91a0
[2026-08-29T14:50:09Z DEBUG goblin::pe::utils] Checking .text for 0x130027 ∈ 0x1000..0x118124
[2026-08-29T14:50:09Z DEBUG goblin::pe::utils] Checking .rdata for 0x130027 ∈ 0x119000..0x1303a8
[2026-08-29T14:50:09Z DEBUG goblin::pe::utils] Found in section .rdata(1), remapped into offset 0x12e627
[2026-08-29T14:50:09Z DEBUG goblin::pe::utils] Checking .text for 0xd9e8c ∈ 0x1000..0x118124
[2026-08-29T14:50:09Z DEBUG goblin::pe::utils] Found in section .text(0), remapped into offset 0xd928c
[2026-08-29T14:50:09Z DEBUG goblin::pe::utils] Checking .text for 0x130034 ∈ 0x1000..0x118124
[2026-08-29T14:50:09Z DEBUG goblin::pe::utils] Checking .rdata for 0x130034 ∈ 0x119000..0x1303a8
[2026-08-29T14:50:09Z DEBUG goblin::pe::utils] Found in section .rdata(1), remapped into offset 0x12e634
[2026-08-29T14:50:09Z DEBUG goblin::pe::utils] Checking .text for 0xd9e10 ∈ 0x1000..0x118124
[2026-08-29T14:50:09Z DEBUG goblin::pe::utils] Found in section .text(0), remapped into offset 0xd9210
[2026-08-29T14:50:09Z DEBUG goblin::pe::utils] Checking .text for 0x130040 ∈ 0x1000..0x118124
[2026-08-29T14:50:09Z DEBUG goblin::pe::utils] Checking .rdata for 0x130040 ∈ 0x119000..0x1303a8
[2026-08-29T14:50:09Z DEBUG goblin::pe::utils] Found in section .rdata(1), remapped into offset 0x12e640
[2026-08-29T14:50:09Z DEBUG goblin::pe::utils] Checking .text for 0xd9d20 ∈ 0x1000..0x118124
[2026-08-29T14:50:09Z DEBUG goblin::pe::utils] Found in section .text(0), remapped into offset 0xd9120
[2026-08-29T14:50:09Z DEBUG goblin::pe::utils] Checking .text for 0x130053 ∈ 0x1000..0x118124
[2026-08-29T14:50:09Z DEBUG goblin::pe::utils] Checking .rdata for 0x130053 ∈ 0x119000..0x1303a8
[2026-08-29T14:50:09Z DEBUG goblin::pe::utils] Found in section .rdata(1), remapped into offset 0x12e653
[2026-08-29T14:50:09Z DEBUG goblin::pe::utils] Checking .text for 0xc4a68 ∈ 0x1000..0x118124
[2026-08-29T14:50:09Z DEBUG goblin::pe::utils] Found in section .text(0), remapped into offset 0xc3e68
[2026-08-29T14:50:09Z DEBUG goblin::pe::utils] Checking .text for 0x130060 ∈ 0x1000..0x118124
[2026-08-29T14:50:09Z DEBUG goblin::pe::utils] Checking .rdata for 0x130060 ∈ 0x119000..0x1303a8
[2026-08-29T14:50:09Z DEBUG goblin::pe::utils] Found in section .rdata(1), remapped into offset 0x12e660
[2026-08-29T14:50:09Z DEBUG goblin::pe::utils] Checking .text for 0xc4c84 ∈ 0x1000..0x118124
[2026-08-29T14:50:09Z DEBUG goblin::pe::utils] Found in section .text(0), remapped into offset 0xc4084
[2026-08-29T14:50:09Z DEBUG goblin::pe::utils] Checking .text for 0x130070 ∈ 0x1000..0x118124
[2026-08-29T14:50:09Z DEBUG goblin::pe::utils] Checking .rdata for 0x130070 ∈ 0x119000..0x1303a8
[2026-08-29T14:50:09Z DEBUG goblin::pe::utils] Found in section .rdata(1), remapped into offset 0x12e670
[2026-08-29T14:50:09Z DEBUG goblin::pe::utils] Checking .text for 0xc4934 ∈ 0x1000..0x118124
[2026-08-29T14:50:09Z DEBUG goblin::pe::utils] Found in section .text(0), remapped into offset 0xc3d34
[2026-08-29T14:50:09Z DEBUG goblin::pe::utils] Checking .text for 0x130080 ∈ 0x1000..0x118124
[2026-08-29T14:50:09Z DEBUG goblin::pe::utils] Checking .rdata for 0x130080 ∈ 0x119000..0x1303a8
[2026-08-29T14:50:09Z DEBUG goblin::pe::utils] Found in section .rdata(1), remapped into offset 0x12e680
[2026-08-29T14:50:09Z DEBUG goblin::pe::utils] Checking .text for 0xc2d68 ∈ 0x1000..0x118124
[2026-08-29T14:50:09Z DEBUG goblin::pe::utils] Found in section .text(0), remapped into offset 0xc2168
[2026-08-29T14:50:09Z DEBUG goblin::pe::utils] Checking .text for 0x13008e ∈ 0x1000..0x118124
[2026-08-29T14:50:09Z DEBUG goblin::pe::utils] Checking .rdata for 0x13008e ∈ 0x119000..0x1303a8
[2026-08-29T14:50:09Z DEBUG goblin::pe::utils] Found in section .rdata(1), remapped into offset 0x12e68e
[2026-08-29T14:50:09Z DEBUG goblin::pe::utils] Checking .text for 0xc9b94 ∈ 0x1000..0x118124
[2026-08-29T14:50:09Z DEBUG goblin::pe::utils] Found in section .text(0), remapped into offset 0xc8f94
[2026-08-29T14:50:09Z DEBUG goblin::pe::utils] Checking .text for 0x13009c ∈ 0x1000..0x118124
[2026-08-29T14:50:09Z DEBUG goblin::pe::utils] Checking .rdata for 0x13009c ∈ 0x119000..0x1303a8
[2026-08-29T14:50:09Z DEBUG goblin::pe::utils] Found in section .rdata(1), remapped into offset 0x12e69c
[2026-08-29T14:50:09Z DEBUG goblin::pe::utils] Checking .text for 0xc6450 ∈ 0x1000..0x118124
[2026-08-29T14:50:09Z DEBUG goblin::pe::utils] Found in section .text(0), remapped into offset 0xc5850
[2026-08-29T14:50:09Z DEBUG goblin::pe::utils] Checking .text for 0x1300a9 ∈ 0x1000..0x118124
[2026-08-29T14:50:09Z DEBUG goblin::pe::utils] Checking .rdata for 0x1300a9 ∈ 0x119000..0x1303a8
[2026-08-29T14:50:09Z DEBUG goblin::pe::utils] Found in section .rdata(1), remapped into offset 0x12e6a9
[2026-08-29T14:50:09Z DEBUG goblin::pe::utils] Checking .text for 0xc42dc ∈ 0x1000..0x118124
[2026-08-29T14:50:09Z DEBUG goblin::pe::utils] Found in section .text(0), remapped into offset 0xc36dc
[2026-08-29T14:50:09Z DEBUG goblin::pe::utils] Checking .text for 0x1300bc ∈ 0x1000..0x118124
[2026-08-29T14:50:09Z DEBUG goblin::pe::utils] Checking .rdata for 0x1300bc ∈ 0x119000..0x1303a8
[2026-08-29T14:50:09Z DEBUG goblin::pe::utils] Found in section .rdata(1), remapped into offset 0x12e6bc
[2026-08-29T14:50:09Z DEBUG goblin::pe::utils] Checking .text for 0xc93e0 ∈ 0x1000..0x118124
[2026-08-29T14:50:09Z DEBUG goblin::pe::utils] Found in section .text(0), remapped into offset 0xc87e0
[2026-08-29T14:50:09Z DEBUG goblin::pe::utils] Checking .text for 0x1300cc ∈ 0x1000..0x118124
[2026-08-29T14:50:09Z DEBUG goblin::pe::utils] Checking .rdata for 0x1300cc ∈ 0x119000..0x1303a8
[2026-08-29T14:50:09Z DEBUG goblin::pe::utils] Found in section .rdata(1), remapped into offset 0x12e6cc
[2026-08-29T14:50:09Z DEBUG goblin::pe::utils] Checking .text for 0xd9aa0 ∈ 0x1000..0x118124
[2026-08-29T14:50:09Z DEBUG goblin::pe::utils] Found in section .text(0), remapped into offset 0xd8ea0
[2026-08-29T14:50:09Z DEBUG goblin::pe::utils] Checking .text for 0x1300e0 ∈ 0x1000..0x118124
[2026-08-29T14:50:09Z DEBUG goblin::pe::utils] Checking .rdata for 0x1300e0 ∈ 0x119000..0x1303a8
[2026-08-29T14:50:09Z DEBUG goblin::pe::utils] Found in section .rdata(1), remapped into offset 0x12e6e0
[2026-08-29T14:50:09Z DEBUG goblin::pe::utils] Checking .text for 0xc2c28 ∈ 0x1000..0x118124
[2026-08-29T14:50:09Z DEBUG goblin::pe::utils] Found in section .text(0), remapped into offset 0xc2028
[2026-08-29T14:50:09Z DEBUG goblin::pe::utils] Checking .text for 0x1300ef ∈ 0x1000..0x118124
[2026-08-29T14:50:09Z DEBUG goblin::pe::utils] Checking .rdata for 0x1300ef ∈ 0x119000..0x1303a8
[2026-08-29T14:50:09Z DEBUG goblin::pe::utils] Found in section .rdata(1), remapped into offset 0x12e6ef
[2026-08-29T14:50:09Z DEBUG goblin::pe::utils] Checking .text for 0xc62d0 ∈ 0x1000..0x118124
[2026-08-29T14:50:09Z DEBUG goblin::pe::utils] Found in section .text(0), remapped into offset 0xc56d0
[2026-08-29T14:50:09Z DEBUG goblin::pe::utils] Checking .text for 0x1300fc ∈ 0x1000..0x118124
[2026-08-29T14:50:09Z DEBUG goblin::pe::utils] Checking .rdata for 0x1300fc ∈ 0x119000..0x1303a8
[2026-08-29T14:50:09Z DEBUG goblin::pe::utils] Found in section .rdata(1), remapped into offset 0x12e6fc
[2026-08-29T14:50:09Z DEBUG goblin::pe::utils] Checking .text for 0xc1d7c ∈ 0x1000..0x118124
[2026-08-29T14:50:09Z DEBUG goblin::pe::utils] Found in section .text(0), remapped into offset 0xc117c
[2026-08-29T14:50:09Z DEBUG goblin::pe::utils] Checking .text for 0x13010d ∈ 0x1000..0x118124
[2026-08-29T14:50:09Z DEBUG goblin::pe::utils] Checking .rdata for 0x13010d ∈ 0x119000..0x1303a8
[2026-08-29T14:50:09Z DEBUG goblin::pe::utils] Found in section .rdata(1), remapped into offset 0x12e70d
[2026-08-29T14:50:09Z DEBUG goblin::pe::utils] Checking .text for 0xc9e1c ∈ 0x1000..0x118124
[2026-08-29T14:50:09Z DEBUG goblin::pe::utils] Found in section .text(0), remapped into offset 0xc921c
[2026-08-29T14:50:09Z DEBUG goblin::pe::utils] Checking .text for 0x13011c ∈ 0x1000..0x118124
[2026-08-29T14:50:09Z DEBUG goblin::pe::utils] Checking .rdata for 0x13011c ∈ 0x119000..0x1303a8
[2026-08-29T14:50:09Z DEBUG goblin::pe::utils] Found in section .rdata(1), remapped into offset 0x12e71c
[2026-08-29T14:50:09Z DEBUG goblin::pe::utils] Checking .text for 0xcfe80 ∈ 0x1000..0x118124
[2026-08-29T14:50:09Z DEBUG goblin::pe::utils] Found in section .text(0), remapped into offset 0xcf280
[2026-08-29T14:50:09Z DEBUG goblin::pe::utils] Checking .text for 0x130129 ∈ 0x1000..0x118124
[2026-08-29T14:50:09Z DEBUG goblin::pe::utils] Checking .rdata for 0x130129 ∈ 0x119000..0x1303a8
[2026-08-29T14:50:09Z DEBUG goblin::pe::utils] Found in section .rdata(1), remapped into offset 0x12e729
[2026-08-29T14:50:09Z DEBUG goblin::pe::utils] Checking .text for 0xe3bc0 ∈ 0x1000..0x118124
[2026-08-29T14:50:09Z DEBUG goblin::pe::utils] Found in section .text(0), remapped into offset 0xe2fc0
[2026-08-29T14:50:09Z DEBUG goblin::pe::utils] Checking .text for 0x13013a ∈ 0x1000..0x118124
[2026-08-29T14:50:09Z DEBUG goblin::pe::utils] Checking .rdata for 0x13013a ∈ 0x119000..0x1303a8
[2026-08-29T14:50:09Z DEBUG goblin::pe::utils] Found in section .rdata(1), remapped into offset 0x12e73a
[2026-08-29T14:50:09Z DEBUG goblin::pe::utils] Checking .text for 0xc74b8 ∈ 0x1000..0x118124
[2026-08-29T14:50:09Z DEBUG goblin::pe::utils] Found in section .text(0), remapped into offset 0xc68b8
[2026-08-29T14:50:09Z DEBUG goblin::pe::utils] Checking .text for 0x13014a ∈ 0x1000..0x118124
[2026-08-29T14:50:09Z DEBUG goblin::pe::utils] Checking .rdata for 0x13014a ∈ 0x119000..0x1303a8
[2026-08-29T14:50:09Z DEBUG goblin::pe::utils] Found in section .rdata(1), remapped into offset 0x12e74a
[2026-08-29T14:50:09Z DEBUG goblin::pe::utils] Checking .text for 0xc554c ∈ 0x1000..0x118124
[2026-08-29T14:50:09Z DEBUG goblin::pe::utils] Found in section .text(0), remapped into offset 0xc494c
[2026-08-29T14:50:09Z DEBUG goblin::pe::utils] Checking .text for 0x13015c ∈ 0x1000..0x118124
[2026-08-29T14:50:09Z DEBUG goblin::pe::utils] Checking .rdata for 0x13015c ∈ 0x119000..0x1303a8
[2026-08-29T14:50:09Z DEBUG goblin::pe::utils] Found in section .rdata(1), remapped into offset 0x12e75c
[2026-08-29T14:50:09Z DEBUG goblin::pe::utils] Checking .text for 0xd9c4c ∈ 0x1000..0x118124
[2026-08-29T14:50:09Z DEBUG goblin::pe::utils] Found in section .text(0), remapped into offset 0xd904c
[2026-08-29T14:50:09Z DEBUG goblin::pe::utils] Checking .text for 0x13016e ∈ 0x1000..0x118124
[2026-08-29T14:50:09Z DEBUG goblin::pe::utils] Checking .rdata for 0x13016e ∈ 0x119000..0x1303a8
[2026-08-29T14:50:09Z DEBUG goblin::pe::utils] Found in section .rdata(1), remapped into offset 0x12e76e
[2026-08-29T14:50:09Z DEBUG goblin::pe::utils] Checking .text for 0xc2518 ∈ 0x1000..0x118124
[2026-08-29T14:50:09Z DEBUG goblin::pe::utils] Found in section .text(0), remapped into offset 0xc1918
[2026-08-29T14:50:09Z DEBUG goblin::pe::utils] Checking .text for 0x13017d ∈ 0x1000..0x118124
[2026-08-29T14:50:09Z DEBUG goblin::pe::utils] Checking .rdata for 0x13017d ∈ 0x119000..0x1303a8
[2026-08-29T14:50:09Z DEBUG goblin::pe::utils] Found in section .rdata(1), remapped into offset 0x12e77d
[2026-08-29T14:50:09Z DEBUG goblin::pe::utils] Checking .text for 0xc258c ∈ 0x1000..0x118124
[2026-08-29T14:50:09Z DEBUG goblin::pe::utils] Found in section .text(0), remapped into offset 0xc198c
[2026-08-29T14:50:09Z DEBUG goblin::pe::utils] Checking .text for 0x13018d ∈ 0x1000..0x118124
[2026-08-29T14:50:09Z DEBUG goblin::pe::utils] Checking .rdata for 0x13018d ∈ 0x119000..0x1303a8
[2026-08-29T14:50:09Z DEBUG goblin::pe::utils] Found in section .rdata(1), remapped into offset 0x12e78d
[2026-08-29T14:50:09Z DEBUG goblin::pe::utils] Checking .text for 0xc4e90 ∈ 0x1000..0x118124
[2026-08-29T14:50:09Z DEBUG goblin::pe::utils] Found in section .text(0), remapped into offset 0xc4290
[2026-08-29T14:50:09Z DEBUG goblin::pe::utils] Checking .text for 0x13019b ∈ 0x1000..0x118124
[2026-08-29T14:50:09Z DEBUG goblin::pe::utils] Checking .rdata for 0x13019b ∈ 0x119000..0x1303a8
[2026-08-29T14:50:09Z DEBUG goblin::pe::utils] Found in section .rdata(1), remapped into offset 0x12e79b
[2026-08-29T14:50:09Z DEBUG goblin::pe::utils] Checking .text for 0xc16e0 ∈ 0x1000..0x118124
[2026-08-29T14:50:09Z DEBUG goblin::pe::utils] Found in section .text(0), remapped into offset 0xc0ae0
[2026-08-29T14:50:09Z DEBUG goblin::pe::utils] Checking .text for 0x1301af ∈ 0x1000..0x118124
[2026-08-29T14:50:09Z DEBUG goblin::pe::utils] Checking .rdata for 0x1301af ∈ 0x119000..0x1303a8
[2026-08-29T14:50:09Z DEBUG goblin::pe::utils] Found in section .rdata(1), remapped into offset 0x12e7af
[2026-08-29T14:50:09Z DEBUG goblin::pe::utils] Checking .text for 0xc142c ∈ 0x1000..0x118124
[2026-08-29T14:50:09Z DEBUG goblin::pe::utils] Found in section .text(0), remapped into offset 0xc082c
[2026-08-29T14:50:09Z DEBUG goblin::pe::utils] Checking .text for 0x1301bd ∈ 0x1000..0x118124
[2026-08-29T14:50:09Z DEBUG goblin::pe::utils] Checking .rdata for 0x1301bd ∈ 0x119000..0x1303a8
[2026-08-29T14:50:09Z DEBUG goblin::pe::utils] Found in section .rdata(1), remapped into offset 0x12e7bd
[2026-08-29T14:50:09Z DEBUG goblin::pe::utils] Checking .text for 0xc17cc ∈ 0x1000..0x118124
[2026-08-29T14:50:09Z DEBUG goblin::pe::utils] Found in section .text(0), remapped into offset 0xc0bcc
[2026-08-29T14:50:09Z DEBUG goblin::pe::utils] Checking .text for 0x1301cd ∈ 0x1000..0x118124
[2026-08-29T14:50:09Z DEBUG goblin::pe::utils] Checking .rdata for 0x1301cd ∈ 0x119000..0x1303a8
[2026-08-29T14:50:09Z DEBUG goblin::pe::utils] Found in section .rdata(1), remapped into offset 0x12e7cd
[2026-08-29T14:50:09Z DEBUG goblin::pe::utils] Checking .text for 0xc2d90 ∈ 0x1000..0x118124
[2026-08-29T14:50:09Z DEBUG goblin::pe::utils] Found in section .text(0), remapped into offset 0xc2190
[2026-08-29T14:50:09Z DEBUG goblin::pe::utils] Checking .text for 0x1301db ∈ 0x1000..0x118124
[2026-08-29T14:50:09Z DEBUG goblin::pe::utils] Checking .rdata for 0x1301db ∈ 0x119000..0x1303a8
[2026-08-29T14:50:09Z DEBUG goblin::pe::utils] Found in section .rdata(1), remapped into offset 0x12e7db
[2026-08-29T14:50:09Z DEBUG goblin::pe::utils] Checking .text for 0xc3214 ∈ 0x1000..0x118124
[2026-08-29T14:50:09Z DEBUG goblin::pe::utils] Found in section .text(0), remapped into offset 0xc2614
[2026-08-29T14:50:09Z DEBUG goblin::pe::utils] Checking .text for 0x1301ed ∈ 0x1000..0x118124
[2026-08-29T14:50:09Z DEBUG goblin::pe::utils] Checking .rdata for 0x1301ed ∈ 0x119000..0x1303a8
[2026-08-29T14:50:09Z DEBUG goblin::pe::utils] Found in section .rdata(1), remapped into offset 0x12e7ed
[2026-08-29T14:50:09Z DEBUG goblin::pe::utils] Checking .text for 0xc3674 ∈ 0x1000..0x118124
[2026-08-29T14:50:09Z DEBUG goblin::pe::utils] Found in section .text(0), remapped into offset 0xc2a74
[2026-08-29T14:50:09Z DEBUG goblin::pe::utils] Checking .text for 0x1301fe ∈ 0x1000..0x118124
[2026-08-29T14:50:09Z DEBUG goblin::pe::utils] Checking .rdata for 0x1301fe ∈ 0x119000..0x1303a8
[2026-08-29T14:50:09Z DEBUG goblin::pe::utils] Found in section .rdata(1), remapped into offset 0x12e7fe
[2026-08-29T14:50:09Z DEBUG goblin::pe::utils] Checking .text for 0xc3754 ∈ 0x1000..0x118124
[2026-08-29T14:50:09Z DEBUG goblin::pe::utils] Found in section .text(0), remapped into offset 0xc2b54
[2026-08-29T14:50:09Z DEBUG goblin::pe::utils] Checking .text for 0x130213 ∈ 0x1000..0x118124
[2026-08-29T14:50:09Z DEBUG goblin::pe::utils] Checking .rdata for 0x130213 ∈ 0x119000..0x1303a8
[2026-08-29T14:50:09Z DEBUG goblin::pe::utils] Found in section .rdata(1), remapped into offset 0x12e813
[2026-08-29T14:50:09Z DEBUG goblin::pe::utils] Checking .text for 0xc30e4 ∈ 0x1000..0x118124
[2026-08-29T14:50:09Z DEBUG goblin::pe::utils] Found in section .text(0), remapped into offset 0xc24e4
[2026-08-29T14:50:09Z DEBUG goblin::pe::utils] Checking .text for 0x130225 ∈ 0x1000..0x118124
[2026-08-29T14:50:09Z DEBUG goblin::pe::utils] Checking .rdata for 0x130225 ∈ 0x119000..0x1303a8
[2026-08-29T14:50:09Z DEBUG goblin::pe::utils] Found in section .rdata(1), remapped into offset 0x12e825
[2026-08-29T14:50:09Z DEBUG goblin::pe::utils] Checking .text for 0xc350c ∈ 0x1000..0x118124
[2026-08-29T14:50:09Z DEBUG goblin::pe::utils] Found in section .text(0), remapped into offset 0xc290c
[2026-08-29T14:50:09Z DEBUG goblin::pe::utils] Checking .text for 0x130234 ∈ 0x1000..0x118124
[2026-08-29T14:50:09Z DEBUG goblin::pe::utils] Checking .rdata for 0x130234 ∈ 0x119000..0x1303a8
[2026-08-29T14:50:09Z DEBUG goblin::pe::utils] Found in section .rdata(1), remapped into offset 0x12e834
[2026-08-29T14:50:09Z DEBUG goblin::pe::utils] Checking .text for 0xc3784 ∈ 0x1000..0x118124
[2026-08-29T14:50:09Z DEBUG goblin::pe::utils] Found in section .text(0), remapped into offset 0xc2b84
[2026-08-29T14:50:09Z DEBUG goblin::pe::utils] Checking .text for 0x13024c ∈ 0x1000..0x118124
[2026-08-29T14:50:09Z DEBUG goblin::pe::utils] Checking .rdata for 0x13024c ∈ 0x119000..0x1303a8
[2026-08-29T14:50:09Z DEBUG goblin::pe::utils] Found in section .rdata(1), remapped into offset 0x12e84c
[2026-08-29T14:50:09Z DEBUG goblin::pe::utils] Checking .text for 0xc41b8 ∈ 0x1000..0x118124
[2026-08-29T14:50:09Z DEBUG goblin::pe::utils] Found in section .text(0), remapped into offset 0xc35b8
[2026-08-29T14:50:09Z DEBUG goblin::pe::utils] Checking .text for 0x13025a ∈ 0x1000..0x118124
[2026-08-29T14:50:09Z DEBUG goblin::pe::utils] Checking .rdata for 0x13025a ∈ 0x119000..0x1303a8
[2026-08-29T14:50:09Z DEBUG goblin::pe::utils] Found in section .rdata(1), remapped into offset 0x12e85a
[2026-08-29T14:50:09Z DEBUG goblin::pe::utils] Checking .text for 0xd0394 ∈ 0x1000..0x118124
[2026-08-29T14:50:09Z DEBUG goblin::pe::utils] Found in section .text(0), remapped into offset 0xcf794
[2026-08-29T14:50:09Z DEBUG goblin::pe::utils] Checking .text for 0x130269 ∈ 0x1000..0x118124
[2026-08-29T14:50:09Z DEBUG goblin::pe::utils] Checking .rdata for 0x130269 ∈ 0x119000..0x1303a8
[2026-08-29T14:50:09Z DEBUG goblin::pe::utils] Found in section .rdata(1), remapped into offset 0x12e869
[2026-08-29T14:50:09Z DEBUG goblin::pe::utils] Checking .text for 0xc9eec ∈ 0x1000..0x118124
[2026-08-29T14:50:09Z DEBUG goblin::pe::utils] Found in section .text(0), remapped into offset 0xc92ec
[2026-08-29T14:50:09Z DEBUG goblin::pe::utils] Checking .text for 0x130277 ∈ 0x1000..0x118124
[2026-08-29T14:50:09Z DEBUG goblin::pe::utils] Checking .rdata for 0x130277 ∈ 0x119000..0x1303a8
[2026-08-29T14:50:09Z DEBUG goblin::pe::utils] Found in section .rdata(1), remapped into offset 0x12e877
[2026-08-29T14:50:09Z DEBUG goblin::pe::utils] Checking .text for 0xc1394 ∈ 0x1000..0x118124
[2026-08-29T14:50:09Z DEBUG goblin::pe::utils] Found in section .text(0), remapped into offset 0xc0794
[2026-08-29T14:50:09Z DEBUG goblin::pe::utils] Checking .text for 0x130283 ∈ 0x1000..0x118124
[2026-08-29T14:50:09Z DEBUG goblin::pe::utils] Checking .rdata for 0x130283 ∈ 0x119000..0x1303a8
[2026-08-29T14:50:09Z DEBUG goblin::pe::utils] Found in section .rdata(1), remapped into offset 0x12e883
[2026-08-29T14:50:09Z DEBUG goblin::pe::utils] Checking .text for 0xdab00 ∈ 0x1000..0x118124
[2026-08-29T14:50:09Z DEBUG goblin::pe::utils] Found in section .text(0), remapped into offset 0xd9f00
[2026-08-29T14:50:09Z DEBUG goblin::pe::utils] Checking .text for 0x130291 ∈ 0x1000..0x118124
[2026-08-29T14:50:09Z DEBUG goblin::pe::utils] Checking .rdata for 0x130291 ∈ 0x119000..0x1303a8
[2026-08-29T14:50:09Z DEBUG goblin::pe::utils] Found in section .rdata(1), remapped into offset 0x12e891
[2026-08-29T14:50:09Z DEBUG goblin::pe::utils] Checking .text for 0xdab54 ∈ 0x1000..0x118124
[2026-08-29T14:50:09Z DEBUG goblin::pe::utils] Found in section .text(0), remapped into offset 0xd9f54
[2026-08-29T14:50:09Z DEBUG goblin::pe::utils] Checking .text for 0x13029f ∈ 0x1000..0x118124
[2026-08-29T14:50:09Z DEBUG goblin::pe::utils] Checking .rdata for 0x13029f ∈ 0x119000..0x1303a8
[2026-08-29T14:50:09Z DEBUG goblin::pe::utils] Found in section .rdata(1), remapped into offset 0x12e89f
[2026-08-29T14:50:09Z DEBUG goblin::pe::utils] Checking .text for 0xdabb8 ∈ 0x1000..0x118124
[2026-08-29T14:50:09Z DEBUG goblin::pe::utils] Found in section .text(0), remapped into offset 0xd9fb8
[2026-08-29T14:50:09Z DEBUG goblin::pe::utils] Checking .text for 0x1302ad ∈ 0x1000..0x118124
[2026-08-29T14:50:09Z DEBUG goblin::pe::utils] Checking .rdata for 0x1302ad ∈ 0x119000..0x1303a8
[2026-08-29T14:50:09Z DEBUG goblin::pe::utils] Found in section .rdata(1), remapped into offset 0x12e8ad
[2026-08-29T14:50:09Z DEBUG goblin::pe::utils] Checking .text for 0xdaadc ∈ 0x1000..0x118124
[2026-08-29T14:50:09Z DEBUG goblin::pe::utils] Found in section .text(0), remapped into offset 0xd9edc
[2026-08-29T14:50:09Z DEBUG goblin::pe::utils] Checking .text for 0x1302bb ∈ 0x1000..0x118124
[2026-08-29T14:50:09Z DEBUG goblin::pe::utils] Checking .rdata for 0x1302bb ∈ 0x119000..0x1303a8
[2026-08-29T14:50:09Z DEBUG goblin::pe::utils] Found in section .rdata(1), remapped into offset 0x12e8bb
[2026-08-29T14:50:09Z DEBUG goblin::pe::utils] Checking .text for 0xdab30 ∈ 0x1000..0x118124
[2026-08-29T14:50:09Z DEBUG goblin::pe::utils] Found in section .text(0), remapped into offset 0xd9f30
[2026-08-29T14:50:09Z DEBUG goblin::pe::utils] Checking .text for 0x1302c9 ∈ 0x1000..0x118124
[2026-08-29T14:50:09Z DEBUG goblin::pe::utils] Checking .rdata for 0x1302c9 ∈ 0x119000..0x1303a8
[2026-08-29T14:50:09Z DEBUG goblin::pe::utils] Found in section .rdata(1), remapped into offset 0x12e8c9
[2026-08-29T14:50:09Z DEBUG goblin::pe::utils] Checking .text for 0xdab94 ∈ 0x1000..0x118124
[2026-08-29T14:50:09Z DEBUG goblin::pe::utils] Found in section .text(0), remapped into offset 0xd9f94
[2026-08-29T14:50:09Z DEBUG goblin::pe::utils] Checking .text for 0x1302d7 ∈ 0x1000..0x118124
[2026-08-29T14:50:09Z DEBUG goblin::pe::utils] Checking .rdata for 0x1302d7 ∈ 0x119000..0x1303a8
[2026-08-29T14:50:09Z DEBUG goblin::pe::utils] Found in section .rdata(1), remapped into offset 0x12e8d7
[2026-08-29T14:50:09Z DEBUG goblin::pe::utils] Checking .text for 0xc69fc ∈ 0x1000..0x118124
[2026-08-29T14:50:09Z DEBUG goblin::pe::utils] Found in section .text(0), remapped into offset 0xc5dfc
[2026-08-29T14:50:09Z DEBUG goblin::pe::utils] Checking .text for 0x1302e2 ∈ 0x1000..0x118124
[2026-08-29T14:50:09Z DEBUG goblin::pe::utils] Checking .rdata for 0x1302e2 ∈ 0x119000..0x1303a8
[2026-08-29T14:50:09Z DEBUG goblin::pe::utils] Found in section .rdata(1), remapped into offset 0x12e8e2
[2026-08-29T14:50:09Z DEBUG goblin::pe::utils] Checking .text for 0xe2db8 ∈ 0x1000..0x118124
[2026-08-29T14:50:09Z DEBUG goblin::pe::utils] Found in section .text(0), remapped into offset 0xe21b8
[2026-08-29T14:50:09Z DEBUG goblin::pe::utils] Checking .text for 0x1302ec ∈ 0x1000..0x118124
[2026-08-29T14:50:09Z DEBUG goblin::pe::utils] Checking .rdata for 0x1302ec ∈ 0x119000..0x1303a8
[2026-08-29T14:50:09Z DEBUG goblin::pe::utils] Found in section .rdata(1), remapped into offset 0x12e8ec
[2026-08-29T14:50:09Z DEBUG goblin::pe::utils] Checking .text for 0xe37b0 ∈ 0x1000..0x118124
[2026-08-29T14:50:09Z DEBUG goblin::pe::utils] Found in section .text(0), remapped into offset 0xe2bb0
[2026-08-29T14:50:09Z DEBUG goblin::pe::utils] Checking .text for 0x1302fc ∈ 0x1000..0x118124
[2026-08-29T14:50:09Z DEBUG goblin::pe::utils] Checking .rdata for 0x1302fc ∈ 0x119000..0x1303a8
[2026-08-29T14:50:09Z DEBUG goblin::pe::utils] Found in section .rdata(1), remapped into offset 0x12e8fc
[2026-08-29T14:50:09Z DEBUG goblin::pe::utils] Checking .text for 0xe2ca4 ∈ 0x1000..0x118124
[2026-08-29T14:50:09Z DEBUG goblin::pe::utils] Found in section .text(0), remapped into offset 0xe20a4
[2026-08-29T14:50:09Z DEBUG goblin::pe::utils] Checking .text for 0x13030b ∈ 0x1000..0x118124
[2026-08-29T14:50:09Z DEBUG goblin::pe::utils] Checking .rdata for 0x13030b ∈ 0x119000..0x1303a8
[2026-08-29T14:50:09Z DEBUG goblin::pe::utils] Found in section .rdata(1), remapped into offset 0x12e90b
[2026-08-29T14:50:09Z DEBUG goblin::pe::utils] Checking .text for 0xe37c8 ∈ 0x1000..0x118124
[2026-08-29T14:50:09Z DEBUG goblin::pe::utils] Found in section .text(0), remapped into offset 0xe2bc8
[2026-08-29T14:50:09Z DEBUG goblin::pe::utils] Checking .text for 0x13031c ∈ 0x1000..0x118124
[2026-08-29T14:50:09Z DEBUG goblin::pe::utils] Checking .rdata for 0x13031c ∈ 0x119000..0x1303a8
[2026-08-29T14:50:09Z DEBUG goblin::pe::utils] Found in section .rdata(1), remapped into offset 0x12e91c
[2026-08-29T14:50:09Z DEBUG goblin::pe::utils] Checking .text for 0xcba0c ∈ 0x1000..0x118124
[2026-08-29T14:50:09Z DEBUG goblin::pe::utils] Found in section .text(0), remapped into offset 0xcae0c
[2026-08-29T14:50:09Z DEBUG goblin::pe::utils] Checking .text for 0x130326 ∈ 0x1000..0x118124
[2026-08-29T14:50:09Z DEBUG goblin::pe::utils] Checking .rdata for 0x130326 ∈ 0x119000..0x1303a8
[2026-08-29T14:50:09Z DEBUG goblin::pe::utils] Found in section .rdata(1), remapped into offset 0x12e926
[2026-08-29T14:50:09Z DEBUG goblin::pe::utils] Checking .text for 0xcafe8 ∈ 0x1000..0x118124
[2026-08-29T14:50:09Z DEBUG goblin::pe::utils] Found in section .text(0), remapped into offset 0xca3e8
[2026-08-29T14:50:09Z DEBUG goblin::pe::utils] Checking .text for 0x130331 ∈ 0x1000..0x118124
[2026-08-29T14:50:09Z DEBUG goblin::pe::utils] Checking .rdata for 0x130331 ∈ 0x119000..0x1303a8
[2026-08-29T14:50:09Z DEBUG goblin::pe::utils] Found in section .rdata(1), remapped into offset 0x12e931
[2026-08-29T14:50:09Z DEBUG goblin::pe::utils] Checking .text for 0xcb038 ∈ 0x1000..0x118124
[2026-08-29T14:50:09Z DEBUG goblin::pe::utils] Found in section .text(0), remapped into offset 0xca438
[2026-08-29T14:50:09Z DEBUG goblin::pe::utils] Checking .text for 0x13033c ∈ 0x1000..0x118124
[2026-08-29T14:50:09Z DEBUG goblin::pe::utils] Checking .rdata for 0x13033c ∈ 0x119000..0x1303a8
[2026-08-29T14:50:09Z DEBUG goblin::pe::utils] Found in section .rdata(1), remapped into offset 0x12e93c
[2026-08-29T14:50:09Z DEBUG goblin::pe::utils] Checking .text for 0xc68b8 ∈ 0x1000..0x118124
[2026-08-29T14:50:09Z DEBUG goblin::pe::utils] Found in section .text(0), remapped into offset 0xc5cb8
[2026-08-29T14:50:09Z DEBUG goblin::pe::utils] Checking .text for 0x130347 ∈ 0x1000..0x118124
[2026-08-29T14:50:09Z DEBUG goblin::pe::utils] Checking .rdata for 0x130347 ∈ 0x119000..0x1303a8
[2026-08-29T14:50:09Z DEBUG goblin::pe::utils] Found in section .rdata(1), remapped into offset 0x12e947
[2026-08-29T14:50:09Z DEBUG goblin::pe::utils] Checking .text for 0xcb8b8 ∈ 0x1000..0x118124
[2026-08-29T14:50:09Z DEBUG goblin::pe::utils] Found in section .text(0), remapped into offset 0xcacb8
[2026-08-29T14:50:09Z DEBUG goblin::pe::utils] Checking .text for 0x130352 ∈ 0x1000..0x118124
[2026-08-29T14:50:09Z DEBUG goblin::pe::utils] Checking .rdata for 0x130352 ∈ 0x119000..0x1303a8
[2026-08-29T14:50:09Z DEBUG goblin::pe::utils] Found in section .rdata(1), remapped into offset 0x12e952
[2026-08-29T14:50:09Z DEBUG goblin::pe::utils] Checking .text for 0xcbc94 ∈ 0x1000..0x118124
[2026-08-29T14:50:09Z DEBUG goblin::pe::utils] Found in section .text(0), remapped into offset 0xcb094
[2026-08-29T14:50:09Z DEBUG goblin::pe::utils] Checking .text for 0x13035f ∈ 0x1000..0x118124
[2026-08-29T14:50:09Z DEBUG goblin::pe::utils] Checking .rdata for 0x13035f ∈ 0x119000..0x1303a8
[2026-08-29T14:50:09Z DEBUG goblin::pe::utils] Found in section .rdata(1), remapped into offset 0x12e95f
[2026-08-29T14:50:09Z DEBUG goblin::pe::utils] Checking .text for 0xcb9ac ∈ 0x1000..0x118124
[2026-08-29T14:50:09Z DEBUG goblin::pe::utils] Found in section .text(0), remapped into offset 0xcadac
[2026-08-29T14:50:09Z DEBUG goblin::pe::utils] Checking .text for 0x13036a ∈ 0x1000..0x118124
[2026-08-29T14:50:09Z DEBUG goblin::pe::utils] Checking .rdata for 0x13036a ∈ 0x119000..0x1303a8
[2026-08-29T14:50:09Z DEBUG goblin::pe::utils] Found in section .rdata(1), remapped into offset 0x12e96a
[2026-08-29T14:50:09Z DEBUG goblin::pe::utils] Checking .text for 0xcb938 ∈ 0x1000..0x118124
[2026-08-29T14:50:09Z DEBUG goblin::pe::utils] Found in section .text(0), remapped into offset 0xcad38
[2026-08-29T14:50:09Z DEBUG goblin::pe::utils] Checking .text for 0x130376 ∈ 0x1000..0x118124
[2026-08-29T14:50:09Z DEBUG goblin::pe::utils] Checking .rdata for 0x130376 ∈ 0x119000..0x1303a8
[2026-08-29T14:50:09Z DEBUG goblin::pe::utils] Found in section .rdata(1), remapped into offset 0x12e976
[2026-08-29T14:50:09Z DEBUG goblin::pe::utils] Checking .text for 0xcb8e8 ∈ 0x1000..0x118124
[2026-08-29T14:50:09Z DEBUG goblin::pe::utils] Found in section .text(0), remapped into offset 0xcace8
[2026-08-29T14:50:09Z DEBUG goblin::pe::utils] Checking .text for 0x130382 ∈ 0x1000..0x118124
[2026-08-29T14:50:09Z DEBUG goblin::pe::utils] Checking .rdata for 0x130382 ∈ 0x119000..0x1303a8
[2026-08-29T14:50:09Z DEBUG goblin::pe::utils] Found in section .rdata(1), remapped into offset 0x12e982
[2026-08-29T14:50:09Z DEBUG goblin::pe::utils] Checking .text for 0xcbc20 ∈ 0x1000..0x118124
[2026-08-29T14:50:09Z DEBUG goblin::pe::utils] Found in section .text(0), remapped into offset 0xcb020
[2026-08-29T14:50:09Z DEBUG goblin::pe::utils] Checking .text for 0x13038f ∈ 0x1000..0x118124
[2026-08-29T14:50:09Z DEBUG goblin::pe::utils] Checking .rdata for 0x13038f ∈ 0x119000..0x1303a8
[2026-08-29T14:50:09Z DEBUG goblin::pe::utils] Found in section .rdata(1), remapped into offset 0x12e98f
[2026-08-29T14:50:09Z DEBUG goblin::pe::utils] Checking .text for 0xcbb28 ∈ 0x1000..0x118124
[2026-08-29T14:50:09Z DEBUG goblin::pe::utils] Found in section .text(0), remapped into offset 0xcaf28
[2026-08-29T14:50:09Z DEBUG goblin::pe::utils] Checking .text for 0x13039a ∈ 0x1000..0x118124
[2026-08-29T14:50:09Z DEBUG goblin::pe::utils] Checking .rdata for 0x13039a ∈ 0x119000..0x1303a8
[2026-08-29T14:50:09Z DEBUG goblin::pe::utils] Found in section .rdata(1), remapped into offset 0x12e99a
[2026-08-29T14:50:09Z DEBUG goblin::pe::utils] Checking .text for 0xcc184 ∈ 0x1000..0x118124
[2026-08-29T14:50:09Z DEBUG goblin::pe::utils] Found in section .text(0), remapped into offset 0xcb584
[2026-08-29T14:50:09Z DEBUG goblin::pe] name: Some(
        "Bubble Bash 2.exe",
    )
[2026-08-29T14:50:09Z DEBUG goblin::pe] exports: [
        Export {
            name: Some(
                "SDL_AddTimer",
            ),
            offset: Some(
                808152,
            ),
            rva: 811224,
            size: 0,
            reexport: None,
        },
        Export {
            name: Some(
                "SDL_AllocRW",
            ),
            offset: Some(
                892228,
            ),
            rva: 895300,
            size: 0,
            reexport: None,
        },
        Export {
            name: Some(
                "SDL_AudioDriverName",
            ),
            offset: Some(
                811700,
            ),
            rva: 814772,
            size: 0,
            reexport: None,
        },
        Export {
            name: Some(
                "SDL_AudioInit",
            ),
            offset: Some(
                811356,
            ),
            rva: 814428,
            size: 0,
            reexport: None,
        },
        Export {
            name: Some(
                "SDL_AudioQuit",
            ),
            offset: Some(
                813324,
            ),
            rva: 816396,
            size: 0,
            reexport: None,
        },
        Export {
            name: Some(
                "SDL_BuildAudioCVT",
            ),
            offset: Some(
                875416,
            ),
            rva: 878488,
            size: 0,
            reexport: None,
        },
        Export {
            name: Some(
                "SDL_ClearError",
            ),
            offset: Some(
                810064,
            ),
            rva: 813136,
            size: 0,
            reexport: None,
        },
        Export {
            name: Some(
                "SDL_CloseAudio",
            ),
            offset: Some(
                813280,
            ),
            rva: 816352,
            size: 0,
            reexport: None,
        },
        Export {
            name: Some(
                "SDL_ConvertAudio",
            ),
            offset: Some(
                875324,
            ),
            rva: 878396,
            size: 0,
            reexport: None,
        },
        Export {
            name: Some(
                "SDL_ConvertSurface",
            ),
            offset: Some(
                805308,
            ),
            rva: 808380,
            size: 0,
            reexport: None,
        },
        Export {
            name: Some(
                "SDL_CreateCursor",
            ),
            offset: Some(
                822720,
            ),
            rva: 825792,
            size: 0,
            reexport: None,
        },
        Export {
            name: Some(
                "SDL_CreateMutex",
            ),
            offset: Some(
                828244,
            ),
            rva: 831316,
            size: 0,
            reexport: None,
        },
        Export {
            name: Some(
                "SDL_CreateRGBSurface",
            ),
            offset: Some(
                801320,
            ),
            rva: 804392,
            size: 0,
            reexport: None,
        },
        Export {
            name: Some(
                "SDL_CreateRGBSurfaceFrom",
            ),
            offset: Some(
                801960,
            ),
            rva: 805032,
            size: 0,
            reexport: None,
        },
        Export {
            name: Some(
                "SDL_CreateSemaphore",
            ),
            offset: Some(
                889008,
            ),
            rva: 892080,
            size: 0,
            reexport: None,
        },
        Export {
            name: Some(
                "SDL_CreateThread",
            ),
            offset: Some(
                849524,
            ),
            rva: 852596,
            size: 0,
            reexport: None,
        },
        Export {
            name: Some(
                "SDL_Delay",
            ),
            offset: Some(
                806816,
            ),
            rva: 809888,
            size: 0,
            reexport: None,
        },
        Export {
            name: Some(
                "SDL_DestroyMutex",
            ),
            offset: Some(
                828340,
            ),
            rva: 831412,
            size: 0,
            reexport: None,
        },
        Export {
            name: Some(
                "SDL_DestroySemaphore",
            ),
            offset: Some(
                828340,
            ),
            rva: 831412,
            size: 0,
            reexport: None,
        },
        Export {
            name: Some(
                "SDL_DisplayFormat",
            ),
            offset: Some(
                792428,
            ),
            rva: 795500,
            size: 0,
            reexport: None,
        },
        Export {
            name: Some(
                "SDL_DisplayFormatAlpha",
            ),
            offset: Some(
                792560,
            ),
            rva: 795632,
            size: 0,
            reexport: None,
        },
        Export {
            name: Some(
                "SDL_EnableKeyRepeat",
            ),
            offset: Some(
                822244,
            ),
            rva: 825316,
            size: 0,
            reexport: None,
        },
        Export {
            name: Some(
                "SDL_EnableUNICODE",
            ),
            offset: Some(
                821108,
            ),
            rva: 824180,
            size: 0,
            reexport: None,
        },
        Export {
            name: Some(
                "SDL_Error",
            ),
            offset: Some(
                810084,
            ),
            rva: 813156,
            size: 0,
            reexport: None,
        },
        Export {
            name: Some(
                "SDL_EventState",
            ),
            offset: Some(
                800720,
            ),
            rva: 803792,
            size: 0,
            reexport: None,
        },
        Export {
            name: Some(
                "SDL_FillRect",
            ),
            offset: Some(
                803968,
            ),
            rva: 807040,
            size: 0,
            reexport: None,
        },
        Export {
            name: Some(
                "SDL_Flip",
            ),
            offset: Some(
                793580,
            ),
            rva: 796652,
            size: 0,
            reexport: None,
        },
        Export {
            name: Some(
                "SDL_FreeCursor",
            ),
            offset: Some(
                823696,
            ),
            rva: 826768,
            size: 0,
            reexport: None,
        },
        Export {
            name: Some(
                "SDL_FreeRW",
            ),
            offset: Some(
                892288,
            ),
            rva: 895360,
            size: 0,
            reexport: None,
        },
        Export {
            name: Some(
                "SDL_FreeSurface",
            ),
            offset: Some(
                806216,
            ),
            rva: 809288,
            size: 0,
            reexport: None,
        },
        Export {
            name: Some(
                "SDL_GL_GetAttribute",
            ),
            offset: Some(
                795736,
            ),
            rva: 798808,
            size: 0,
            reexport: None,
        },
        Export {
            name: Some(
                "SDL_GL_GetProcAddress",
            ),
            offset: Some(
                795420,
            ),
            rva: 798492,
            size: 0,
            reexport: None,
        },
        Export {
            name: Some(
                "SDL_GL_LoadLibrary",
            ),
            offset: Some(
                795328,
            ),
            rva: 798400,
            size: 0,
            reexport: None,
        },
        Export {
            name: Some(
                "SDL_GL_Lock",
            ),
            offset: Some(
                1024,
            ),
            rva: 4096,
            size: 0,
            reexport: None,
        },
        Export {
            name: Some(
                "SDL_GL_SetAttribute",
            ),
            offset: Some(
                795516,
            ),
            rva: 798588,
            size: 0,
            reexport: None,
        },
        Export {
            name: Some(
                "SDL_GL_SwapBuffers",
            ),
            offset: Some(
                795816,
            ),
            rva: 798888,
            size: 0,
            reexport: None,
        },
        Export {
            name: Some(
                "SDL_GL_Unlock",
            ),
            offset: Some(
                1024,
            ),
            rva: 4096,
            size: 0,
            reexport: None,
        },
        Export {
            name: Some(
                "SDL_GL_UpdateRects",
            ),
            offset: Some(
                1024,
            ),
            rva: 4096,
            size: 0,
            reexport: None,
        },
        Export {
            name: Some(
                "SDL_GetAppState",
            ),
            offset: Some(
                849984,
            ),
            rva: 853056,
            size: 0,
            reexport: None,
        },
        Export {
            name: Some(
                "SDL_GetAudioStatus",
            ),
            offset: Some(
                813116,
            ),
            rva: 816188,
            size: 0,
            reexport: None,
        },
        Export {
            name: Some(
                "SDL_GetClipRect",
            ),
            offset: Some(
                803072,
            ),
            rva: 806144,
            size: 0,
            reexport: None,
        },
        Export {
            name: Some(
                "SDL_GetCursor",
            ),
            offset: Some(
                823680,
            ),
            rva: 826752,
            size: 0,
            reexport: None,
        },
        Export {
            name: Some(
                "SDL_GetError",
            ),
            offset: Some(
                810048,
            ),
            rva: 813120,
            size: 0,
            reexport: None,
        },
        Export {
            name: Some(
                "SDL_GetEventFilter",
            ),
            offset: Some(
                800704,
            ),
            rva: 803776,
            size: 0,
            reexport: None,
        },
        Export {
            name: Some(
                "SDL_GetKeyName",
            ),
            offset: Some(
                821232,
            ),
            rva: 824304,
            size: 0,
            reexport: None,
        },
        Export {
            name: Some(
                "SDL_GetKeyRepeat",
            ),
            offset: Some(
                822324,
            ),
            rva: 825396,
            size: 0,
            reexport: None,
        },
        Export {
            name: Some(
                "SDL_GetKeyState",
            ),
            offset: Some(
                821132,
            ),
            rva: 824204,
            size: 0,
            reexport: None,
        },
        Export {
            name: Some(
                "SDL_GetModState",
            ),
            offset: Some(
                821184,
            ),
            rva: 824256,
            size: 0,
            reexport: None,
        },
        Export {
            name: Some(
                "SDL_GetMouseState",
            ),
            offset: Some(
                828548,
            ),
            rva: 831620,
            size: 0,
            reexport: None,
        },
        Export {
            name: Some(
                "SDL_GetRGB",
            ),
            offset: Some(
                816224,
            ),
            rva: 819296,
            size: 0,
            reexport: None,
        },
        Export {
            name: Some(
                "SDL_GetRGBA",
            ),
            offset: Some(
                815924,
            ),
            rva: 818996,
            size: 0,
            reexport: None,
        },
        Export {
            name: Some(
                "SDL_GetRelativeMouseState",
            ),
            offset: Some(
                828588,
            ),
            rva: 831660,
            size: 0,
            reexport: None,
        },
        Export {
            name: Some(
                "SDL_GetThreadID",
            ),
            offset: Some(
                849880,
            ),
            rva: 852952,
            size: 0,
            reexport: None,
        },
        Export {
            name: Some(
                "SDL_GetTicks",
            ),
            offset: Some(
                806620,
            ),
            rva: 809692,
            size: 0,
            reexport: None,
        },
        Export {
            name: Some(
                "SDL_GetVideoInfo",
            ),
            offset: Some(
                789352,
            ),
            rva: 792424,
            size: 0,
            reexport: None,
        },
        Export {
            name: Some(
                "SDL_GetVideoSurface",
            ),
            offset: Some(
                789324,
            ),
            rva: 792396,
            size: 0,
            reexport: None,
        },
        Export {
            name: Some(
                "SDL_GetWMInfo",
            ),
            offset: Some(
                797784,
            ),
            rva: 800856,
            size: 0,
            reexport: None,
        },
        Export {
            name: Some(
                "SDL_Has3DNow",
            ),
            offset: Some(
                948184,
            ),
            rva: 951256,
            size: 0,
            reexport: None,
        },
        Export {
            name: Some(
                "SDL_Has3DNowExt",
            ),
            offset: Some(
                948276,
            ),
            rva: 951348,
            size: 0,
            reexport: None,
        },
        Export {
            name: Some(
                "SDL_HasAltiVec",
            ),
            offset: Some(
                948552,
            ),
            rva: 951624,
            size: 0,
            reexport: None,
        },
        Export {
            name: Some(
                "SDL_HasMMX",
            ),
            offset: Some(
                948000,
            ),
            rva: 951072,
            size: 0,
            reexport: None,
        },
        Export {
            name: Some(
                "SDL_HasMMXExt",
            ),
            offset: Some(
                948092,
            ),
            rva: 951164,
            size: 0,
            reexport: None,
        },
        Export {
            name: Some(
                "SDL_HasRDTSC",
            ),
            offset: Some(
                947908,
            ),
            rva: 950980,
            size: 0,
            reexport: None,
        },
        Export {
            name: Some(
                "SDL_HasSSE",
            ),
            offset: Some(
                948368,
            ),
            rva: 951440,
            size: 0,
            reexport: None,
        },
        Export {
            name: Some(
                "SDL_HasSSE2",
            ),
            offset: Some(
                948460,
            ),
            rva: 951532,
            size: 0,
            reexport: None,
        },
        Export {
            name: Some(
                "SDL_Init",
            ),
            offset: Some(
                788216,
            ),
            rva: 791288,
            size: 0,
            reexport: None,
        },
        Export {
            name: Some(
                "SDL_InitSubSystem",
            ),
            offset: Some(
                787956,
            ),
            rva: 791028,
            size: 0,
            reexport: None,
        },
        Export {
            name: Some(
                "SDL_KillThread",
            ),
            offset: Some(
                849908,
            ),
            rva: 852980,
            size: 0,
            reexport: None,
        },
        Export {
            name: Some(
                "SDL_Linked_Version",
            ),
            offset: Some(
                788512,
            ),
            rva: 791584,
            size: 0,
            reexport: None,
        },
        Export {
            name: Some(
                "SDL_ListModes",
            ),
            offset: Some(
                789380,
            ),
            rva: 792452,
            size: 0,
            reexport: None,
        },
        Export {
            name: Some(
                "SDL_LoadFunction",
            ),
            offset: Some(
                929416,
            ),
            rva: 932488,
            size: 0,
            reexport: None,
        },
        Export {
            name: Some(
                "SDL_LoadObject",
            ),
            offset: Some(
                929136,
            ),
            rva: 932208,
            size: 0,
            reexport: None,
        },
        Export {
            name: Some(
                "SDL_LockAudio",
            ),
            offset: Some(
                813200,
            ),
            rva: 816272,
            size: 0,
            reexport: None,
        },
        Export {
            name: Some(
                "SDL_LockSurface",
            ),
            offset: Some(
                805056,
            ),
            rva: 808128,
            size: 0,
            reexport: None,
        },
        Export {
            name: Some(
                "SDL_LowerBlit",
            ),
            offset: Some(
                803124,
            ),
            rva: 806196,
            size: 0,
            reexport: None,
        },
        Export {
            name: Some(
                "SDL_MapRGB",
            ),
            offset: Some(
                815732,
            ),
            rva: 818804,
            size: 0,
            reexport: None,
        },
        Export {
            name: Some(
                "SDL_MapRGBA",
            ),
            offset: Some(
                815820,
            ),
            rva: 818892,
            size: 0,
            reexport: None,
        },
        Export {
            name: Some(
                "SDL_OpenAudio",
            ),
            offset: Some(
                811808,
            ),
            rva: 814880,
            size: 0,
            reexport: None,
        },
        Export {
            name: Some(
                "SDL_PauseAudio",
            ),
            offset: Some(
                813176,
            ),
            rva: 816248,
            size: 0,
            reexport: None,
        },
        Export {
            name: Some(
                "SDL_PeepEvents",
            ),
            offset: Some(
                799612,
            ),
            rva: 802684,
            size: 0,
            reexport: None,
        },
        Export {
            name: Some(
                "SDL_PollEvent",
            ),
            offset: Some(
                800100,
            ),
            rva: 803172,
            size: 0,
            reexport: None,
        },
        Export {
            name: Some(
                "SDL_PumpEvents",
            ),
            offset: Some(
                800052,
            ),
            rva: 803124,
            size: 0,
            reexport: None,
        },
        Export {
            name: Some(
                "SDL_PushEvent",
            ),
            offset: Some(
                800440,
            ),
            rva: 803512,
            size: 0,
            reexport: None,
        },
        Export {
            name: Some(
                "SDL_Quit",
            ),
            offset: Some(
                788416,
            ),
            rva: 791488,
            size: 0,
            reexport: None,
        },
        Export {
            name: Some(
                "SDL_QuitSubSystem",
            ),
            offset: Some(
                788264,
            ),
            rva: 791336,
            size: 0,
            reexport: None,
        },
        Export {
            name: Some(
                "SDL_RWFromConstMem",
            ),
            offset: Some(
                892108,
            ),
            rva: 895180,
            size: 0,
            reexport: None,
        },
        Export {
            name: Some(
                "SDL_RWFromFP",
            ),
            offset: Some(
                891876,
            ),
            rva: 894948,
            size: 0,
            reexport: None,
        },
        Export {
            name: Some(
                "SDL_RWFromFile",
            ),
            offset: Some(
                891676,
            ),
            rva: 894748,
            size: 0,
            reexport: None,
        },
        Export {
            name: Some(
                "SDL_RWFromMem",
            ),
            offset: Some(
                891988,
            ),
            rva: 895060,
            size: 0,
            reexport: None,
        },
        Export {
            name: Some(
                "SDL_ReadBE16",
            ),
            offset: Some(
                892332,
            ),
            rva: 895404,
            size: 0,
            reexport: None,
        },
        Export {
            name: Some(
                "SDL_ReadBE32",
            ),
            offset: Some(
                892436,
            ),
            rva: 895508,
            size: 0,
            reexport: None,
        },
        Export {
            name: Some(
                "SDL_ReadBE64",
            ),
            offset: Some(
                892544,
            ),
            rva: 895616,
            size: 0,
            reexport: None,
        },
        Export {
            name: Some(
                "SDL_ReadLE16",
            ),
            offset: Some(
                892292,
            ),
            rva: 895364,
            size: 0,
            reexport: None,
        },
        Export {
            name: Some(
                "SDL_ReadLE32",
            ),
            offset: Some(
                892396,
            ),
            rva: 895468,
            size: 0,
            reexport: None,
        },
        Export {
            name: Some(
                "SDL_ReadLE64",
            ),
            offset: Some(
                892500,
            ),
            rva: 895572,
            size: 0,
            reexport: None,
        },
        Export {
            name: Some(
                "SDL_RegisterApp",
            ),
            offset: Some(
                888496,
            ),
            rva: 891568,
            size: 0,
            reexport: None,
        },
        Export {
            name: Some(
                "SDL_RemoveTimer",
            ),
            offset: Some(
                808400,
            ),
            rva: 811472,
            size: 0,
            reexport: None,
        },
        Export {
            name: Some(
                "SDL_SemPost",
            ),
            offset: Some(
                889524,
            ),
            rva: 892596,
            size: 0,
            reexport: None,
        },
        Export {
            name: Some(
                "SDL_SemTryWait",
            ),
            offset: Some(
                889248,
            ),
            rva: 892320,
            size: 0,
            reexport: None,
        },
        Export {
            name: Some(
                "SDL_SemValue",
            ),
            offset: Some(
                889484,
            ),
            rva: 892556,
            size: 0,
            reexport: None,
        },
        Export {
            name: Some(
                "SDL_SemWait",
            ),
            offset: Some(
                889360,
            ),
            rva: 892432,
            size: 0,
            reexport: None,
        },
        Export {
            name: Some(
                "SDL_SemWaitTimeout",
            ),
            offset: Some(
                889120,
            ),
            rva: 892192,
            size: 0,
            reexport: None,
        },
        Export {
            name: Some(
                "SDL_SetAlpha",
            ),
            offset: Some(
                802408,
            ),
            rva: 805480,
            size: 0,
            reexport: None,
        },
        Export {
            name: Some(
                "SDL_SetClipRect",
            ),
            offset: Some(
                802948,
            ),
            rva: 806020,
            size: 0,
            reexport: None,
        },
        Export {
            name: Some(
                "SDL_SetColorKey",
            ),
            offset: Some(
                802100,
            ),
            rva: 805172,
            size: 0,
            reexport: None,
        },
        Export {
            name: Some(
                "SDL_SetColors",
            ),
            offset: Some(
                794984,
            ),
            rva: 798056,
            size: 0,
            reexport: None,
        },
        Export {
            name: Some(
                "SDL_SetCursor",
            ),
            offset: Some(
                823188,
            ),
            rva: 826260,
            size: 0,
            reexport: None,
        },
        Export {
            name: Some(
                "SDL_SetError",
            ),
            offset: Some(
                809040,
            ),
            rva: 812112,
            size: 0,
            reexport: None,
        },
        Export {
            name: Some(
                "SDL_SetEventFilter",
            ),
            offset: Some(
                800476,
            ),
            rva: 803548,
            size: 0,
            reexport: None,
        },
        Export {
            name: Some(
                "SDL_SetModState",
            ),
            offset: Some(
                821216,
            ),
            rva: 824288,
            size: 0,
            reexport: None,
        },
        Export {
            name: Some(
                "SDL_SetModuleHandle",
            ),
            offset: Some(
                888480,
            ),
            rva: 891552,
            size: 0,
            reexport: None,
        },
        Export {
            name: Some(
                "SDL_SetPalette",
            ),
            offset: Some(
                794664,
            ),
            rva: 797736,
            size: 0,
            reexport: None,
        },
        Export {
            name: Some(
                "SDL_SetTimer",
            ),
            offset: Some(
                808656,
            ),
            rva: 811728,
            size: 0,
            reexport: None,
        },
        Export {
            name: Some(
                "SDL_SetVideoMode",
            ),
            offset: Some(
                790908,
            ),
            rva: 793980,
            size: 0,
            reexport: None,
        },
        Export {
            name: Some(
                "SDL_ShowCursor",
            ),
            offset: Some(
                823836,
            ),
            rva: 826908,
            size: 0,
            reexport: None,
        },
        Export {
            name: Some(
                "SDL_ThreadID",
            ),
            offset: Some(
                848512,
            ),
            rva: 851584,
            size: 0,
            reexport: None,
        },
        Export {
            name: Some(
                "SDL_UnloadObject",
            ),
            offset: Some(
                929728,
            ),
            rva: 932800,
            size: 0,
            reexport: None,
        },
        Export {
            name: Some(
                "SDL_UnlockAudio",
            ),
            offset: Some(
                813240,
            ),
            rva: 816312,
            size: 0,
            reexport: None,
        },
        Export {
            name: Some(
                "SDL_UnlockSurface",
            ),
            offset: Some(
                805196,
            ),
            rva: 808268,
            size: 0,
            reexport: None,
        },
        Export {
            name: Some(
                "SDL_UnregisterApp",
            ),
            offset: Some(
                888908,
            ),
            rva: 891980,
            size: 0,
            reexport: None,
        },
        Export {
            name: Some(
                "SDL_UpdateRect",
            ),
            offset: Some(
                792856,
            ),
            rva: 795928,
            size: 0,
            reexport: None,
        },
        Export {
            name: Some(
                "SDL_UpdateRects",
            ),
            offset: Some(
                792972,
            ),
            rva: 796044,
            size: 0,
            reexport: None,
        },
        Export {
            name: Some(
                "SDL_UpperBlit",
            ),
            offset: Some(
                803472,
            ),
            rva: 806544,
            size: 0,
            reexport: None,
        },
        Export {
            name: Some(
                "SDL_VideoDriverName",
            ),
            offset: Some(
                789216,
            ),
            rva: 792288,
            size: 0,
            reexport: None,
        },
        Export {
            name: Some(
                "SDL_VideoInit",
            ),
            offset: Some(
                788524,
            ),
            rva: 791596,
            size: 0,
            reexport: None,
        },
        Export {
            name: Some(
                "SDL_VideoModeOK",
            ),
            offset: Some(
                789452,
            ),
            rva: 792524,
            size: 0,
            reexport: None,
        },
        Export {
            name: Some(
                "SDL_VideoQuit",
            ),
            offset: Some(
                795024,
            ),
            rva: 798096,
            size: 0,
            reexport: None,
        },
        Export {
            name: Some(
                "SDL_WM_GetCaption",
            ),
            offset: Some(
                796180,
            ),
            rva: 799252,
            size: 0,
            reexport: None,
        },
        Export {
            name: Some(
                "SDL_WM_GrabInput",
            ),
            offset: Some(
                797300,
            ),
            rva: 800372,
            size: 0,
            reexport: None,
        },
        Export {
            name: Some(
                "SDL_WM_IconifyWindow",
            ),
            offset: Some(
                797524,
            ),
            rva: 800596,
            size: 0,
            reexport: None,
        },
        Export {
            name: Some(
                "SDL_WM_SetCaption",
            ),
            offset: Some(
                795876,
            ),
            rva: 798948,
            size: 0,
            reexport: None,
        },
        Export {
            name: Some(
                "SDL_WM_SetIcon",
            ),
            offset: Some(
                796940,
            ),
            rva: 800012,
            size: 0,
            reexport: None,
        },
        Export {
            name: Some(
                "SDL_WM_ToggleFullScreen",
            ),
            offset: Some(
                797572,
            ),
            rva: 800644,
            size: 0,
            reexport: None,
        },
        Export {
            name: Some(
                "SDL_WaitEvent",
            ),
            offset: Some(
                800184,
            ),
            rva: 803256,
            size: 0,
            reexport: None,
        },
        Export {
            name: Some(
                "SDL_WaitThread",
            ),
            offset: Some(
                849812,
            ),
            rva: 852884,
            size: 0,
            reexport: None,
        },
        Export {
            name: Some(
                "SDL_WarpMouse",
            ),
            offset: Some(
                824044,
            ),
            rva: 827116,
            size: 0,
            reexport: None,
        },
        Export {
            name: Some(
                "SDL_WasInit",
            ),
            offset: Some(
                788372,
            ),
            rva: 791444,
            size: 0,
            reexport: None,
        },
        Export {
            name: Some(
                "SDL_WriteBE16",
            ),
            offset: Some(
                892672,
            ),
            rva: 895744,
            size: 0,
            reexport: None,
        },
        Export {
            name: Some(
                "SDL_WriteBE32",
            ),
            offset: Some(
                892756,
            ),
            rva: 895828,
            size: 0,
            reexport: None,
        },
        Export {
            name: Some(
                "SDL_WriteBE64",
            ),
            offset: Some(
                892856,
            ),
            rva: 895928,
            size: 0,
            reexport: None,
        },
        Export {
            name: Some(
                "SDL_WriteLE16",
            ),
            offset: Some(
                892636,
            ),
            rva: 895708,
            size: 0,
            reexport: None,
        },
        Export {
            name: Some(
                "SDL_WriteLE32",
            ),
            offset: Some(
                892720,
            ),
            rva: 895792,
            size: 0,
            reexport: None,
        },
        Export {
            name: Some(
                "SDL_WriteLE64",
            ),
            offset: Some(
                892820,
            ),
            rva: 895892,
            size: 0,
            reexport: None,
        },
        Export {
            name: Some(
                "SDL_getenv",
            ),
            offset: Some(
                810492,
            ),
            rva: 813564,
            size: 0,
            reexport: None,
        },
        Export {
            name: Some(
                "SDL_iconv",
            ),
            offset: Some(
                926136,
            ),
            rva: 929208,
            size: 0,
            reexport: None,
        },
        Export {
            name: Some(
                "SDL_iconv_close",
            ),
            offset: Some(
                928688,
            ),
            rva: 931760,
            size: 0,
            reexport: None,
        },
        Export {
            name: Some(
                "SDL_iconv_open",
            ),
            offset: Some(
                925860,
            ),
            rva: 928932,
            size: 0,
            reexport: None,
        },
        Export {
            name: Some(
                "SDL_iconv_string",
            ),
            offset: Some(
                928712,
            ),
            rva: 931784,
            size: 0,
            reexport: None,
        },
        Export {
            name: Some(
                "SDL_lltoa",
            ),
            offset: Some(
                830988,
            ),
            rva: 834060,
            size: 0,
            reexport: None,
        },
        Export {
            name: Some(
                "SDL_mutexP",
            ),
            offset: Some(
                828392,
            ),
            rva: 831464,
            size: 0,
            reexport: None,
        },
        Export {
            name: Some(
                "SDL_mutexV",
            ),
            offset: Some(
                828472,
            ),
            rva: 831544,
            size: 0,
            reexport: None,
        },
        Export {
            name: Some(
                "SDL_putenv",
            ),
            offset: Some(
                810168,
            ),
            rva: 813240,
            size: 0,
            reexport: None,
        },
        Export {
            name: Some(
                "SDL_revcpy",
            ),
            offset: Some(
                830648,
            ),
            rva: 833720,
            size: 0,
            reexport: None,
        },
        Export {
            name: Some(
                "SDL_snprintf",
            ),
            offset: Some(
                831636,
            ),
            rva: 834708,
            size: 0,
            reexport: None,
        },
        Export {
            name: Some(
                "SDL_strdup",
            ),
            offset: Some(
                830892,
            ),
            rva: 833964,
            size: 0,
            reexport: None,
        },
        Export {
            name: Some(
                "SDL_strlcat",
            ),
            offset: Some(
                830776,
            ),
            rva: 833848,
            size: 0,
            reexport: None,
        },
        Export {
            name: Some(
                "SDL_strlcpy",
            ),
            offset: Some(
                830696,
            ),
            rva: 833768,
            size: 0,
            reexport: None,
        },
        Export {
            name: Some(
                "SDL_strtoull",
            ),
            offset: Some(
                831520,
            ),
            rva: 834592,
            size: 0,
            reexport: None,
        },
        Export {
            name: Some(
                "SDL_ulltoa",
            ),
            offset: Some(
                831272,
            ),
            rva: 834344,
            size: 0,
            reexport: None,
        },
        Export {
            name: Some(
                "SDL_vsnprintf",
            ),
            offset: Some(
                832900,
            ),
            rva: 835972,
            size: 0,
            reexport: None,
        },
    ]
[2026-08-29T14:50:09Z DEBUG goblin::pe::import] import_directory_table_rva 0x12efa4
[2026-08-29T14:50:09Z DEBUG goblin::pe::utils] Checking .text for 0x12efa4 ∈ 0x1000..0x118124
[2026-08-29T14:50:09Z DEBUG goblin::pe::utils] Checking .rdata for 0x12efa4 ∈ 0x119000..0x1303a8
[2026-08-29T14:50:09Z DEBUG goblin::pe::utils] Found in section .rdata(1), remapped into offset 0x12d5a4
[2026-08-29T14:50:09Z DEBUG goblin::pe::import] import data offset 0x12d5a4
[2026-08-29T14:50:09Z DEBUG goblin::pe::import] ImportDirectoryEntry {
        import_lookup_table_rva: 1241056,
        time_date_stamp: 0,
        forwarder_chain: 0,
        name_rva: 1241928,
        import_address_table_rva: 1249280,
    }
[2026-08-29T14:50:09Z DEBUG goblin::pe::utils] Checking .text for 0x12f348 ∈ 0x1000..0x118124
[2026-08-29T14:50:09Z DEBUG goblin::pe::utils] Checking .rdata for 0x12f348 ∈ 0x119000..0x1303a8
[2026-08-29T14:50:09Z DEBUG goblin::pe::utils] Found in section .rdata(1), remapped into offset 0x12d948
[2026-08-29T14:50:09Z DEBUG goblin::pe::utils] Checking .text for 0x12efe0 ∈ 0x1000..0x118124
[2026-08-29T14:50:09Z DEBUG goblin::pe::utils] Checking .rdata for 0x12efe0 ∈ 0x119000..0x1303a8
[2026-08-29T14:50:09Z DEBUG goblin::pe::utils] Found in section .rdata(1), remapped into offset 0x12d5e0
[2026-08-29T14:50:09Z DEBUG goblin::pe::import] Synthesizing lookup table imports for COREDLL.dll lib, with import lookup table rva: 0x12efe0
[2026-08-29T14:50:09Z DEBUG goblin::pe::import] bitfield 0x80000444
[2026-08-29T14:50:09Z DEBUG goblin::pe::import] importing by ordinal 0x444
[2026-08-29T14:50:09Z DEBUG goblin::pe::import] bitfield 0x80000653
[2026-08-29T14:50:09Z DEBUG goblin::pe::import] importing by ordinal 0x653
[2026-08-29T14:50:09Z DEBUG goblin::pe::import] bitfield 0x8000011e
[2026-08-29T14:50:09Z DEBUG goblin::pe::import] importing by ordinal 0x11e
[2026-08-29T14:50:09Z DEBUG goblin::pe::import] bitfield 0x800002be
[2026-08-29T14:50:09Z DEBUG goblin::pe::import] importing by ordinal 0x2be
[2026-08-29T14:50:09Z DEBUG goblin::pe::import] bitfield 0x800002cf
[2026-08-29T14:50:09Z DEBUG goblin::pe::import] importing by ordinal 0x2cf
[2026-08-29T14:50:09Z DEBUG goblin::pe::import] bitfield 0x800003fa
[2026-08-29T14:50:09Z DEBUG goblin::pe::import] importing by ordinal 0x3fa
[2026-08-29T14:50:09Z DEBUG goblin::pe::import] bitfield 0x80000446
[2026-08-29T14:50:09Z DEBUG goblin::pe::import] importing by ordinal 0x446
[2026-08-29T14:50:09Z DEBUG goblin::pe::import] bitfield 0x80000447
[2026-08-29T14:50:09Z DEBUG goblin::pe::import] importing by ordinal 0x447
[2026-08-29T14:50:09Z DEBUG goblin::pe::import] bitfield 0x80000627
[2026-08-29T14:50:09Z DEBUG goblin::pe::import] importing by ordinal 0x627
[2026-08-29T14:50:09Z DEBUG goblin::pe::import] bitfield 0x80000626
[2026-08-29T14:50:09Z DEBUG goblin::pe::import] importing by ordinal 0x626
[2026-08-29T14:50:09Z DEBUG goblin::pe::import] bitfield 0x80000624
[2026-08-29T14:50:09Z DEBUG goblin::pe::import] importing by ordinal 0x624
[2026-08-29T14:50:09Z DEBUG goblin::pe::import] bitfield 0x80000411
[2026-08-29T14:50:09Z DEBUG goblin::pe::import] importing by ordinal 0x411
[2026-08-29T14:50:09Z DEBUG goblin::pe::import] bitfield 0x8000044e
[2026-08-29T14:50:09Z DEBUG goblin::pe::import] importing by ordinal 0x44e
[2026-08-29T14:50:09Z DEBUG goblin::pe::import] bitfield 0x8000062c
[2026-08-29T14:50:09Z DEBUG goblin::pe::import] importing by ordinal 0x62c
[2026-08-29T14:50:09Z DEBUG goblin::pe::import] bitfield 0x80000416
[2026-08-29T14:50:09Z DEBUG goblin::pe::import] importing by ordinal 0x416
[2026-08-29T14:50:09Z DEBUG goblin::pe::import] bitfield 0x800003e1
[2026-08-29T14:50:09Z DEBUG goblin::pe::import] importing by ordinal 0x3e1
[2026-08-29T14:50:09Z DEBUG goblin::pe::import] bitfield 0x8000035a
[2026-08-29T14:50:09Z DEBUG goblin::pe::import] importing by ordinal 0x35a
[2026-08-29T14:50:09Z DEBUG goblin::pe::import] bitfield 0x8000035b
[2026-08-29T14:50:09Z DEBUG goblin::pe::import] importing by ordinal 0x35b
[2026-08-29T14:50:09Z DEBUG goblin::pe::import] bitfield 0x80000108
[2026-08-29T14:50:09Z DEBUG goblin::pe::import] importing by ordinal 0x108
[2026-08-29T14:50:09Z DEBUG goblin::pe::import] bitfield 0x80000397
[2026-08-29T14:50:09Z DEBUG goblin::pe::import] importing by ordinal 0x397
[2026-08-29T14:50:09Z DEBUG goblin::pe::import] bitfield 0x80000013
[2026-08-29T14:50:09Z DEBUG goblin::pe::import] importing by ordinal 0x13
[2026-08-29T14:50:09Z DEBUG goblin::pe::import] bitfield 0x80000375
[2026-08-29T14:50:09Z DEBUG goblin::pe::import] importing by ordinal 0x375
[2026-08-29T14:50:09Z DEBUG goblin::pe::import] bitfield 0x8000005f
[2026-08-29T14:50:09Z DEBUG goblin::pe::import] importing by ordinal 0x5f
[2026-08-29T14:50:09Z DEBUG goblin::pe::import] bitfield 0x800000f6
[2026-08-29T14:50:09Z DEBUG goblin::pe::import] importing by ordinal 0xf6
[2026-08-29T14:50:09Z DEBUG goblin::pe::import] bitfield 0x8000010a
[2026-08-29T14:50:09Z DEBUG goblin::pe::import] importing by ordinal 0x10a
[2026-08-29T14:50:09Z DEBUG goblin::pe::import] bitfield 0x80000360
[2026-08-29T14:50:09Z DEBUG goblin::pe::import] importing by ordinal 0x360
[2026-08-29T14:50:09Z DEBUG goblin::pe::import] bitfield 0x800001f0
[2026-08-29T14:50:09Z DEBUG goblin::pe::import] importing by ordinal 0x1f0
[2026-08-29T14:50:09Z DEBUG goblin::pe::import] bitfield 0x800000fa
[2026-08-29T14:50:09Z DEBUG goblin::pe::import] importing by ordinal 0xfa
[2026-08-29T14:50:09Z DEBUG goblin::pe::import] bitfield 0x80000219
[2026-08-29T14:50:09Z DEBUG goblin::pe::import] importing by ordinal 0x219
[2026-08-29T14:50:09Z DEBUG goblin::pe::import] bitfield 0x80000366
[2026-08-29T14:50:09Z DEBUG goblin::pe::import] importing by ordinal 0x366
[2026-08-29T14:50:09Z DEBUG goblin::pe::import] bitfield 0x80000104
[2026-08-29T14:50:09Z DEBUG goblin::pe::import] importing by ordinal 0x104
[2026-08-29T14:50:09Z DEBUG goblin::pe::import] bitfield 0x80000109
[2026-08-29T14:50:09Z DEBUG goblin::pe::import] importing by ordinal 0x109
[2026-08-29T14:50:09Z DEBUG goblin::pe::import] bitfield 0x80000019
[2026-08-29T14:50:09Z DEBUG goblin::pe::import] importing by ordinal 0x19
[2026-08-29T14:50:09Z DEBUG goblin::pe::import] bitfield 0x80000105
[2026-08-29T14:50:09Z DEBUG goblin::pe::import] importing by ordinal 0x105
[2026-08-29T14:50:09Z DEBUG goblin::pe::import] bitfield 0x800001ec
[2026-08-29T14:50:09Z DEBUG goblin::pe::import] importing by ordinal 0x1ec
[2026-08-29T14:50:09Z DEBUG goblin::pe::import] bitfield 0x800000c4
[2026-08-29T14:50:09Z DEBUG goblin::pe::import] importing by ordinal 0xc4
[2026-08-29T14:50:09Z DEBUG goblin::pe::import] bitfield 0x800001eb
[2026-08-29T14:50:09Z DEBUG goblin::pe::import] importing by ordinal 0x1eb
[2026-08-29T14:50:09Z DEBUG goblin::pe::import] bitfield 0x80000459
[2026-08-29T14:50:09Z DEBUG goblin::pe::import] importing by ordinal 0x459
[2026-08-29T14:50:09Z DEBUG goblin::pe::import] bitfield 0x80000461
[2026-08-29T14:50:09Z DEBUG goblin::pe::import] importing by ordinal 0x461
[2026-08-29T14:50:09Z DEBUG goblin::pe::import] bitfield 0x8000045e
[2026-08-29T14:50:09Z DEBUG goblin::pe::import] importing by ordinal 0x45e
[2026-08-29T14:50:09Z DEBUG goblin::pe::import] bitfield 0x800000a5
[2026-08-29T14:50:09Z DEBUG goblin::pe::import] importing by ordinal 0xa5
[2026-08-29T14:50:09Z DEBUG goblin::pe::import] bitfield 0x80000181
[2026-08-29T14:50:09Z DEBUG goblin::pe::import] importing by ordinal 0x181
[2026-08-29T14:50:09Z DEBUG goblin::pe::import] bitfield 0x8000017b
[2026-08-29T14:50:09Z DEBUG goblin::pe::import] importing by ordinal 0x17b
[2026-08-29T14:50:09Z DEBUG goblin::pe::import] bitfield 0x8000018f
[2026-08-29T14:50:09Z DEBUG goblin::pe::import] importing by ordinal 0x18f
[2026-08-29T14:50:09Z DEBUG goblin::pe::import] bitfield 0x80000182
[2026-08-29T14:50:09Z DEBUG goblin::pe::import] importing by ordinal 0x182
[2026-08-29T14:50:09Z DEBUG goblin::pe::import] bitfield 0x8000017e
[2026-08-29T14:50:09Z DEBUG goblin::pe::import] importing by ordinal 0x17e
[2026-08-29T14:50:09Z DEBUG goblin::pe::import] bitfield 0x80000186
[2026-08-29T14:50:09Z DEBUG goblin::pe::import] importing by ordinal 0x186
[2026-08-29T14:50:09Z DEBUG goblin::pe::import] bitfield 0x80000185
[2026-08-29T14:50:09Z DEBUG goblin::pe::import] importing by ordinal 0x185
[2026-08-29T14:50:09Z DEBUG goblin::pe::import] bitfield 0x80000188
[2026-08-29T14:50:09Z DEBUG goblin::pe::import] importing by ordinal 0x188
[2026-08-29T14:50:09Z DEBUG goblin::pe::import] bitfield 0x8000017d
[2026-08-29T14:50:09Z DEBUG goblin::pe::import] importing by ordinal 0x17d
[2026-08-29T14:50:09Z DEBUG goblin::pe::import] bitfield 0x80000183
[2026-08-29T14:50:09Z DEBUG goblin::pe::import] importing by ordinal 0x183
[2026-08-29T14:50:09Z DEBUG goblin::pe::import] bitfield 0x8000017c
[2026-08-29T14:50:09Z DEBUG goblin::pe::import] importing by ordinal 0x17c
[2026-08-29T14:50:09Z DEBUG goblin::pe::import] bitfield 0x80000180
[2026-08-29T14:50:09Z DEBUG goblin::pe::import] importing by ordinal 0x180
[2026-08-29T14:50:09Z DEBUG goblin::pe::import] bitfield 0x8000041e
[2026-08-29T14:50:09Z DEBUG goblin::pe::import] importing by ordinal 0x41e
[2026-08-29T14:50:09Z DEBUG goblin::pe::import] bitfield 0x80000499
[2026-08-29T14:50:09Z DEBUG goblin::pe::import] importing by ordinal 0x499
[2026-08-29T14:50:09Z DEBUG goblin::pe::import] bitfield 0x800000f7
[2026-08-29T14:50:09Z DEBUG goblin::pe::import] importing by ordinal 0xf7
[2026-08-29T14:50:09Z DEBUG goblin::pe::import] bitfield 0x80000102
[2026-08-29T14:50:09Z DEBUG goblin::pe::import] importing by ordinal 0x102
[2026-08-29T14:50:09Z DEBUG goblin::pe::import] bitfield 0x80000107
[2026-08-29T14:50:09Z DEBUG goblin::pe::import] importing by ordinal 0x107
[2026-08-29T14:50:09Z DEBUG goblin::pe::import] bitfield 0x80000103
[2026-08-29T14:50:09Z DEBUG goblin::pe::import] importing by ordinal 0x103
[2026-08-29T14:50:09Z DEBUG goblin::pe::import] bitfield 0x80000106
[2026-08-29T14:50:09Z DEBUG goblin::pe::import] importing by ordinal 0x106
[2026-08-29T14:50:09Z DEBUG goblin::pe::import] bitfield 0x80000399
[2026-08-29T14:50:09Z DEBUG goblin::pe::import] importing by ordinal 0x399
[2026-08-29T14:50:09Z DEBUG goblin::pe::import] bitfield 0x80000390
[2026-08-29T14:50:09Z DEBUG goblin::pe::import] importing by ordinal 0x390
[2026-08-29T14:50:09Z DEBUG goblin::pe::import] bitfield 0x80000374
[2026-08-29T14:50:09Z DEBUG goblin::pe::import] importing by ordinal 0x374
[2026-08-29T14:50:09Z DEBUG goblin::pe::import] bitfield 0x8000047a
[2026-08-29T14:50:09Z DEBUG goblin::pe::import] importing by ordinal 0x47a
[2026-08-29T14:50:09Z DEBUG goblin::pe::import] bitfield 0x80000058
[2026-08-29T14:50:09Z DEBUG goblin::pe::import] importing by ordinal 0x58
[2026-08-29T14:50:09Z DEBUG goblin::pe::import] bitfield 0x800001ed
[2026-08-29T14:50:09Z DEBUG goblin::pe::import] importing by ordinal 0x1ed
[2026-08-29T14:50:09Z DEBUG goblin::pe::import] bitfield 0x8000010f
[2026-08-29T14:50:09Z DEBUG goblin::pe::import] importing by ordinal 0x10f
[2026-08-29T14:50:09Z DEBUG goblin::pe::import] bitfield 0x8000033a
[2026-08-29T14:50:09Z DEBUG goblin::pe::import] importing by ordinal 0x33a
[2026-08-29T14:50:09Z DEBUG goblin::pe::import] bitfield 0x800002bd
[2026-08-29T14:50:09Z DEBUG goblin::pe::import] importing by ordinal 0x2bd
[2026-08-29T14:50:09Z DEBUG goblin::pe::import] bitfield 0x80000460
[2026-08-29T14:50:09Z DEBUG goblin::pe::import] importing by ordinal 0x460
[2026-08-29T14:50:09Z DEBUG goblin::pe::import] bitfield 0x8000046b
[2026-08-29T14:50:09Z DEBUG goblin::pe::import] importing by ordinal 0x46b
[2026-08-29T14:50:09Z DEBUG goblin::pe::import] bitfield 0x8000046a
[2026-08-29T14:50:09Z DEBUG goblin::pe::import] importing by ordinal 0x46a
[2026-08-29T14:50:09Z DEBUG goblin::pe::import] bitfield 0x80000542
[2026-08-29T14:50:09Z DEBUG goblin::pe::import] importing by ordinal 0x542
[2026-08-29T14:50:09Z DEBUG goblin::pe::import] bitfield 0x8000041c
[2026-08-29T14:50:09Z DEBUG goblin::pe::import] importing by ordinal 0x41c
[2026-08-29T14:50:09Z DEBUG goblin::pe::import] bitfield 0x80000806
[2026-08-29T14:50:09Z DEBUG goblin::pe::import] importing by ordinal 0x806
[2026-08-29T14:50:09Z DEBUG goblin::pe::import] bitfield 0x80000417
[2026-08-29T14:50:09Z DEBUG goblin::pe::import] importing by ordinal 0x417
[2026-08-29T14:50:09Z DEBUG goblin::pe::import] bitfield 0x80000414
[2026-08-29T14:50:09Z DEBUG goblin::pe::import] importing by ordinal 0x414
[2026-08-29T14:50:09Z DEBUG goblin::pe::import] bitfield 0x80000413
[2026-08-29T14:50:09Z DEBUG goblin::pe::import] importing by ordinal 0x413
[2026-08-29T14:50:09Z DEBUG goblin::pe::import] bitfield 0x800007fc
[2026-08-29T14:50:09Z DEBUG goblin::pe::import] importing by ordinal 0x7fc
[2026-08-29T14:50:09Z DEBUG goblin::pe::import] bitfield 0x800003dc
[2026-08-29T14:50:09Z DEBUG goblin::pe::import] importing by ordinal 0x3dc
[2026-08-29T14:50:09Z DEBUG goblin::pe::import] bitfield 0x800003f2
[2026-08-29T14:50:09Z DEBUG goblin::pe::import] importing by ordinal 0x3f2
[2026-08-29T14:50:09Z DEBUG goblin::pe::import] bitfield 0x800007eb
[2026-08-29T14:50:09Z DEBUG goblin::pe::import] importing by ordinal 0x7eb
[2026-08-29T14:50:09Z DEBUG goblin::pe::import] bitfield 0x800007e0
[2026-08-29T14:50:09Z DEBUG goblin::pe::import] importing by ordinal 0x7e0
[2026-08-29T14:50:09Z DEBUG goblin::pe::import] bitfield 0x800007f5
[2026-08-29T14:50:09Z DEBUG goblin::pe::import] importing by ordinal 0x7f5
[2026-08-29T14:50:09Z DEBUG goblin::pe::import] bitfield 0x800007e5
[2026-08-29T14:50:09Z DEBUG goblin::pe::import] importing by ordinal 0x7e5
[2026-08-29T14:50:09Z DEBUG goblin::pe::import] bitfield 0x80000805
[2026-08-29T14:50:09Z DEBUG goblin::pe::import] importing by ordinal 0x805
[2026-08-29T14:50:09Z DEBUG goblin::pe::import] bitfield 0x800007fe
[2026-08-29T14:50:09Z DEBUG goblin::pe::import] importing by ordinal 0x7fe
[2026-08-29T14:50:09Z DEBUG goblin::pe::import] bitfield 0x800007d8
[2026-08-29T14:50:09Z DEBUG goblin::pe::import] importing by ordinal 0x7d8
[2026-08-29T14:50:09Z DEBUG goblin::pe::import] bitfield 0x8000041b
[2026-08-29T14:50:09Z DEBUG goblin::pe::import] importing by ordinal 0x41b
[2026-08-29T14:50:09Z DEBUG goblin::pe::import] bitfield 0x800007e9
[2026-08-29T14:50:09Z DEBUG goblin::pe::import] importing by ordinal 0x7e9
[2026-08-29T14:50:09Z DEBUG goblin::pe::import] bitfield 0x800007ed
[2026-08-29T14:50:09Z DEBUG goblin::pe::import] importing by ordinal 0x7ed
[2026-08-29T14:50:09Z DEBUG goblin::pe::import] bitfield 0x800007dc
[2026-08-29T14:50:09Z DEBUG goblin::pe::import] importing by ordinal 0x7dc
[2026-08-29T14:50:09Z DEBUG goblin::pe::import] bitfield 0x800007ea
[2026-08-29T14:50:09Z DEBUG goblin::pe::import] importing by ordinal 0x7ea
[2026-08-29T14:50:09Z DEBUG goblin::pe::import] bitfield 0x800007f1
[2026-08-29T14:50:09Z DEBUG goblin::pe::import] importing by ordinal 0x7f1
[2026-08-29T14:50:09Z DEBUG goblin::pe::import] bitfield 0x80000800
[2026-08-29T14:50:09Z DEBUG goblin::pe::import] importing by ordinal 0x800
[2026-08-29T14:50:09Z DEBUG goblin::pe::import] bitfield 0x800007fb
[2026-08-29T14:50:09Z DEBUG goblin::pe::import] importing by ordinal 0x7fb
[2026-08-29T14:50:09Z DEBUG goblin::pe::import] bitfield 0x80000804
[2026-08-29T14:50:09Z DEBUG goblin::pe::import] importing by ordinal 0x804
[2026-08-29T14:50:09Z DEBUG goblin::pe::import] bitfield 0x800007ff
[2026-08-29T14:50:09Z DEBUG goblin::pe::import] importing by ordinal 0x7ff
[2026-08-29T14:50:09Z DEBUG goblin::pe::import] bitfield 0x8000040c
[2026-08-29T14:50:09Z DEBUG goblin::pe::import] importing by ordinal 0x40c
[2026-08-29T14:50:09Z DEBUG goblin::pe::import] bitfield 0x800007d5
[2026-08-29T14:50:09Z DEBUG goblin::pe::import] importing by ordinal 0x7d5
[2026-08-29T14:50:09Z DEBUG goblin::pe::import] bitfield 0x800007f0
[2026-08-29T14:50:09Z DEBUG goblin::pe::import] importing by ordinal 0x7f0
[2026-08-29T14:50:09Z DEBUG goblin::pe::import] bitfield 0x8000057b
[2026-08-29T14:50:09Z DEBUG goblin::pe::import] importing by ordinal 0x57b
[2026-08-29T14:50:09Z DEBUG goblin::pe::import] bitfield 0x800007ef
[2026-08-29T14:50:09Z DEBUG goblin::pe::import] importing by ordinal 0x7ef
[2026-08-29T14:50:09Z DEBUG goblin::pe::import] bitfield 0x8000042c
[2026-08-29T14:50:09Z DEBUG goblin::pe::import] importing by ordinal 0x42c
[2026-08-29T14:50:09Z DEBUG goblin::pe::import] bitfield 0x800007f9
[2026-08-29T14:50:09Z DEBUG goblin::pe::import] importing by ordinal 0x7f9
[2026-08-29T14:50:09Z DEBUG goblin::pe::import] bitfield 0x80000582
[2026-08-29T14:50:09Z DEBUG goblin::pe::import] importing by ordinal 0x582
[2026-08-29T14:50:09Z DEBUG goblin::pe::import] bitfield 0x80000217
[2026-08-29T14:50:09Z DEBUG goblin::pe::import] importing by ordinal 0x217
[2026-08-29T14:50:09Z DEBUG goblin::pe::import] bitfield 0x8000022b
[2026-08-29T14:50:09Z DEBUG goblin::pe::import] importing by ordinal 0x22b
[2026-08-29T14:50:09Z DEBUG goblin::pe::import] bitfield 0x800001f1
[2026-08-29T14:50:09Z DEBUG goblin::pe::import] importing by ordinal 0x1f1
[2026-08-29T14:50:09Z DEBUG goblin::pe::import] bitfield 0x8000022c
[2026-08-29T14:50:09Z DEBUG goblin::pe::import] importing by ordinal 0x22c
[2026-08-29T14:50:09Z DEBUG goblin::pe::import] bitfield 0x80000229
[2026-08-29T14:50:09Z DEBUG goblin::pe::import] importing by ordinal 0x229
[2026-08-29T14:50:09Z DEBUG goblin::pe::import] bitfield 0x80000587
[2026-08-29T14:50:09Z DEBUG goblin::pe::import] importing by ordinal 0x587
[2026-08-29T14:50:09Z DEBUG goblin::pe::import] bitfield 0x80000585
[2026-08-29T14:50:09Z DEBUG goblin::pe::import] importing by ordinal 0x585
[2026-08-29T14:50:09Z DEBUG goblin::pe::import] bitfield 0x80000437
[2026-08-29T14:50:09Z DEBUG goblin::pe::import] importing by ordinal 0x437
[2026-08-29T14:50:09Z DEBUG goblin::pe::import] bitfield 0x80000589
[2026-08-29T14:50:09Z DEBUG goblin::pe::import] importing by ordinal 0x589
[2026-08-29T14:50:09Z DEBUG goblin::pe::import] bitfield 0x8000040f
[2026-08-29T14:50:09Z DEBUG goblin::pe::import] importing by ordinal 0x40f
[2026-08-29T14:50:09Z DEBUG goblin::pe::import] bitfield 0x80000110
[2026-08-29T14:50:09Z DEBUG goblin::pe::import] importing by ordinal 0x110
[2026-08-29T14:50:09Z DEBUG goblin::pe::import] bitfield 0x800002d5
[2026-08-29T14:50:09Z DEBUG goblin::pe::import] importing by ordinal 0x2d5
[2026-08-29T14:50:09Z DEBUG goblin::pe::import] bitfield 0x80000211
[2026-08-29T14:50:09Z DEBUG goblin::pe::import] importing by ordinal 0x211
[2026-08-29T14:50:09Z DEBUG goblin::pe::import] bitfield 0x8000021d
[2026-08-29T14:50:09Z DEBUG goblin::pe::import] importing by ordinal 0x21d
[2026-08-29T14:50:09Z DEBUG goblin::pe::import] bitfield 0x800003ba
[2026-08-29T14:50:09Z DEBUG goblin::pe::import] importing by ordinal 0x3ba
[2026-08-29T14:50:09Z DEBUG goblin::pe::import] bitfield 0x800003b9
[2026-08-29T14:50:09Z DEBUG goblin::pe::import] importing by ordinal 0x3b9
[2026-08-29T14:50:09Z DEBUG goblin::pe::import] bitfield 0x80000210
[2026-08-29T14:50:09Z DEBUG goblin::pe::import] importing by ordinal 0x210
[2026-08-29T14:50:09Z DEBUG goblin::pe::import] bitfield 0x80000059
[2026-08-29T14:50:09Z DEBUG goblin::pe::import] importing by ordinal 0x59
[2026-08-29T14:50:09Z DEBUG goblin::pe::import] bitfield 0x8000038e
[2026-08-29T14:50:09Z DEBUG goblin::pe::import] importing by ordinal 0x38e
[2026-08-29T14:50:09Z DEBUG goblin::pe::import] bitfield 0x800003b3
[2026-08-29T14:50:09Z DEBUG goblin::pe::import] importing by ordinal 0x3b3
[2026-08-29T14:50:09Z DEBUG goblin::pe::import] bitfield 0x8000005a
[2026-08-29T14:50:09Z DEBUG goblin::pe::import] importing by ordinal 0x5a
[2026-08-29T14:50:09Z DEBUG goblin::pe::import] bitfield 0x8000038f
[2026-08-29T14:50:09Z DEBUG goblin::pe::import] importing by ordinal 0x38f
[2026-08-29T14:50:09Z DEBUG goblin::pe::import] bitfield 0x8000049e
[2026-08-29T14:50:09Z DEBUG goblin::pe::import] importing by ordinal 0x49e
[2026-08-29T14:50:09Z DEBUG goblin::pe::import] bitfield 0x80000212
[2026-08-29T14:50:09Z DEBUG goblin::pe::import] importing by ordinal 0x212
[2026-08-29T14:50:09Z DEBUG goblin::pe::import] bitfield 0x80000387
[2026-08-29T14:50:09Z DEBUG goblin::pe::import] importing by ordinal 0x387
[2026-08-29T14:50:09Z DEBUG goblin::pe::import] bitfield 0x8000028d
[2026-08-29T14:50:09Z DEBUG goblin::pe::import] importing by ordinal 0x28d
[2026-08-29T14:50:09Z DEBUG goblin::pe::import] bitfield 0x800003b6
[2026-08-29T14:50:09Z DEBUG goblin::pe::import] importing by ordinal 0x3b6
[2026-08-29T14:50:09Z DEBUG goblin::pe::import] bitfield 0x80000377
[2026-08-29T14:50:09Z DEBUG goblin::pe::import] importing by ordinal 0x377
[2026-08-29T14:50:09Z DEBUG goblin::pe::import] bitfield 0x800003b7
[2026-08-29T14:50:09Z DEBUG goblin::pe::import] importing by ordinal 0x3b7
[2026-08-29T14:50:09Z DEBUG goblin::pe::import] bitfield 0x8000064b
[2026-08-29T14:50:09Z DEBUG goblin::pe::import] importing by ordinal 0x64b
[2026-08-29T14:50:09Z DEBUG goblin::pe::import] bitfield 0x800006f1
[2026-08-29T14:50:09Z DEBUG goblin::pe::import] importing by ordinal 0x6f1
[2026-08-29T14:50:09Z DEBUG goblin::pe::import] bitfield 0x80000682
[2026-08-29T14:50:09Z DEBUG goblin::pe::import] importing by ordinal 0x682
[2026-08-29T14:50:09Z DEBUG goblin::pe::import] bitfield 0x80000394
[2026-08-29T14:50:09Z DEBUG goblin::pe::import] importing by ordinal 0x394
[2026-08-29T14:50:09Z DEBUG goblin::pe::import] bitfield 0x8000045b
[2026-08-29T14:50:09Z DEBUG goblin::pe::import] importing by ordinal 0x45b
[2026-08-29T14:50:09Z DEBUG goblin::pe::import] bitfield 0x8000044c
[2026-08-29T14:50:09Z DEBUG goblin::pe::import] importing by ordinal 0x44c
[2026-08-29T14:50:09Z DEBUG goblin::pe::import] bitfield 0x800000c5
[2026-08-29T14:50:09Z DEBUG goblin::pe::import] importing by ordinal 0xc5
[2026-08-29T14:50:09Z DEBUG goblin::pe::import] bitfield 0x80000202
[2026-08-29T14:50:09Z DEBUG goblin::pe::import] importing by ordinal 0x202
[2026-08-29T14:50:09Z DEBUG goblin::pe::import] bitfield 0x800004d7
[2026-08-29T14:50:09Z DEBUG goblin::pe::import] importing by ordinal 0x4d7
[2026-08-29T14:50:09Z DEBUG goblin::pe::import] bitfield 0x800004d6
[2026-08-29T14:50:09Z DEBUG goblin::pe::import] importing by ordinal 0x4d6
[2026-08-29T14:50:09Z DEBUG goblin::pe::import] bitfield 0x8000017f
[2026-08-29T14:50:09Z DEBUG goblin::pe::import] importing by ordinal 0x17f
[2026-08-29T14:50:09Z DEBUG goblin::pe::import] bitfield 0x8000011d
[2026-08-29T14:50:09Z DEBUG goblin::pe::import] importing by ordinal 0x11d
[2026-08-29T14:50:09Z DEBUG goblin::pe::import] bitfield 0x800004cd
[2026-08-29T14:50:09Z DEBUG goblin::pe::import] importing by ordinal 0x4cd
[2026-08-29T14:50:09Z DEBUG goblin::pe::import] bitfield 0x800006e8
[2026-08-29T14:50:09Z DEBUG goblin::pe::import] importing by ordinal 0x6e8
[2026-08-29T14:50:09Z DEBUG goblin::pe::import] bitfield 0x80000488
[2026-08-29T14:50:09Z DEBUG goblin::pe::import] importing by ordinal 0x488
[2026-08-29T14:50:09Z DEBUG goblin::pe::import] bitfield 0x8000035c
[2026-08-29T14:50:09Z DEBUG goblin::pe::import] importing by ordinal 0x35c
[2026-08-29T14:50:09Z DEBUG goblin::pe::import] bitfield 0x8000035d
[2026-08-29T14:50:09Z DEBUG goblin::pe::import] importing by ordinal 0x35d
[2026-08-29T14:50:09Z DEBUG goblin::pe::import] bitfield 0x8000033f
[2026-08-29T14:50:09Z DEBUG goblin::pe::import] importing by ordinal 0x33f
[2026-08-29T14:50:09Z DEBUG goblin::pe::import] bitfield 0x8000011c
[2026-08-29T14:50:09Z DEBUG goblin::pe::import] importing by ordinal 0x11c
[2026-08-29T14:50:09Z DEBUG goblin::pe::import] bitfield 0x800002de
[2026-08-29T14:50:09Z DEBUG goblin::pe::import] importing by ordinal 0x2de
[2026-08-29T14:50:09Z DEBUG goblin::pe::import] bitfield 0x800002e0
[2026-08-29T14:50:09Z DEBUG goblin::pe::import] importing by ordinal 0x2e0
[2026-08-29T14:50:09Z DEBUG goblin::pe::import] bitfield 0x80000066
[2026-08-29T14:50:09Z DEBUG goblin::pe::import] importing by ordinal 0x66
[2026-08-29T14:50:09Z DEBUG goblin::pe::import] bitfield 0x800000f9
[2026-08-29T14:50:09Z DEBUG goblin::pe::import] importing by ordinal 0xf9
[2026-08-29T14:50:09Z DEBUG goblin::pe::import] bitfield 0x800000fc
[2026-08-29T14:50:09Z DEBUG goblin::pe::import] importing by ordinal 0xfc
[2026-08-29T14:50:09Z DEBUG goblin::pe::import] bitfield 0x800002ab
[2026-08-29T14:50:09Z DEBUG goblin::pe::import] importing by ordinal 0x2ab
[2026-08-29T14:50:09Z DEBUG goblin::pe::import] bitfield 0x800002aa
[2026-08-29T14:50:09Z DEBUG goblin::pe::import] importing by ordinal 0x2aa
[2026-08-29T14:50:09Z DEBUG goblin::pe::import] bitfield 0x800000fe
[2026-08-29T14:50:09Z DEBUG goblin::pe::import] importing by ordinal 0xfe
[2026-08-29T14:50:09Z DEBUG goblin::pe::import] bitfield 0x80000100
[2026-08-29T14:50:09Z DEBUG goblin::pe::import] importing by ordinal 0x100
[2026-08-29T14:50:09Z DEBUG goblin::pe::import] bitfield 0x800002db
[2026-08-29T14:50:09Z DEBUG goblin::pe::import] importing by ordinal 0x2db
[2026-08-29T14:50:09Z DEBUG goblin::pe::import] bitfield 0x800005ad
[2026-08-29T14:50:09Z DEBUG goblin::pe::import] importing by ordinal 0x5ad
[2026-08-29T14:50:09Z DEBUG goblin::pe::import] bitfield 0x800002c5
[2026-08-29T14:50:09Z DEBUG goblin::pe::import] importing by ordinal 0x2c5
[2026-08-29T14:50:09Z DEBUG goblin::pe::import] bitfield 0x8000036e
[2026-08-29T14:50:09Z DEBUG goblin::pe::import] importing by ordinal 0x36e
[2026-08-29T14:50:09Z DEBUG goblin::pe::import] bitfield 0x800002c0
[2026-08-29T14:50:09Z DEBUG goblin::pe::import] importing by ordinal 0x2c0
[2026-08-29T14:50:09Z DEBUG goblin::pe::import] bitfield 0x800002c4
[2026-08-29T14:50:09Z DEBUG goblin::pe::import] importing by ordinal 0x2c4
[2026-08-29T14:50:09Z DEBUG goblin::pe::import] bitfield 0x800002da
[2026-08-29T14:50:09Z DEBUG goblin::pe::import] importing by ordinal 0x2da
[2026-08-29T14:50:09Z DEBUG goblin::pe::import] bitfield 0x80000362
[2026-08-29T14:50:09Z DEBUG goblin::pe::import] importing by ordinal 0x362
[2026-08-29T14:50:09Z DEBUG goblin::pe::import] bitfield 0x8000000a
[2026-08-29T14:50:09Z DEBUG goblin::pe::import] importing by ordinal 0xa
[2026-08-29T14:50:09Z DEBUG goblin::pe::import] bitfield 0x8000000b
[2026-08-29T14:50:09Z DEBUG goblin::pe::import] importing by ordinal 0xb
[2026-08-29T14:50:09Z DEBUG goblin::pe::import] bitfield 0x800000ad
[2026-08-29T14:50:09Z DEBUG goblin::pe::import] importing by ordinal 0xad
[2026-08-29T14:50:09Z DEBUG goblin::pe::import] bitfield 0x80000428
[2026-08-29T14:50:09Z DEBUG goblin::pe::import] importing by ordinal 0x428
[2026-08-29T14:50:09Z DEBUG goblin::pe::import] bitfield 0x800000ab
[2026-08-29T14:50:09Z DEBUG goblin::pe::import] importing by ordinal 0xab
[2026-08-29T14:50:09Z DEBUG goblin::pe::import] bitfield 0x800000aa
[2026-08-29T14:50:09Z DEBUG goblin::pe::import] importing by ordinal 0xaa
[2026-08-29T14:50:09Z DEBUG goblin::pe::import] bitfield 0x800000a8
[2026-08-29T14:50:09Z DEBUG goblin::pe::import] importing by ordinal 0xa8
[2026-08-29T14:50:09Z DEBUG goblin::pe::import] bitfield 0x80000466
[2026-08-29T14:50:09Z DEBUG goblin::pe::import] importing by ordinal 0x466
[2026-08-29T14:50:09Z DEBUG goblin::pe::import] bitfield 0x800000ea
[2026-08-29T14:50:09Z DEBUG goblin::pe::import] importing by ordinal 0xea
[2026-08-29T14:50:09Z DEBUG goblin::pe::import] bitfield 0x80000204
[2026-08-29T14:50:09Z DEBUG goblin::pe::import] importing by ordinal 0x204
[2026-08-29T14:50:09Z DEBUG goblin::pe::import] bitfield 0x8000000f
[2026-08-29T14:50:09Z DEBUG goblin::pe::import] importing by ordinal 0xf
[2026-08-29T14:50:09Z DEBUG goblin::pe::import] bitfield 0x80000010
[2026-08-29T14:50:09Z DEBUG goblin::pe::import] importing by ordinal 0x10
[2026-08-29T14:50:09Z DEBUG goblin::pe::import] bitfield 0x80000208
[2026-08-29T14:50:09Z DEBUG goblin::pe::import] importing by ordinal 0x208
[2026-08-29T14:50:09Z DEBUG goblin::pe::import] bitfield 0x80000614
[2026-08-29T14:50:09Z DEBUG goblin::pe::import] importing by ordinal 0x614
[2026-08-29T14:50:09Z DEBUG goblin::pe::import] bitfield 0x8000060f
[2026-08-29T14:50:09Z DEBUG goblin::pe::import] importing by ordinal 0x60f
[2026-08-29T14:50:09Z DEBUG goblin::pe::import] bitfield 0x800007e8
[2026-08-29T14:50:09Z DEBUG goblin::pe::import] importing by ordinal 0x7e8
[2026-08-29T14:50:09Z DEBUG goblin::pe::import] bitfield 0x8000042e
[2026-08-29T14:50:09Z DEBUG goblin::pe::import] importing by ordinal 0x42e
[2026-08-29T14:50:09Z DEBUG goblin::pe::import] bitfield 0x800007d1
[2026-08-29T14:50:09Z DEBUG goblin::pe::import] importing by ordinal 0x7d1
[2026-08-29T14:50:09Z DEBUG goblin::pe::import] bitfield 0x800007d0
[2026-08-29T14:50:09Z DEBUG goblin::pe::import] importing by ordinal 0x7d0
[2026-08-29T14:50:09Z DEBUG goblin::pe::import] bitfield 0x800007d3
[2026-08-29T14:50:09Z DEBUG goblin::pe::import] importing by ordinal 0x7d3
[2026-08-29T14:50:09Z DEBUG goblin::pe::import] bitfield 0x80000041
[2026-08-29T14:50:09Z DEBUG goblin::pe::import] importing by ordinal 0x41
[2026-08-29T14:50:09Z DEBUG goblin::pe::import] bitfield 0x800007e2
[2026-08-29T14:50:09Z DEBUG goblin::pe::import] importing by ordinal 0x7e2
[2026-08-29T14:50:09Z DEBUG goblin::pe::import] bitfield 0x80000429
[2026-08-29T14:50:09Z DEBUG goblin::pe::import] importing by ordinal 0x429
[2026-08-29T14:50:09Z DEBUG goblin::pe::import] bitfield 0x80000023
[2026-08-29T14:50:09Z DEBUG goblin::pe::import] importing by ordinal 0x23
[2026-08-29T14:50:09Z DEBUG goblin::pe::import] bitfield 0x80000021
[2026-08-29T14:50:09Z DEBUG goblin::pe::import] importing by ordinal 0x21
[2026-08-29T14:50:09Z DEBUG goblin::pe::import] bitfield 0x80000022
[2026-08-29T14:50:09Z DEBUG goblin::pe::import] importing by ordinal 0x22
[2026-08-29T14:50:09Z DEBUG goblin::pe::import] bitfield 0x80000042
[2026-08-29T14:50:09Z DEBUG goblin::pe::import] importing by ordinal 0x42
[2026-08-29T14:50:09Z DEBUG goblin::pe::import] bitfield 0x8000066d
[2026-08-29T14:50:09Z DEBUG goblin::pe::import] importing by ordinal 0x66d
[2026-08-29T14:50:09Z DEBUG goblin::pe::import] bitfield 0x80000057
[2026-08-29T14:50:09Z DEBUG goblin::pe::import] importing by ordinal 0x57
[2026-08-29T14:50:09Z DEBUG goblin::pe::import] bitfield 0x80000754
[2026-08-29T14:50:09Z DEBUG goblin::pe::import] importing by ordinal 0x754
[2026-08-29T14:50:09Z DEBUG goblin::pe::import] bitfield 0x80000024
[2026-08-29T14:50:09Z DEBUG goblin::pe::import] importing by ordinal 0x24
[2026-08-29T14:50:09Z DEBUG goblin::pe::import] bitfield 0x80000753
[2026-08-29T14:50:09Z DEBUG goblin::pe::import] importing by ordinal 0x753
[2026-08-29T14:50:09Z DEBUG goblin::pe::import] bitfield 0x800007d2
[2026-08-29T14:50:09Z DEBUG goblin::pe::import] importing by ordinal 0x7d2
[2026-08-29T14:50:09Z DEBUG goblin::pe::import] bitfield 0x8000057f
[2026-08-29T14:50:09Z DEBUG goblin::pe::import] importing by ordinal 0x57f
[2026-08-29T14:50:09Z DEBUG goblin::pe::import] bitfield 0x80000454
[2026-08-29T14:50:09Z DEBUG goblin::pe::import] importing by ordinal 0x454
[2026-08-29T14:50:09Z DEBUG goblin::pe::import] bitfield 0x80000479
[2026-08-29T14:50:09Z DEBUG goblin::pe::import] importing by ordinal 0x479
[2026-08-29T14:50:09Z DEBUG goblin::pe::import] bitfield 0x8000003d
[2026-08-29T14:50:09Z DEBUG goblin::pe::import] importing by ordinal 0x3d
[2026-08-29T14:50:09Z DEBUG goblin::pe::import] bitfield 0x8000003f
[2026-08-29T14:50:09Z DEBUG goblin::pe::import] importing by ordinal 0x3f
[2026-08-29T14:50:09Z DEBUG goblin::pe::import] bitfield 0x800004b1
[2026-08-29T14:50:09Z DEBUG goblin::pe::import] importing by ordinal 0x4b1
[2026-08-29T14:50:09Z DEBUG goblin::pe::import] bitfield 0x80000040
[2026-08-29T14:50:09Z DEBUG goblin::pe::import] importing by ordinal 0x40
[2026-08-29T14:50:09Z DEBUG goblin::pe::import] bitfield 0x800005d4
[2026-08-29T14:50:09Z DEBUG goblin::pe::import] importing by ordinal 0x5d4
[2026-08-29T14:50:09Z DEBUG goblin::pe::import] imports done
[2026-08-29T14:50:09Z DEBUG goblin::pe::import] Successfully synthesized import lookup table entry from lookup table: [
        OrdinalNumber(
            1092,
        ),
        OrdinalNumber(
            1619,
        ),
        OrdinalNumber(
            286,
        ),
        OrdinalNumber(
            702,
        ),
        OrdinalNumber(
            719,
        ),
        OrdinalNumber(
            1018,
        ),
        OrdinalNumber(
            1094,
        ),
        OrdinalNumber(
            1095,
        ),
        OrdinalNumber(
            1575,
        ),
        OrdinalNumber(
            1574,
        ),
        OrdinalNumber(
            1572,
        ),
        OrdinalNumber(
            1041,
        ),
        OrdinalNumber(
            1102,
        ),
        OrdinalNumber(
            1580,
        ),
        OrdinalNumber(
            1046,
        ),
        OrdinalNumber(
            993,
        ),
        OrdinalNumber(
            858,
        ),
        OrdinalNumber(
            859,
        ),
        OrdinalNumber(
            264,
        ),
        OrdinalNumber(
            919,
        ),
        OrdinalNumber(
            19,
        ),
        OrdinalNumber(
            885,
        ),
        OrdinalNumber(
            95,
        ),
        OrdinalNumber(
            246,
        ),
        OrdinalNumber(
            266,
        ),
        OrdinalNumber(
            864,
        ),
        OrdinalNumber(
            496,
        ),
        OrdinalNumber(
            250,
        ),
        OrdinalNumber(
            537,
        ),
        OrdinalNumber(
            870,
        ),
        OrdinalNumber(
            260,
        ),
        OrdinalNumber(
            265,
        ),
        OrdinalNumber(
            25,
        ),
        OrdinalNumber(
            261,
        ),
        OrdinalNumber(
            492,
        ),
        OrdinalNumber(
            196,
        ),
        OrdinalNumber(
            491,
        ),
        OrdinalNumber(
            1113,
        ),
        OrdinalNumber(
            1121,
        ),
        OrdinalNumber(
            1118,
        ),
        OrdinalNumber(
            165,
        ),
        OrdinalNumber(
            385,
        ),
        OrdinalNumber(
            379,
        ),
        OrdinalNumber(
            399,
        ),
        OrdinalNumber(
            386,
        ),
        OrdinalNumber(
            382,
        ),
        OrdinalNumber(
            390,
        ),
        OrdinalNumber(
            389,
        ),
        OrdinalNumber(
            392,
        ),
        OrdinalNumber(
            381,
        ),
        OrdinalNumber(
            387,
        ),
        OrdinalNumber(
            380,
        ),
        OrdinalNumber(
            384,
        ),
        OrdinalNumber(
            1054,
        ),
        OrdinalNumber(
            1177,
        ),
        OrdinalNumber(
            247,
        ),
        OrdinalNumber(
            258,
        ),
        OrdinalNumber(
            263,
        ),
        OrdinalNumber(
            259,
        ),
        OrdinalNumber(
            262,
        ),
        OrdinalNumber(
            921,
        ),
        OrdinalNumber(
            912,
        ),
        OrdinalNumber(
            884,
        ),
        OrdinalNumber(
            1146,
        ),
        OrdinalNumber(
            88,
        ),
        OrdinalNumber(
            493,
        ),
        OrdinalNumber(
            271,
        ),
        OrdinalNumber(
            826,
        ),
        OrdinalNumber(
            701,
        ),
        OrdinalNumber(
            1120,
        ),
        OrdinalNumber(
            1131,
        ),
        OrdinalNumber(
            1130,
        ),
        OrdinalNumber(
            1346,
        ),
        OrdinalNumber(
            1052,
        ),
        OrdinalNumber(
            2054,
        ),
        OrdinalNumber(
            1047,
        ),
        OrdinalNumber(
            1044,
        ),
        OrdinalNumber(
            1043,
        ),
        OrdinalNumber(
            2044,
        ),
        OrdinalNumber(
            988,
        ),
        OrdinalNumber(
            1010,
        ),
        OrdinalNumber(
            2027,
        ),
        OrdinalNumber(
            2016,
        ),
        OrdinalNumber(
            2037,
        ),
        OrdinalNumber(
            2021,
        ),
        OrdinalNumber(
            2053,
        ),
        OrdinalNumber(
            2046,
        ),
        OrdinalNumber(
            2008,
        ),
        OrdinalNumber(
            1051,
        ),
        OrdinalNumber(
            2025,
        ),
        OrdinalNumber(
            2029,
        ),
        OrdinalNumber(
            2012,
        ),
        OrdinalNumber(
            2026,
        ),
        OrdinalNumber(
            2033,
        ),
        OrdinalNumber(
            2048,
        ),
        OrdinalNumber(
            2043,
        ),
        OrdinalNumber(
            2052,
        ),
        OrdinalNumber(
            2047,
        ),
        OrdinalNumber(
            1036,
        ),
        OrdinalNumber(
            2005,
        ),
        OrdinalNumber(
            2032,
        ),
        OrdinalNumber(
            1403,
        ),
        OrdinalNumber(
            2031,
        ),
        OrdinalNumber(
            1068,
        ),
        OrdinalNumber(
            2041,
        ),
        OrdinalNumber(
            1410,
        ),
        OrdinalNumber(
            535,
        ),
        OrdinalNumber(
            555,
        ),
        OrdinalNumber(
            497,
        ),
        OrdinalNumber(
            556,
        ),
        OrdinalNumber(
            553,
        ),
        OrdinalNumber(
            1415,
        ),
        OrdinalNumber(
            1413,
        ),
        OrdinalNumber(
            1079,
        ),
        OrdinalNumber(
            1417,
        ),
        OrdinalNumber(
            1039,
        ),
        OrdinalNumber(
            272,
        ),
        OrdinalNumber(
            725,
        ),
        OrdinalNumber(
            529,
        ),
        OrdinalNumber(
            541,
        ),
        OrdinalNumber(
            954,
        ),
        OrdinalNumber(
            953,
        ),
        OrdinalNumber(
            528,
        ),
        OrdinalNumber(
            89,
        ),
        OrdinalNumber(
            910,
        ),
        OrdinalNumber(
            947,
        ),
        OrdinalNumber(
            90,
        ),
        OrdinalNumber(
            911,
        ),
        OrdinalNumber(
            1182,
        ),
        OrdinalNumber(
            530,
        ),
        OrdinalNumber(
            903,
        ),
        OrdinalNumber(
            653,
        ),
        OrdinalNumber(
            950,
        ),
        OrdinalNumber(
            887,
        ),
        OrdinalNumber(
            951,
        ),
        OrdinalNumber(
            1611,
        ),
        OrdinalNumber(
            1777,
        ),
        OrdinalNumber(
            1666,
        ),
        OrdinalNumber(
            916,
        ),
        OrdinalNumber(
            1115,
        ),
        OrdinalNumber(
            1100,
        ),
        OrdinalNumber(
            197,
        ),
        OrdinalNumber(
            514,
        ),
        OrdinalNumber(
            1239,
        ),
        OrdinalNumber(
            1238,
        ),
        OrdinalNumber(
            383,
        ),
        OrdinalNumber(
            285,
        ),
        OrdinalNumber(
            1229,
        ),
        OrdinalNumber(
            1768,
        ),
        OrdinalNumber(
            1160,
        ),
        OrdinalNumber(
            860,
        ),
        OrdinalNumber(
            861,
        ),
        OrdinalNumber(
            831,
        ),
        OrdinalNumber(
            284,
        ),
        OrdinalNumber(
            734,
        ),
        OrdinalNumber(
            736,
        ),
        OrdinalNumber(
            102,
        ),
        OrdinalNumber(
            249,
        ),
        OrdinalNumber(
            252,
        ),
        OrdinalNumber(
            683,
        ),
        OrdinalNumber(
            682,
        ),
        OrdinalNumber(
            254,
        ),
        OrdinalNumber(
            256,
        ),
        OrdinalNumber(
            731,
        ),
        OrdinalNumber(
            1453,
        ),
        OrdinalNumber(
            709,
        ),
        OrdinalNumber(
            878,
        ),
        OrdinalNumber(
            704,
        ),
        OrdinalNumber(
            708,
        ),
        OrdinalNumber(
            730,
        ),
        OrdinalNumber(
            866,
        ),
        OrdinalNumber(
            10,
        ),
        OrdinalNumber(
            11,
        ),
        OrdinalNumber(
            173,
        ),
        OrdinalNumber(
            1064,
        ),
        OrdinalNumber(
            171,
        ),
        OrdinalNumber(
            170,
        ),
        OrdinalNumber(
            168,
        ),
        OrdinalNumber(
            1126,
        ),
        OrdinalNumber(
            234,
        ),
        OrdinalNumber(
            516,
        ),
        OrdinalNumber(
            15,
        ),
        OrdinalNumber(
            16,
        ),
        OrdinalNumber(
            520,
        ),
        OrdinalNumber(
            1556,
        ),
        OrdinalNumber(
            1551,
        ),
        OrdinalNumber(
            2024,
        ),
        OrdinalNumber(
            1070,
        ),
        OrdinalNumber(
            2001,
        ),
        OrdinalNumber(
            2000,
        ),
        OrdinalNumber(
            2003,
        ),
        OrdinalNumber(
            65,
        ),
        OrdinalNumber(
            2018,
        ),
        OrdinalNumber(
            1065,
        ),
        OrdinalNumber(
            35,
        ),
        OrdinalNumber(
            33,
        ),
        OrdinalNumber(
            34,
        ),
        OrdinalNumber(
            66,
        ),
        OrdinalNumber(
            1645,
        ),
        OrdinalNumber(
            87,
        ),
        OrdinalNumber(
            1876,
        ),
        OrdinalNumber(
            36,
        ),
        OrdinalNumber(
            1875,
        ),
        OrdinalNumber(
            2002,
        ),
        OrdinalNumber(
            1407,
        ),
        OrdinalNumber(
            1108,
        ),
        OrdinalNumber(
            1145,
        ),
        OrdinalNumber(
            61,
        ),
        OrdinalNumber(
            63,
        ),
        OrdinalNumber(
            1201,
        ),
        OrdinalNumber(
            64,
        ),
        OrdinalNumber(
            1492,
        ),
    ]
[2026-08-29T14:50:09Z DEBUG goblin::pe::utils] Checking .text for 0x131000 ∈ 0x1000..0x118124
[2026-08-29T14:50:09Z DEBUG goblin::pe::utils] Checking .rdata for 0x131000 ∈ 0x119000..0x1303a8
[2026-08-29T14:50:09Z DEBUG goblin::pe::utils] Checking .data for 0x131000 ∈ 0x131000..0x137220
[2026-08-29T14:50:09Z DEBUG goblin::pe::utils] Found in section .data(2), remapped into offset 0x12ea00
[2026-08-29T14:50:09Z DEBUG goblin::pe::import] entry SyntheticImportDirectoryEntry {
        import_directory_entry: ImportDirectoryEntry {
            import_lookup_table_rva: 1241056,
            time_date_stamp: 0,
            forwarder_chain: 0,
            name_rva: 1241928,
            import_address_table_rva: 1249280,
        },
        name: "COREDLL.dll",
        import_lookup_table: Some(
            [
                OrdinalNumber(
                    1092,
                ),
                OrdinalNumber(
                    1619,
                ),
                OrdinalNumber(
                    286,
                ),
                OrdinalNumber(
                    702,
                ),
                OrdinalNumber(
                    719,
                ),
                OrdinalNumber(
                    1018,
                ),
                OrdinalNumber(
                    1094,
                ),
                OrdinalNumber(
                    1095,
                ),
                OrdinalNumber(
                    1575,
                ),
                OrdinalNumber(
                    1574,
                ),
                OrdinalNumber(
                    1572,
                ),
                OrdinalNumber(
                    1041,
                ),
                OrdinalNumber(
                    1102,
                ),
                OrdinalNumber(
                    1580,
                ),
                OrdinalNumber(
                    1046,
                ),
                OrdinalNumber(
                    993,
                ),
                OrdinalNumber(
                    858,
                ),
                OrdinalNumber(
                    859,
                ),
                OrdinalNumber(
                    264,
                ),
                OrdinalNumber(
                    919,
                ),
                OrdinalNumber(
                    19,
                ),
                OrdinalNumber(
                    885,
                ),
                OrdinalNumber(
                    95,
                ),
                OrdinalNumber(
                    246,
                ),
                OrdinalNumber(
                    266,
                ),
                OrdinalNumber(
                    864,
                ),
                OrdinalNumber(
                    496,
                ),
                OrdinalNumber(
                    250,
                ),
                OrdinalNumber(
                    537,
                ),
                OrdinalNumber(
                    870,
                ),
                OrdinalNumber(
                    260,
                ),
                OrdinalNumber(
                    265,
                ),
                OrdinalNumber(
                    25,
                ),
                OrdinalNumber(
                    261,
                ),
                OrdinalNumber(
                    492,
                ),
                OrdinalNumber(
                    196,
                ),
                OrdinalNumber(
                    491,
                ),
                OrdinalNumber(
                    1113,
                ),
                OrdinalNumber(
                    1121,
                ),
                OrdinalNumber(
                    1118,
                ),
                OrdinalNumber(
                    165,
                ),
                OrdinalNumber(
                    385,
                ),
                OrdinalNumber(
                    379,
                ),
                OrdinalNumber(
                    399,
                ),
                OrdinalNumber(
                    386,
                ),
                OrdinalNumber(
                    382,
                ),
                OrdinalNumber(
                    390,
                ),
                OrdinalNumber(
                    389,
                ),
                OrdinalNumber(
                    392,
                ),
                OrdinalNumber(
                    381,
                ),
                OrdinalNumber(
                    387,
                ),
                OrdinalNumber(
                    380,
                ),
                OrdinalNumber(
                    384,
                ),
                OrdinalNumber(
                    1054,
                ),
                OrdinalNumber(
                    1177,
                ),
                OrdinalNumber(
                    247,
                ),
                OrdinalNumber(
                    258,
                ),
                OrdinalNumber(
                    263,
                ),
                OrdinalNumber(
                    259,
                ),
                OrdinalNumber(
                    262,
                ),
                OrdinalNumber(
                    921,
                ),
                OrdinalNumber(
                    912,
                ),
                OrdinalNumber(
                    884,
                ),
                OrdinalNumber(
                    1146,
                ),
                OrdinalNumber(
                    88,
                ),
                OrdinalNumber(
                    493,
                ),
                OrdinalNumber(
                    271,
                ),
                OrdinalNumber(
                    826,
                ),
                OrdinalNumber(
                    701,
                ),
                OrdinalNumber(
                    1120,
                ),
                OrdinalNumber(
                    1131,
                ),
                OrdinalNumber(
                    1130,
                ),
                OrdinalNumber(
                    1346,
                ),
                OrdinalNumber(
                    1052,
                ),
                OrdinalNumber(
                    2054,
                ),
                OrdinalNumber(
                    1047,
                ),
                OrdinalNumber(
                    1044,
                ),
                OrdinalNumber(
                    1043,
                ),
                OrdinalNumber(
                    2044,
                ),
                OrdinalNumber(
                    988,
                ),
                OrdinalNumber(
                    1010,
                ),
                OrdinalNumber(
                    2027,
                ),
                OrdinalNumber(
                    2016,
                ),
                OrdinalNumber(
                    2037,
                ),
                OrdinalNumber(
                    2021,
                ),
                OrdinalNumber(
                    2053,
                ),
                OrdinalNumber(
                    2046,
                ),
                OrdinalNumber(
                    2008,
                ),
                OrdinalNumber(
                    1051,
                ),
                OrdinalNumber(
                    2025,
                ),
                OrdinalNumber(
                    2029,
                ),
                OrdinalNumber(
                    2012,
                ),
                OrdinalNumber(
                    2026,
                ),
                OrdinalNumber(
                    2033,
                ),
                OrdinalNumber(
                    2048,
                ),
                OrdinalNumber(
                    2043,
                ),
                OrdinalNumber(
                    2052,
                ),
                OrdinalNumber(
                    2047,
                ),
                OrdinalNumber(
                    1036,
                ),
                OrdinalNumber(
                    2005,
                ),
                OrdinalNumber(
                    2032,
                ),
                OrdinalNumber(
                    1403,
                ),
                OrdinalNumber(
                    2031,
                ),
                OrdinalNumber(
                    1068,
                ),
                OrdinalNumber(
                    2041,
                ),
                OrdinalNumber(
                    1410,
                ),
                OrdinalNumber(
                    535,
                ),
                OrdinalNumber(
                    555,
                ),
                OrdinalNumber(
                    497,
                ),
                OrdinalNumber(
                    556,
                ),
                OrdinalNumber(
                    553,
                ),
                OrdinalNumber(
                    1415,
                ),
                OrdinalNumber(
                    1413,
                ),
                OrdinalNumber(
                    1079,
                ),
                OrdinalNumber(
                    1417,
                ),
                OrdinalNumber(
                    1039,
                ),
                OrdinalNumber(
                    272,
                ),
                OrdinalNumber(
                    725,
                ),
                OrdinalNumber(
                    529,
                ),
                OrdinalNumber(
                    541,
                ),
                OrdinalNumber(
                    954,
                ),
                OrdinalNumber(
                    953,
                ),
                OrdinalNumber(
                    528,
                ),
                OrdinalNumber(
                    89,
                ),
                OrdinalNumber(
                    910,
                ),
                OrdinalNumber(
                    947,
                ),
                OrdinalNumber(
                    90,
                ),
                OrdinalNumber(
                    911,
                ),
                OrdinalNumber(
                    1182,
                ),
                OrdinalNumber(
                    530,
                ),
                OrdinalNumber(
                    903,
                ),
                OrdinalNumber(
                    653,
                ),
                OrdinalNumber(
                    950,
                ),
                OrdinalNumber(
                    887,
                ),
                OrdinalNumber(
                    951,
                ),
                OrdinalNumber(
                    1611,
                ),
                OrdinalNumber(
                    1777,
                ),
                OrdinalNumber(
                    1666,
                ),
                OrdinalNumber(
                    916,
                ),
                OrdinalNumber(
                    1115,
                ),
                OrdinalNumber(
                    1100,
                ),
                OrdinalNumber(
                    197,
                ),
                OrdinalNumber(
                    514,
                ),
                OrdinalNumber(
                    1239,
                ),
                OrdinalNumber(
                    1238,
                ),
                OrdinalNumber(
                    383,
                ),
                OrdinalNumber(
                    285,
                ),
                OrdinalNumber(
                    1229,
                ),
                OrdinalNumber(
                    1768,
                ),
                OrdinalNumber(
                    1160,
                ),
                OrdinalNumber(
                    860,
                ),
                OrdinalNumber(
                    861,
                ),
                OrdinalNumber(
                    831,
                ),
                OrdinalNumber(
                    284,
                ),
                OrdinalNumber(
                    734,
                ),
                OrdinalNumber(
                    736,
                ),
                OrdinalNumber(
                    102,
                ),
                OrdinalNumber(
                    249,
                ),
                OrdinalNumber(
                    252,
                ),
                OrdinalNumber(
                    683,
                ),
                OrdinalNumber(
                    682,
                ),
                OrdinalNumber(
                    254,
                ),
                OrdinalNumber(
                    256,
                ),
                OrdinalNumber(
                    731,
                ),
                OrdinalNumber(
                    1453,
                ),
                OrdinalNumber(
                    709,
                ),
                OrdinalNumber(
                    878,
                ),
                OrdinalNumber(
                    704,
                ),
                OrdinalNumber(
                    708,
                ),
                OrdinalNumber(
                    730,
                ),
                OrdinalNumber(
                    866,
                ),
                OrdinalNumber(
                    10,
                ),
                OrdinalNumber(
                    11,
                ),
                OrdinalNumber(
                    173,
                ),
                OrdinalNumber(
                    1064,
                ),
                OrdinalNumber(
                    171,
                ),
                OrdinalNumber(
                    170,
                ),
                OrdinalNumber(
                    168,
                ),
                OrdinalNumber(
                    1126,
                ),
                OrdinalNumber(
                    234,
                ),
                OrdinalNumber(
                    516,
                ),
                OrdinalNumber(
                    15,
                ),
                OrdinalNumber(
                    16,
                ),
                OrdinalNumber(
                    520,
                ),
                OrdinalNumber(
                    1556,
                ),
                OrdinalNumber(
                    1551,
                ),
                OrdinalNumber(
                    2024,
                ),
                OrdinalNumber(
                    1070,
                ),
                OrdinalNumber(
                    2001,
                ),
                OrdinalNumber(
                    2000,
                ),
                OrdinalNumber(
                    2003,
                ),
                OrdinalNumber(
                    65,
                ),
                OrdinalNumber(
                    2018,
                ),
                OrdinalNumber(
                    1065,
                ),
                OrdinalNumber(
                    35,
                ),
                OrdinalNumber(
                    33,
                ),
                OrdinalNumber(
                    34,
                ),
                OrdinalNumber(
                    66,
                ),
                OrdinalNumber(
                    1645,
                ),
                OrdinalNumber(
                    87,
                ),
                OrdinalNumber(
                    1876,
                ),
                OrdinalNumber(
                    36,
                ),
                OrdinalNumber(
                    1875,
                ),
                OrdinalNumber(
                    2002,
                ),
                OrdinalNumber(
                    1407,
                ),
                OrdinalNumber(
                    1108,
                ),
                OrdinalNumber(
                    1145,
                ),
                OrdinalNumber(
                    61,
                ),
                OrdinalNumber(
                    63,
                ),
                OrdinalNumber(
                    1201,
                ),
                OrdinalNumber(
                    64,
                ),
                OrdinalNumber(
                    1492,
                ),
            ],
        ),
        import_address_table: [
            2147484740,
            2147485267,
            2147483934,
            2147484350,
            2147484367,
            2147484666,
            2147484742,
            2147484743,
            2147485223,
            2147485222,
            2147485220,
            2147484689,
            2147484750,
            2147485228,
            2147484694,
            2147484641,
            2147484506,
            2147484507,
            2147483912,
            2147484567,
            2147483667,
            2147484533,
            2147483743,
            2147483894,
            2147483914,
            2147484512,
            2147484144,
            2147483898,
            2147484185,
            2147484518,
            2147483908,
            2147483913,
            2147483673,
            2147483909,
            2147484140,
            2147483844,
            2147484139,
            2147484761,
            2147484769,
            2147484766,
            2147483813,
            2147484033,
            2147484027,
            2147484047,
            2147484034,
            2147484030,
            2147484038,
            2147484037,
            2147484040,
            2147484029,
            2147484035,
            2147484028,
            2147484032,
            2147484702,
            2147484825,
            2147483895,
            2147483906,
            2147483911,
            2147483907,
            2147483910,
            2147484569,
            2147484560,
            2147484532,
            2147484794,
            2147483736,
            2147484141,
            2147483919,
            2147484474,
            2147484349,
            2147484768,
            2147484779,
            2147484778,
            2147484994,
            2147484700,
            2147485702,
            2147484695,
            2147484692,
            2147484691,
            2147485692,
            2147484636,
            2147484658,
            2147485675,
            2147485664,
            2147485685,
            2147485669,
            2147485701,
            2147485694,
            2147485656,
            2147484699,
            2147485673,
            2147485677,
            2147485660,
            2147485674,
            2147485681,
            2147485696,
            2147485691,
            2147485700,
            2147485695,
            2147484684,
            2147485653,
            2147485680,
            2147485051,
            2147485679,
            2147484716,
            2147485689,
            2147485058,
            2147484183,
            2147484203,
            2147484145,
            2147484204,
            2147484201,
            2147485063,
            2147485061,
            2147484727,
            2147485065,
            2147484687,
            2147483920,
            2147484373,
            2147484177,
            2147484189,
            2147484602,
            2147484601,
            2147484176,
            2147483737,
            2147484558,
            2147484595,
            2147483738,
            2147484559,
            2147484830,
            2147484178,
            2147484551,
            2147484301,
            2147484598,
            2147484535,
            2147484599,
            2147485259,
            2147485425,
            2147485314,
            2147484564,
            2147484763,
            2147484748,
            2147483845,
            2147484162,
            2147484887,
            2147484886,
            2147484031,
            2147483933,
            2147484877,
            2147485416,
            2147484808,
            2147484508,
            2147484509,
            2147484479,
            2147483932,
            2147484382,
            2147484384,
            2147483750,
            2147483897,
            2147483900,
            2147484331,
            2147484330,
            2147483902,
            2147483904,
            2147484379,
            2147485101,
            2147484357,
            2147484526,
            2147484352,
            2147484356,
            2147484378,
            2147484514,
            2147483658,
            2147483659,
            2147483821,
            2147484712,
            2147483819,
            2147483818,
            2147483816,
            2147484774,
            2147483882,
            2147484164,
            2147483663,
            2147483664,
            2147484168,
            2147485204,
            2147485199,
            2147485672,
            2147484718,
            2147485649,
            2147485648,
            2147485651,
            2147483713,
            2147485666,
            2147484713,
            2147483683,
            2147483681,
            2147483682,
            2147483714,
            2147485293,
            2147483735,
            2147485524,
            2147483684,
            2147485523,
            2147485650,
            2147485055,
            2147484756,
            2147484793,
            2147483709,
            2147483711,
            2147484849,
            2147483712,
            2147485140,
        ],
    }
[2026-08-29T14:50:09Z DEBUG goblin::pe::import] ImportDirectoryEntry {
        import_lookup_table_rva: 1241908,
        time_date_stamp: 0,
        forwarder_chain: 0,
        name_rva: 1242006,
        import_address_table_rva: 1250132,
    }
[2026-08-29T14:50:09Z DEBUG goblin::pe::utils] Checking .text for 0x12f396 ∈ 0x1000..0x118124
[2026-08-29T14:50:09Z DEBUG goblin::pe::utils] Checking .rdata for 0x12f396 ∈ 0x119000..0x1303a8
[2026-08-29T14:50:09Z DEBUG goblin::pe::utils] Found in section .rdata(1), remapped into offset 0x12d996
[2026-08-29T14:50:09Z DEBUG goblin::pe::utils] Checking .text for 0x12f334 ∈ 0x1000..0x118124
[2026-08-29T14:50:09Z DEBUG goblin::pe::utils] Checking .rdata for 0x12f334 ∈ 0x119000..0x1303a8
[2026-08-29T14:50:09Z DEBUG goblin::pe::utils] Found in section .rdata(1), remapped into offset 0x12d934
[2026-08-29T14:50:09Z DEBUG goblin::pe::import] Synthesizing lookup table imports for MMTimer.dll lib, with import lookup table rva: 0x12f334
[2026-08-29T14:50:09Z DEBUG goblin::pe::import] bitfield 0x12f384
[2026-08-29T14:50:09Z DEBUG goblin::pe::import] searching for RVA 0x12f384
[2026-08-29T14:50:09Z DEBUG goblin::pe::utils] Checking .text for 0x12f384 ∈ 0x1000..0x118124
[2026-08-29T14:50:09Z DEBUG goblin::pe::utils] Checking .rdata for 0x12f384 ∈ 0x119000..0x1303a8
[2026-08-29T14:50:09Z DEBUG goblin::pe::utils] Found in section .rdata(1), remapped into offset 0x12d984
[2026-08-29T14:50:09Z DEBUG goblin::pe::import] offset 0x12d984
[2026-08-29T14:50:09Z DEBUG goblin::pe::import] bitfield 0x12f374
[2026-08-29T14:50:09Z DEBUG goblin::pe::import] searching for RVA 0x12f374
[2026-08-29T14:50:09Z DEBUG goblin::pe::utils] Checking .text for 0x12f374 ∈ 0x1000..0x118124
[2026-08-29T14:50:09Z DEBUG goblin::pe::utils] Checking .rdata for 0x12f374 ∈ 0x119000..0x1303a8
[2026-08-29T14:50:09Z DEBUG goblin::pe::utils] Found in section .rdata(1), remapped into offset 0x12d974
[2026-08-29T14:50:09Z DEBUG goblin::pe::import] offset 0x12d974
[2026-08-29T14:50:09Z DEBUG goblin::pe::import] bitfield 0x12f364
[2026-08-29T14:50:09Z DEBUG goblin::pe::import] searching for RVA 0x12f364
[2026-08-29T14:50:09Z DEBUG goblin::pe::utils] Checking .text for 0x12f364 ∈ 0x1000..0x118124
[2026-08-29T14:50:09Z DEBUG goblin::pe::utils] Checking .rdata for 0x12f364 ∈ 0x119000..0x1303a8
[2026-08-29T14:50:09Z DEBUG goblin::pe::utils] Found in section .rdata(1), remapped into offset 0x12d964
[2026-08-29T14:50:09Z DEBUG goblin::pe::import] offset 0x12d964
[2026-08-29T14:50:09Z DEBUG goblin::pe::import] bitfield 0x12f354
[2026-08-29T14:50:09Z DEBUG goblin::pe::import] searching for RVA 0x12f354
[2026-08-29T14:50:09Z DEBUG goblin::pe::utils] Checking .text for 0x12f354 ∈ 0x1000..0x118124
[2026-08-29T14:50:09Z DEBUG goblin::pe::utils] Checking .rdata for 0x12f354 ∈ 0x119000..0x1303a8
[2026-08-29T14:50:09Z DEBUG goblin::pe::utils] Found in section .rdata(1), remapped into offset 0x12d954
[2026-08-29T14:50:09Z DEBUG goblin::pe::import] offset 0x12d954
[2026-08-29T14:50:09Z DEBUG goblin::pe::import] imports done
[2026-08-29T14:50:09Z DEBUG goblin::pe::import] Successfully synthesized import lookup table entry from lookup table: [
        HintNameTableRVA(
            (
                1241988,
                HintNameTableEntry {
                    hint: 0,
                    name: "timeBeginPeriod",
                },
            ),
        ),
        HintNameTableRVA(
            (
                1241972,
                HintNameTableEntry {
                    hint: 6,
                    name: "timeKillEvent",
                },
            ),
        ),
        HintNameTableRVA(
            (
                1241956,
                HintNameTableEntry {
                    hint: 1,
                    name: "timeEndPeriod",
                },
            ),
        ),
        HintNameTableRVA(
            (
                1241940,
                HintNameTableEntry {
                    hint: 7,
                    name: "timeSetEvent",
                },
            ),
        ),
    ]
[2026-08-29T14:50:09Z DEBUG goblin::pe::utils] Checking .text for 0x131354 ∈ 0x1000..0x118124
[2026-08-29T14:50:09Z DEBUG goblin::pe::utils] Checking .rdata for 0x131354 ∈ 0x119000..0x1303a8
[2026-08-29T14:50:09Z DEBUG goblin::pe::utils] Checking .data for 0x131354 ∈ 0x131000..0x137220
[2026-08-29T14:50:09Z DEBUG goblin::pe::utils] Found in section .data(2), remapped into offset 0x12ed54
[2026-08-29T14:50:09Z DEBUG goblin::pe::import] entry SyntheticImportDirectoryEntry {
        import_directory_entry: ImportDirectoryEntry {
            import_lookup_table_rva: 1241908,
            time_date_stamp: 0,
            forwarder_chain: 0,
            name_rva: 1242006,
            import_address_table_rva: 1250132,
        },
        name: "MMTimer.dll",
        import_lookup_table: Some(
            [
                HintNameTableRVA(
                    (
                        1241988,
                        HintNameTableEntry {
                            hint: 0,
                            name: "timeBeginPeriod",
                        },
                    ),
                ),
                HintNameTableRVA(
                    (
                        1241972,
                        HintNameTableEntry {
                            hint: 6,
                            name: "timeKillEvent",
                        },
                    ),
                ),
                HintNameTableRVA(
                    (
                        1241956,
                        HintNameTableEntry {
                            hint: 1,
                            name: "timeEndPeriod",
                        },
                    ),
                ),
                HintNameTableRVA(
                    (
                        1241940,
                        HintNameTableEntry {
                            hint: 7,
                            name: "timeSetEvent",
                        },
                    ),
                ),
            ],
        ),
        import_address_table: [
            1241988,
            1241972,
            1241956,
            1241940,
        ],
    }
[2026-08-29T14:50:09Z DEBUG goblin::pe::import] ImportDirectoryEntry {
        import_lookup_table_rva: 0,
        time_date_stamp: 0,
        forwarder_chain: 0,
        name_rva: 0,
        import_address_table_rva: 0,
    }
[2026-08-29T14:50:09Z DEBUG goblin::pe::import] finished ImportData
[2026-08-29T14:50:09Z DEBUG goblin::pe] import data ImportData {
        import_data: [
            SyntheticImportDirectoryEntry {
                import_directory_entry: ImportDirectoryEntry {
                    import_lookup_table_rva: 1241056,
                    time_date_stamp: 0,
                    forwarder_chain: 0,
                    name_rva: 1241928,
                    import_address_table_rva: 1249280,
                },
                name: "COREDLL.dll",
                import_lookup_table: Some(
                    [
                        OrdinalNumber(
                            1092,
                        ),
                        OrdinalNumber(
                            1619,
                        ),
                        OrdinalNumber(
                            286,
                        ),
                        OrdinalNumber(
                            702,
                        ),
                        OrdinalNumber(
                            719,
                        ),
                        OrdinalNumber(
                            1018,
                        ),
                        OrdinalNumber(
                            1094,
                        ),
                        OrdinalNumber(
                            1095,
                        ),
                        OrdinalNumber(
                            1575,
                        ),
                        OrdinalNumber(
                            1574,
                        ),
                        OrdinalNumber(
                            1572,
                        ),
                        OrdinalNumber(
                            1041,
                        ),
                        OrdinalNumber(
                            1102,
                        ),
                        OrdinalNumber(
                            1580,
                        ),
                        OrdinalNumber(
                            1046,
                        ),
                        OrdinalNumber(
                            993,
                        ),
                        OrdinalNumber(
                            858,
                        ),
                        OrdinalNumber(
                            859,
                        ),
                        OrdinalNumber(
                            264,
                        ),
                        OrdinalNumber(
                            919,
                        ),
                        OrdinalNumber(
                            19,
                        ),
                        OrdinalNumber(
                            885,
                        ),
                        OrdinalNumber(
                            95,
                        ),
                        OrdinalNumber(
                            246,
                        ),
                        OrdinalNumber(
                            266,
                        ),
                        OrdinalNumber(
                            864,
                        ),
                        OrdinalNumber(
                            496,
                        ),
                        OrdinalNumber(
                            250,
                        ),
                        OrdinalNumber(
                            537,
                        ),
                        OrdinalNumber(
                            870,
                        ),
                        OrdinalNumber(
                            260,
                        ),
                        OrdinalNumber(
                            265,
                        ),
                        OrdinalNumber(
                            25,
                        ),
                        OrdinalNumber(
                            261,
                        ),
                        OrdinalNumber(
                            492,
                        ),
                        OrdinalNumber(
                            196,
                        ),
                        OrdinalNumber(
                            491,
                        ),
                        OrdinalNumber(
                            1113,
                        ),
                        OrdinalNumber(
                            1121,
                        ),
                        OrdinalNumber(
                            1118,
                        ),
                        OrdinalNumber(
                            165,
                        ),
                        OrdinalNumber(
                            385,
                        ),
                        OrdinalNumber(
                            379,
                        ),
                        OrdinalNumber(
                            399,
                        ),
                        OrdinalNumber(
                            386,
                        ),
                        OrdinalNumber(
                            382,
                        ),
                        OrdinalNumber(
                            390,
                        ),
                        OrdinalNumber(
                            389,
                        ),
                        OrdinalNumber(
                            392,
                        ),
                        OrdinalNumber(
                            381,
                        ),
                        OrdinalNumber(
                            387,
                        ),
                        OrdinalNumber(
                            380,
                        ),
                        OrdinalNumber(
                            384,
                        ),
                        OrdinalNumber(
                            1054,
                        ),
                        OrdinalNumber(
                            1177,
                        ),
                        OrdinalNumber(
                            247,
                        ),
                        OrdinalNumber(
                            258,
                        ),
                        OrdinalNumber(
                            263,
                        ),
                        OrdinalNumber(
                            259,
                        ),
                        OrdinalNumber(
                            262,
                        ),
                        OrdinalNumber(
                            921,
                        ),
                        OrdinalNumber(
                            912,
                        ),
                        OrdinalNumber(
                            884,
                        ),
                        OrdinalNumber(
                            1146,
                        ),
                        OrdinalNumber(
                            88,
                        ),
                        OrdinalNumber(
                            493,
                        ),
                        OrdinalNumber(
                            271,
                        ),
                        OrdinalNumber(
                            826,
                        ),
                        OrdinalNumber(
                            701,
                        ),
                        OrdinalNumber(
                            1120,
                        ),
                        OrdinalNumber(
                            1131,
                        ),
                        OrdinalNumber(
                            1130,
                        ),
                        OrdinalNumber(
                            1346,
                        ),
                        OrdinalNumber(
                            1052,
                        ),
                        OrdinalNumber(
                            2054,
                        ),
                        OrdinalNumber(
                            1047,
                        ),
                        OrdinalNumber(
                            1044,
                        ),
                        OrdinalNumber(
                            1043,
                        ),
                        OrdinalNumber(
                            2044,
                        ),
                        OrdinalNumber(
                            988,
                        ),
                        OrdinalNumber(
                            1010,
                        ),
                        OrdinalNumber(
                            2027,
                        ),
                        OrdinalNumber(
                            2016,
                        ),
                        OrdinalNumber(
                            2037,
                        ),
                        OrdinalNumber(
                            2021,
                        ),
                        OrdinalNumber(
                            2053,
                        ),
                        OrdinalNumber(
                            2046,
                        ),
                        OrdinalNumber(
                            2008,
                        ),
                        OrdinalNumber(
                            1051,
                        ),
                        OrdinalNumber(
                            2025,
                        ),
                        OrdinalNumber(
                            2029,
                        ),
                        OrdinalNumber(
                            2012,
                        ),
                        OrdinalNumber(
                            2026,
                        ),
                        OrdinalNumber(
                            2033,
                        ),
                        OrdinalNumber(
                            2048,
                        ),
                        OrdinalNumber(
                            2043,
                        ),
                        OrdinalNumber(
                            2052,
                        ),
                        OrdinalNumber(
                            2047,
                        ),
                        OrdinalNumber(
                            1036,
                        ),
                        OrdinalNumber(
                            2005,
                        ),
                        OrdinalNumber(
                            2032,
                        ),
                        OrdinalNumber(
                            1403,
                        ),
                        OrdinalNumber(
                            2031,
                        ),
                        OrdinalNumber(
                            1068,
                        ),
                        OrdinalNumber(
                            2041,
                        ),
                        OrdinalNumber(
                            1410,
                        ),
                        OrdinalNumber(
                            535,
                        ),
                        OrdinalNumber(
                            555,
                        ),
                        OrdinalNumber(
                            497,
                        ),
                        OrdinalNumber(
                            556,
                        ),
                        OrdinalNumber(
                            553,
                        ),
                        OrdinalNumber(
                            1415,
                        ),
                        OrdinalNumber(
                            1413,
                        ),
                        OrdinalNumber(
                            1079,
                        ),
                        OrdinalNumber(
                            1417,
                        ),
                        OrdinalNumber(
                            1039,
                        ),
                        OrdinalNumber(
                            272,
                        ),
                        OrdinalNumber(
                            725,
                        ),
                        OrdinalNumber(
                            529,
                        ),
                        OrdinalNumber(
                            541,
                        ),
                        OrdinalNumber(
                            954,
                        ),
                        OrdinalNumber(
                            953,
                        ),
                        OrdinalNumber(
                            528,
                        ),
                        OrdinalNumber(
                            89,
                        ),
                        OrdinalNumber(
                            910,
                        ),
                        OrdinalNumber(
                            947,
                        ),
                        OrdinalNumber(
                            90,
                        ),
                        OrdinalNumber(
                            911,
                        ),
                        OrdinalNumber(
                            1182,
                        ),
                        OrdinalNumber(
                            530,
                        ),
                        OrdinalNumber(
                            903,
                        ),
                        OrdinalNumber(
                            653,
                        ),
                        OrdinalNumber(
                            950,
                        ),
                        OrdinalNumber(
                            887,
                        ),
                        OrdinalNumber(
                            951,
                        ),
                        OrdinalNumber(
                            1611,
                        ),
                        OrdinalNumber(
                            1777,
                        ),
                        OrdinalNumber(
                            1666,
                        ),
                        OrdinalNumber(
                            916,
                        ),
                        OrdinalNumber(
                            1115,
                        ),
                        OrdinalNumber(
                            1100,
                        ),
                        OrdinalNumber(
                            197,
                        ),
                        OrdinalNumber(
                            514,
                        ),
                        OrdinalNumber(
                            1239,
                        ),
                        OrdinalNumber(
                            1238,
                        ),
                        OrdinalNumber(
                            383,
                        ),
                        OrdinalNumber(
                            285,
                        ),
                        OrdinalNumber(
                            1229,
                        ),
                        OrdinalNumber(
                            1768,
                        ),
                        OrdinalNumber(
                            1160,
                        ),
                        OrdinalNumber(
                            860,
                        ),
                        OrdinalNumber(
                            861,
                        ),
                        OrdinalNumber(
                            831,
                        ),
                        OrdinalNumber(
                            284,
                        ),
                        OrdinalNumber(
                            734,
                        ),
                        OrdinalNumber(
                            736,
                        ),
                        OrdinalNumber(
                            102,
                        ),
                        OrdinalNumber(
                            249,
                        ),
                        OrdinalNumber(
                            252,
                        ),
                        OrdinalNumber(
                            683,
                        ),
                        OrdinalNumber(
                            682,
                        ),
                        OrdinalNumber(
                            254,
                        ),
                        OrdinalNumber(
                            256,
                        ),
                        OrdinalNumber(
                            731,
                        ),
                        OrdinalNumber(
                            1453,
                        ),
                        OrdinalNumber(
                            709,
                        ),
                        OrdinalNumber(
                            878,
                        ),
                        OrdinalNumber(
                            704,
                        ),
                        OrdinalNumber(
                            708,
                        ),
                        OrdinalNumber(
                            730,
                        ),
                        OrdinalNumber(
                            866,
                        ),
                        OrdinalNumber(
                            10,
                        ),
                        OrdinalNumber(
                            11,
                        ),
                        OrdinalNumber(
                            173,
                        ),
                        OrdinalNumber(
                            1064,
                        ),
                        OrdinalNumber(
                            171,
                        ),
                        OrdinalNumber(
                            170,
                        ),
                        OrdinalNumber(
                            168,
                        ),
                        OrdinalNumber(
                            1126,
                        ),
                        OrdinalNumber(
                            234,
                        ),
                        OrdinalNumber(
                            516,
                        ),
                        OrdinalNumber(
                            15,
                        ),
                        OrdinalNumber(
                            16,
                        ),
                        OrdinalNumber(
                            520,
                        ),
                        OrdinalNumber(
                            1556,
                        ),
                        OrdinalNumber(
                            1551,
                        ),
                        OrdinalNumber(
                            2024,
                        ),
                        OrdinalNumber(
                            1070,
                        ),
                        OrdinalNumber(
                            2001,
                        ),
                        OrdinalNumber(
                            2000,
                        ),
                        OrdinalNumber(
                            2003,
                        ),
                        OrdinalNumber(
                            65,
                        ),
                        OrdinalNumber(
                            2018,
                        ),
                        OrdinalNumber(
                            1065,
                        ),
                        OrdinalNumber(
                            35,
                        ),
                        OrdinalNumber(
                            33,
                        ),
                        OrdinalNumber(
                            34,
                        ),
                        OrdinalNumber(
                            66,
                        ),
                        OrdinalNumber(
                            1645,
                        ),
                        OrdinalNumber(
                            87,
                        ),
                        OrdinalNumber(
                            1876,
                        ),
                        OrdinalNumber(
                            36,
                        ),
                        OrdinalNumber(
                            1875,
                        ),
                        OrdinalNumber(
                            2002,
                        ),
                        OrdinalNumber(
                            1407,
                        ),
                        OrdinalNumber(
                            1108,
                        ),
                        OrdinalNumber(
                            1145,
                        ),
                        OrdinalNumber(
                            61,
                        ),
                        OrdinalNumber(
                            63,
                        ),
                        OrdinalNumber(
                            1201,
                        ),
                        OrdinalNumber(
                            64,
                        ),
                        OrdinalNumber(
                            1492,
                        ),
                    ],
                ),
                import_address_table: [
                    2147484740,
                    2147485267,
                    2147483934,
                    2147484350,
                    2147484367,
                    2147484666,
                    2147484742,
                    2147484743,
                    2147485223,
                    2147485222,
                    2147485220,
                    2147484689,
                    2147484750,
                    2147485228,
                    2147484694,
                    2147484641,
                    2147484506,
                    2147484507,
                    2147483912,
                    2147484567,
                    2147483667,
                    2147484533,
                    2147483743,
                    2147483894,
                    2147483914,
                    2147484512,
                    2147484144,
                    2147483898,
                    2147484185,
                    2147484518,
                    2147483908,
                    2147483913,
                    2147483673,
                    2147483909,
                    2147484140,
                    2147483844,
                    2147484139,
                    2147484761,
                    2147484769,
                    2147484766,
                    2147483813,
                    2147484033,
                    2147484027,
                    2147484047,
                    2147484034,
                    2147484030,
                    2147484038,
                    2147484037,
                    2147484040,
                    2147484029,
                    2147484035,
                    2147484028,
                    2147484032,
                    2147484702,
                    2147484825,
                    2147483895,
                    2147483906,
                    2147483911,
                    2147483907,
                    2147483910,
                    2147484569,
                    2147484560,
                    2147484532,
                    2147484794,
                    2147483736,
                    2147484141,
                    2147483919,
                    2147484474,
                    2147484349,
                    2147484768,
                    2147484779,
                    2147484778,
                    2147484994,
                    2147484700,
                    2147485702,
                    2147484695,
                    2147484692,
                    2147484691,
                    2147485692,
                    2147484636,
                    2147484658,
                    2147485675,
                    2147485664,
                    2147485685,
                    2147485669,
                    2147485701,
                    2147485694,
                    2147485656,
                    2147484699,
                    2147485673,
                    2147485677,
                    2147485660,
                    2147485674,
                    2147485681,
                    2147485696,
                    2147485691,
                    2147485700,
                    2147485695,
                    2147484684,
                    2147485653,
                    2147485680,
                    2147485051,
                    2147485679,
                    2147484716,
                    2147485689,
                    2147485058,
                    2147484183,
                    2147484203,
                    2147484145,
                    2147484204,
                    2147484201,
                    2147485063,
                    2147485061,
                    2147484727,
                    2147485065,
                    2147484687,
                    2147483920,
                    2147484373,
                    2147484177,
                    2147484189,
                    2147484602,
                    2147484601,
                    2147484176,
                    2147483737,
                    2147484558,
                    2147484595,
                    2147483738,
                    2147484559,
                    2147484830,
                    2147484178,
                    2147484551,
                    2147484301,
                    2147484598,
                    2147484535,
                    2147484599,
                    2147485259,
                    2147485425,
                    2147485314,
                    2147484564,
                    2147484763,
                    2147484748,
                    2147483845,
                    2147484162,
                    2147484887,
                    2147484886,
                    2147484031,
                    2147483933,
                    2147484877,
                    2147485416,
                    2147484808,
                    2147484508,
                    2147484509,
                    2147484479,
                    2147483932,
                    2147484382,
                    2147484384,
                    2147483750,
                    2147483897,
                    2147483900,
                    2147484331,
                    2147484330,
                    2147483902,
                    2147483904,
                    2147484379,
                    2147485101,
                    2147484357,
                    2147484526,
                    2147484352,
                    2147484356,
                    2147484378,
                    2147484514,
                    2147483658,
                    2147483659,
                    2147483821,
                    2147484712,
                    2147483819,
                    2147483818,
                    2147483816,
                    2147484774,
                    2147483882,
                    2147484164,
                    2147483663,
                    2147483664,
                    2147484168,
                    2147485204,
                    2147485199,
                    2147485672,
                    2147484718,
                    2147485649,
                    2147485648,
                    2147485651,
                    2147483713,
                    2147485666,
                    2147484713,
                    2147483683,
                    2147483681,
                    2147483682,
                    2147483714,
                    2147485293,
                    2147483735,
                    2147485524,
                    2147483684,
                    2147485523,
                    2147485650,
                    2147485055,
                    2147484756,
                    2147484793,
                    2147483709,
                    2147483711,
                    2147484849,
                    2147483712,
                    2147485140,
                ],
            },
            SyntheticImportDirectoryEntry {
                import_directory_entry: ImportDirectoryEntry {
                    import_lookup_table_rva: 1241908,
                    time_date_stamp: 0,
                    forwarder_chain: 0,
                    name_rva: 1242006,
                    import_address_table_rva: 1250132,
                },
                name: "MMTimer.dll",
                import_lookup_table: Some(
                    [
                        HintNameTableRVA(
                            (
                                1241988,
                                HintNameTableEntry {
                                    hint: 0,
                                    name: "timeBeginPeriod",
                                },
                            ),
                        ),
                        HintNameTableRVA(
                            (
                                1241972,
                                HintNameTableEntry {
                                    hint: 6,
                                    name: "timeKillEvent",
                                },
                            ),
                        ),
                        HintNameTableRVA(
                            (
                                1241956,
                                HintNameTableEntry {
                                    hint: 1,
                                    name: "timeEndPeriod",
                                },
                            ),
                        ),
                        HintNameTableRVA(
                            (
                                1241940,
                                HintNameTableEntry {
                                    hint: 7,
                                    name: "timeSetEvent",
                                },
                            ),
                        ),
                    ],
                ),
                import_address_table: [
                    1241988,
                    1241972,
                    1241956,
                    1241940,
                ],
            },
        ],
    }
[2026-08-29T14:50:09Z DEBUG goblin::pe::import] Getting imports from COREDLL.dll
[2026-08-29T14:50:09Z DEBUG goblin::pe::import] Getting imports from MMTimer.dll
[2026-08-29T14:50:09Z DEBUG goblin::pe] imports: [
        Import {
            name: "ORDINAL 1092",
            dll: "COREDLL.dll",
            ordinal: 1092,
            offset: 1249280,
            rva: 0,
            size: 4,
        },
        Import {
            name: "ORDINAL 1619",
            dll: "COREDLL.dll",
            ordinal: 1619,
            offset: 1249284,
            rva: 0,
            size: 4,
        },
        Import {
            name: "ORDINAL 286",
            dll: "COREDLL.dll",
            ordinal: 286,
            offset: 1249288,
            rva: 0,
            size: 4,
        },
        Import {
            name: "ORDINAL 702",
            dll: "COREDLL.dll",
            ordinal: 702,
            offset: 1249292,
            rva: 0,
            size: 4,
        },
        Import {
            name: "ORDINAL 719",
            dll: "COREDLL.dll",
            ordinal: 719,
            offset: 1249296,
            rva: 0,
            size: 4,
        },
        Import {
            name: "ORDINAL 1018",
            dll: "COREDLL.dll",
            ordinal: 1018,
            offset: 1249300,
            rva: 0,
            size: 4,
        },
        Import {
            name: "ORDINAL 1094",
            dll: "COREDLL.dll",
            ordinal: 1094,
            offset: 1249304,
            rva: 0,
            size: 4,
        },
        Import {
            name: "ORDINAL 1095",
            dll: "COREDLL.dll",
            ordinal: 1095,
            offset: 1249308,
            rva: 0,
            size: 4,
        },
        Import {
            name: "ORDINAL 1575",
            dll: "COREDLL.dll",
            ordinal: 1575,
            offset: 1249312,
            rva: 0,
            size: 4,
        },
        Import {
            name: "ORDINAL 1574",
            dll: "COREDLL.dll",
            ordinal: 1574,
            offset: 1249316,
            rva: 0,
            size: 4,
        },
        Import {
            name: "ORDINAL 1572",
            dll: "COREDLL.dll",
            ordinal: 1572,
            offset: 1249320,
            rva: 0,
            size: 4,
        },
        Import {
            name: "ORDINAL 1041",
            dll: "COREDLL.dll",
            ordinal: 1041,
            offset: 1249324,
            rva: 0,
            size: 4,
        },
        Import {
            name: "ORDINAL 1102",
            dll: "COREDLL.dll",
            ordinal: 1102,
            offset: 1249328,
            rva: 0,
            size: 4,
        },
        Import {
            name: "ORDINAL 1580",
            dll: "COREDLL.dll",
            ordinal: 1580,
            offset: 1249332,
            rva: 0,
            size: 4,
        },
        Import {
            name: "ORDINAL 1046",
            dll: "COREDLL.dll",
            ordinal: 1046,
            offset: 1249336,
            rva: 0,
            size: 4,
        },
        Import {
            name: "ORDINAL 993",
            dll: "COREDLL.dll",
            ordinal: 993,
            offset: 1249340,
            rva: 0,
            size: 4,
        },
        Import {
            name: "ORDINAL 858",
            dll: "COREDLL.dll",
            ordinal: 858,
            offset: 1249344,
            rva: 0,
            size: 4,
        },
        Import {
            name: "ORDINAL 859",
            dll: "COREDLL.dll",
            ordinal: 859,
            offset: 1249348,
            rva: 0,
            size: 4,
        },
        Import {
            name: "ORDINAL 264",
            dll: "COREDLL.dll",
            ordinal: 264,
            offset: 1249352,
            rva: 0,
            size: 4,
        },
        Import {
            name: "ORDINAL 919",
            dll: "COREDLL.dll",
            ordinal: 919,
            offset: 1249356,
            rva: 0,
            size: 4,
        },
        Import {
            name: "ORDINAL 19",
            dll: "COREDLL.dll",
            ordinal: 19,
            offset: 1249360,
            rva: 0,
            size: 4,
        },
        Import {
            name: "ORDINAL 885",
            dll: "COREDLL.dll",
            ordinal: 885,
            offset: 1249364,
            rva: 0,
            size: 4,
        },
        Import {
            name: "ORDINAL 95",
            dll: "COREDLL.dll",
            ordinal: 95,
            offset: 1249368,
            rva: 0,
            size: 4,
        },
        Import {
            name: "ORDINAL 246",
            dll: "COREDLL.dll",
            ordinal: 246,
            offset: 1249372,
            rva: 0,
            size: 4,
        },
        Import {
            name: "ORDINAL 266",
            dll: "COREDLL.dll",
            ordinal: 266,
            offset: 1249376,
            rva: 0,
            size: 4,
        },
        Import {
            name: "ORDINAL 864",
            dll: "COREDLL.dll",
            ordinal: 864,
            offset: 1249380,
            rva: 0,
            size: 4,
        },
        Import {
            name: "ORDINAL 496",
            dll: "COREDLL.dll",
            ordinal: 496,
            offset: 1249384,
            rva: 0,
            size: 4,
        },
        Import {
            name: "ORDINAL 250",
            dll: "COREDLL.dll",
            ordinal: 250,
            offset: 1249388,
            rva: 0,
            size: 4,
        },
        Import {
            name: "ORDINAL 537",
            dll: "COREDLL.dll",
            ordinal: 537,
            offset: 1249392,
            rva: 0,
            size: 4,
        },
        Import {
            name: "ORDINAL 870",
            dll: "COREDLL.dll",
            ordinal: 870,
            offset: 1249396,
            rva: 0,
            size: 4,
        },
        Import {
            name: "ORDINAL 260",
            dll: "COREDLL.dll",
            ordinal: 260,
            offset: 1249400,
            rva: 0,
            size: 4,
        },
        Import {
            name: "ORDINAL 265",
            dll: "COREDLL.dll",
            ordinal: 265,
            offset: 1249404,
            rva: 0,
            size: 4,
        },
        Import {
            name: "ORDINAL 25",
            dll: "COREDLL.dll",
            ordinal: 25,
            offset: 1249408,
            rva: 0,
            size: 4,
        },
        Import {
            name: "ORDINAL 261",
            dll: "COREDLL.dll",
            ordinal: 261,
            offset: 1249412,
            rva: 0,
            size: 4,
        },
        Import {
            name: "ORDINAL 492",
            dll: "COREDLL.dll",
            ordinal: 492,
            offset: 1249416,
            rva: 0,
            size: 4,
        },
        Import {
            name: "ORDINAL 196",
            dll: "COREDLL.dll",
            ordinal: 196,
            offset: 1249420,
            rva: 0,
            size: 4,
        },
        Import {
            name: "ORDINAL 491",
            dll: "COREDLL.dll",
            ordinal: 491,
            offset: 1249424,
            rva: 0,
            size: 4,
        },
        Import {
            name: "ORDINAL 1113",
            dll: "COREDLL.dll",
            ordinal: 1113,
            offset: 1249428,
            rva: 0,
            size: 4,
        },
        Import {
            name: "ORDINAL 1121",
            dll: "COREDLL.dll",
            ordinal: 1121,
            offset: 1249432,
            rva: 0,
            size: 4,
        },
        Import {
            name: "ORDINAL 1118",
            dll: "COREDLL.dll",
            ordinal: 1118,
            offset: 1249436,
            rva: 0,
            size: 4,
        },
        Import {
            name: "ORDINAL 165",
            dll: "COREDLL.dll",
            ordinal: 165,
            offset: 1249440,
            rva: 0,
            size: 4,
        },
        Import {
            name: "ORDINAL 385",
            dll: "COREDLL.dll",
            ordinal: 385,
            offset: 1249444,
            rva: 0,
            size: 4,
        },
        Import {
            name: "ORDINAL 379",
            dll: "COREDLL.dll",
            ordinal: 379,
            offset: 1249448,
            rva: 0,
            size: 4,
        },
        Import {
            name: "ORDINAL 399",
            dll: "COREDLL.dll",
            ordinal: 399,
            offset: 1249452,
            rva: 0,
            size: 4,
        },
        Import {
            name: "ORDINAL 386",
            dll: "COREDLL.dll",
            ordinal: 386,
            offset: 1249456,
            rva: 0,
            size: 4,
        },
        Import {
            name: "ORDINAL 382",
            dll: "COREDLL.dll",
            ordinal: 382,
            offset: 1249460,
            rva: 0,
            size: 4,
        },
        Import {
            name: "ORDINAL 390",
            dll: "COREDLL.dll",
            ordinal: 390,
            offset: 1249464,
            rva: 0,
            size: 4,
        },
        Import {
            name: "ORDINAL 389",
            dll: "COREDLL.dll",
            ordinal: 389,
            offset: 1249468,
            rva: 0,
            size: 4,
        },
        Import {
            name: "ORDINAL 392",
            dll: "COREDLL.dll",
            ordinal: 392,
            offset: 1249472,
            rva: 0,
            size: 4,
        },
        Import {
            name: "ORDINAL 381",
            dll: "COREDLL.dll",
            ordinal: 381,
            offset: 1249476,
            rva: 0,
            size: 4,
        },
        Import {
            name: "ORDINAL 387",
            dll: "COREDLL.dll",
            ordinal: 387,
            offset: 1249480,
            rva: 0,
            size: 4,
        },
        Import {
            name: "ORDINAL 380",
            dll: "COREDLL.dll",
            ordinal: 380,
            offset: 1249484,
            rva: 0,
            size: 4,
        },
        Import {
            name: "ORDINAL 384",
            dll: "COREDLL.dll",
            ordinal: 384,
            offset: 1249488,
            rva: 0,
            size: 4,
        },
        Import {
            name: "ORDINAL 1054",
            dll: "COREDLL.dll",
            ordinal: 1054,
            offset: 1249492,
            rva: 0,
            size: 4,
        },
        Import {
            name: "ORDINAL 1177",
            dll: "COREDLL.dll",
            ordinal: 1177,
            offset: 1249496,
            rva: 0,
            size: 4,
        },
        Import {
            name: "ORDINAL 247",
            dll: "COREDLL.dll",
            ordinal: 247,
            offset: 1249500,
            rva: 0,
            size: 4,
        },
        Import {
            name: "ORDINAL 258",
            dll: "COREDLL.dll",
            ordinal: 258,
            offset: 1249504,
            rva: 0,
            size: 4,
        },
        Import {
            name: "ORDINAL 263",
            dll: "COREDLL.dll",
            ordinal: 263,
            offset: 1249508,
            rva: 0,
            size: 4,
        },
        Import {
            name: "ORDINAL 259",
            dll: "COREDLL.dll",
            ordinal: 259,
            offset: 1249512,
            rva: 0,
            size: 4,
        },
        Import {
            name: "ORDINAL 262",
            dll: "COREDLL.dll",
            ordinal: 262,
            offset: 1249516,
            rva: 0,
            size: 4,
        },
        Import {
            name: "ORDINAL 921",
            dll: "COREDLL.dll",
            ordinal: 921,
            offset: 1249520,
            rva: 0,
            size: 4,
        },
        Import {
            name: "ORDINAL 912",
            dll: "COREDLL.dll",
            ordinal: 912,
            offset: 1249524,
            rva: 0,
            size: 4,
        },
        Import {
            name: "ORDINAL 884",
            dll: "COREDLL.dll",
            ordinal: 884,
            offset: 1249528,
            rva: 0,
            size: 4,
        },
        Import {
            name: "ORDINAL 1146",
            dll: "COREDLL.dll",
            ordinal: 1146,
            offset: 1249532,
            rva: 0,
            size: 4,
        },
        Import {
            name: "ORDINAL 88",
            dll: "COREDLL.dll",
            ordinal: 88,
            offset: 1249536,
            rva: 0,
            size: 4,
        },
        Import {
            name: "ORDINAL 493",
            dll: "COREDLL.dll",
            ordinal: 493,
            offset: 1249540,
            rva: 0,
            size: 4,
        },
        Import {
            name: "ORDINAL 271",
            dll: "COREDLL.dll",
            ordinal: 271,
            offset: 1249544,
            rva: 0,
            size: 4,
        },
        Import {
            name: "ORDINAL 826",
            dll: "COREDLL.dll",
            ordinal: 826,
            offset: 1249548,
            rva: 0,
            size: 4,
        },
        Import {
            name: "ORDINAL 701",
            dll: "COREDLL.dll",
            ordinal: 701,
            offset: 1249552,
            rva: 0,
            size: 4,
        },
        Import {
            name: "ORDINAL 1120",
            dll: "COREDLL.dll",
            ordinal: 1120,
            offset: 1249556,
            rva: 0,
            size: 4,
        },
        Import {
            name: "ORDINAL 1131",
            dll: "COREDLL.dll",
            ordinal: 1131,
            offset: 1249560,
            rva: 0,
            size: 4,
        },
        Import {
            name: "ORDINAL 1130",
            dll: "COREDLL.dll",
            ordinal: 1130,
            offset: 1249564,
            rva: 0,
            size: 4,
        },
        Import {
            name: "ORDINAL 1346",
            dll: "COREDLL.dll",
            ordinal: 1346,
            offset: 1249568,
            rva: 0,
            size: 4,
        },
        Import {
            name: "ORDINAL 1052",
            dll: "COREDLL.dll",
            ordinal: 1052,
            offset: 1249572,
            rva: 0,
            size: 4,
        },
        Import {
            name: "ORDINAL 2054",
            dll: "COREDLL.dll",
            ordinal: 2054,
            offset: 1249576,
            rva: 0,
            size: 4,
        },
        Import {
            name: "ORDINAL 1047",
            dll: "COREDLL.dll",
            ordinal: 1047,
            offset: 1249580,
            rva: 0,
            size: 4,
        },
        Import {
            name: "ORDINAL 1044",
            dll: "COREDLL.dll",
            ordinal: 1044,
            offset: 1249584,
            rva: 0,
            size: 4,
        },
        Import {
            name: "ORDINAL 1043",
            dll: "COREDLL.dll",
            ordinal: 1043,
            offset: 1249588,
            rva: 0,
            size: 4,
        },
        Import {
            name: "ORDINAL 2044",
            dll: "COREDLL.dll",
            ordinal: 2044,
            offset: 1249592,
            rva: 0,
            size: 4,
        },
        Import {
            name: "ORDINAL 988",
            dll: "COREDLL.dll",
            ordinal: 988,
            offset: 1249596,
            rva: 0,
            size: 4,
        },
        Import {
            name: "ORDINAL 1010",
            dll: "COREDLL.dll",
            ordinal: 1010,
            offset: 1249600,
            rva: 0,
            size: 4,
        },
        Import {
            name: "ORDINAL 2027",
            dll: "COREDLL.dll",
            ordinal: 2027,
            offset: 1249604,
            rva: 0,
            size: 4,
        },
        Import {
            name: "ORDINAL 2016",
            dll: "COREDLL.dll",
            ordinal: 2016,
            offset: 1249608,
            rva: 0,
            size: 4,
        },
        Import {
            name: "ORDINAL 2037",
            dll: "COREDLL.dll",
            ordinal: 2037,
            offset: 1249612,
            rva: 0,
            size: 4,
        },
        Import {
            name: "ORDINAL 2021",
            dll: "COREDLL.dll",
            ordinal: 2021,
            offset: 1249616,
            rva: 0,
            size: 4,
        },
        Import {
            name: "ORDINAL 2053",
            dll: "COREDLL.dll",
            ordinal: 2053,
            offset: 1249620,
            rva: 0,
            size: 4,
        },
        Import {
            name: "ORDINAL 2046",
            dll: "COREDLL.dll",
            ordinal: 2046,
            offset: 1249624,
            rva: 0,
            size: 4,
        },
        Import {
            name: "ORDINAL 2008",
            dll: "COREDLL.dll",
            ordinal: 2008,
            offset: 1249628,
            rva: 0,
            size: 4,
        },
        Import {
            name: "ORDINAL 1051",
            dll: "COREDLL.dll",
            ordinal: 1051,
            offset: 1249632,
            rva: 0,
            size: 4,
        },
        Import {
            name: "ORDINAL 2025",
            dll: "COREDLL.dll",
            ordinal: 2025,
            offset: 1249636,
            rva: 0,
            size: 4,
        },
        Import {
            name: "ORDINAL 2029",
            dll: "COREDLL.dll",
            ordinal: 2029,
            offset: 1249640,
            rva: 0,
            size: 4,
        },
        Import {
            name: "ORDINAL 2012",
            dll: "COREDLL.dll",
            ordinal: 2012,
            offset: 1249644,
            rva: 0,
            size: 4,
        },
        Import {
            name: "ORDINAL 2026",
            dll: "COREDLL.dll",
            ordinal: 2026,
            offset: 1249648,
            rva: 0,
            size: 4,
        },
        Import {
            name: "ORDINAL 2033",
            dll: "COREDLL.dll",
            ordinal: 2033,
            offset: 1249652,
            rva: 0,
            size: 4,
        },
        Import {
            name: "ORDINAL 2048",
            dll: "COREDLL.dll",
            ordinal: 2048,
            offset: 1249656,
            rva: 0,
            size: 4,
        },
        Import {
            name: "ORDINAL 2043",
            dll: "COREDLL.dll",
            ordinal: 2043,
            offset: 1249660,
            rva: 0,
            size: 4,
        },
        Import {
            name: "ORDINAL 2052",
            dll: "COREDLL.dll",
            ordinal: 2052,
            offset: 1249664,
            rva: 0,
            size: 4,
        },
        Import {
            name: "ORDINAL 2047",
            dll: "COREDLL.dll",
            ordinal: 2047,
            offset: 1249668,
            rva: 0,
            size: 4,
        },
        Import {
            name: "ORDINAL 1036",
            dll: "COREDLL.dll",
            ordinal: 1036,
            offset: 1249672,
            rva: 0,
            size: 4,
        },
        Import {
            name: "ORDINAL 2005",
            dll: "COREDLL.dll",
            ordinal: 2005,
            offset: 1249676,
            rva: 0,
            size: 4,
        },
        Import {
            name: "ORDINAL 2032",
            dll: "COREDLL.dll",
            ordinal: 2032,
            offset: 1249680,
            rva: 0,
            size: 4,
        },
        Import {
            name: "ORDINAL 1403",
            dll: "COREDLL.dll",
            ordinal: 1403,
            offset: 1249684,
            rva: 0,
            size: 4,
        },
        Import {
            name: "ORDINAL 2031",
            dll: "COREDLL.dll",
            ordinal: 2031,
            offset: 1249688,
            rva: 0,
            size: 4,
        },
        Import {
            name: "ORDINAL 1068",
            dll: "COREDLL.dll",
            ordinal: 1068,
            offset: 1249692,
            rva: 0,
            size: 4,
        },
        Import {
            name: "ORDINAL 2041",
            dll: "COREDLL.dll",
            ordinal: 2041,
            offset: 1249696,
            rva: 0,
            size: 4,
        },
        Import {
            name: "ORDINAL 1410",
            dll: "COREDLL.dll",
            ordinal: 1410,
            offset: 1249700,
            rva: 0,
            size: 4,
        },
        Import {
            name: "ORDINAL 535",
            dll: "COREDLL.dll",
            ordinal: 535,
            offset: 1249704,
            rva: 0,
            size: 4,
        },
        Import {
            name: "ORDINAL 555",
            dll: "COREDLL.dll",
            ordinal: 555,
            offset: 1249708,
            rva: 0,
            size: 4,
        },
        Import {
            name: "ORDINAL 497",
            dll: "COREDLL.dll",
            ordinal: 497,
            offset: 1249712,
            rva: 0,
            size: 4,
        },
        Import {
            name: "ORDINAL 556",
            dll: "COREDLL.dll",
            ordinal: 556,
            offset: 1249716,
            rva: 0,
            size: 4,
        },
        Import {
            name: "ORDINAL 553",
            dll: "COREDLL.dll",
            ordinal: 553,
            offset: 1249720,
            rva: 0,
            size: 4,
        },
        Import {
            name: "ORDINAL 1415",
            dll: "COREDLL.dll",
            ordinal: 1415,
            offset: 1249724,
            rva: 0,
            size: 4,
        },
        Import {
            name: "ORDINAL 1413",
            dll: "COREDLL.dll",
            ordinal: 1413,
            offset: 1249728,
            rva: 0,
            size: 4,
        },
        Import {
            name: "ORDINAL 1079",
            dll: "COREDLL.dll",
            ordinal: 1079,
            offset: 1249732,
            rva: 0,
            size: 4,
        },
        Import {
            name: "ORDINAL 1417",
            dll: "COREDLL.dll",
            ordinal: 1417,
            offset: 1249736,
            rva: 0,
            size: 4,
        },
        Import {
            name: "ORDINAL 1039",
            dll: "COREDLL.dll",
            ordinal: 1039,
            offset: 1249740,
            rva: 0,
            size: 4,
        },
        Import {
            name: "ORDINAL 272",
            dll: "COREDLL.dll",
            ordinal: 272,
            offset: 1249744,
            rva: 0,
            size: 4,
        },
        Import {
            name: "ORDINAL 725",
            dll: "COREDLL.dll",
            ordinal: 725,
            offset: 1249748,
            rva: 0,
            size: 4,
        },
        Import {
            name: "ORDINAL 529",
            dll: "COREDLL.dll",
            ordinal: 529,
            offset: 1249752,
            rva: 0,
            size: 4,
        },
        Import {
            name: "ORDINAL 541",
            dll: "COREDLL.dll",
            ordinal: 541,
            offset: 1249756,
            rva: 0,
            size: 4,
        },
        Import {
            name: "ORDINAL 954",
            dll: "COREDLL.dll",
            ordinal: 954,
            offset: 1249760,
            rva: 0,
            size: 4,
        },
        Import {
            name: "ORDINAL 953",
            dll: "COREDLL.dll",
            ordinal: 953,
            offset: 1249764,
            rva: 0,
            size: 4,
        },
        Import {
            name: "ORDINAL 528",
            dll: "COREDLL.dll",
            ordinal: 528,
            offset: 1249768,
            rva: 0,
            size: 4,
        },
        Import {
            name: "ORDINAL 89",
            dll: "COREDLL.dll",
            ordinal: 89,
            offset: 1249772,
            rva: 0,
            size: 4,
        },
        Import {
            name: "ORDINAL 910",
            dll: "COREDLL.dll",
            ordinal: 910,
            offset: 1249776,
            rva: 0,
            size: 4,
        },
        Import {
            name: "ORDINAL 947",
            dll: "COREDLL.dll",
            ordinal: 947,
            offset: 1249780,
            rva: 0,
            size: 4,
        },
        Import {
            name: "ORDINAL 90",
            dll: "COREDLL.dll",
            ordinal: 90,
            offset: 1249784,
            rva: 0,
            size: 4,
        },
        Import {
            name: "ORDINAL 911",
            dll: "COREDLL.dll",
            ordinal: 911,
            offset: 1249788,
            rva: 0,
            size: 4,
        },
        Import {
            name: "ORDINAL 1182",
            dll: "COREDLL.dll",
            ordinal: 1182,
            offset: 1249792,
            rva: 0,
            size: 4,
        },
        Import {
            name: "ORDINAL 530",
            dll: "COREDLL.dll",
            ordinal: 530,
            offset: 1249796,
            rva: 0,
            size: 4,
        },
        Import {
            name: "ORDINAL 903",
            dll: "COREDLL.dll",
            ordinal: 903,
            offset: 1249800,
            rva: 0,
            size: 4,
        },
        Import {
            name: "ORDINAL 653",
            dll: "COREDLL.dll",
            ordinal: 653,
            offset: 1249804,
            rva: 0,
            size: 4,
        },
        Import {
            name: "ORDINAL 950",
            dll: "COREDLL.dll",
            ordinal: 950,
            offset: 1249808,
            rva: 0,
            size: 4,
        },
        Import {
            name: "ORDINAL 887",
            dll: "COREDLL.dll",
            ordinal: 887,
            offset: 1249812,
            rva: 0,
            size: 4,
        },
        Import {
            name: "ORDINAL 951",
            dll: "COREDLL.dll",
            ordinal: 951,
            offset: 1249816,
            rva: 0,
            size: 4,
        },
        Import {
            name: "ORDINAL 1611",
            dll: "COREDLL.dll",
            ordinal: 1611,
            offset: 1249820,
            rva: 0,
            size: 4,
        },
        Import {
            name: "ORDINAL 1777",
            dll: "COREDLL.dll",
            ordinal: 1777,
            offset: 1249824,
            rva: 0,
            size: 4,
        },
        Import {
            name: "ORDINAL 1666",
            dll: "COREDLL.dll",
            ordinal: 1666,
            offset: 1249828,
            rva: 0,
            size: 4,
        },
        Import {
            name: "ORDINAL 916",
            dll: "COREDLL.dll",
            ordinal: 916,
            offset: 1249832,
            rva: 0,
            size: 4,
        },
        Import {
            name: "ORDINAL 1115",
            dll: "COREDLL.dll",
            ordinal: 1115,
            offset: 1249836,
            rva: 0,
            size: 4,
        },
        Import {
            name: "ORDINAL 1100",
            dll: "COREDLL.dll",
            ordinal: 1100,
            offset: 1249840,
            rva: 0,
            size: 4,
        },
        Import {
            name: "ORDINAL 197",
            dll: "COREDLL.dll",
            ordinal: 197,
            offset: 1249844,
            rva: 0,
            size: 4,
        },
        Import {
            name: "ORDINAL 514",
            dll: "COREDLL.dll",
            ordinal: 514,
            offset: 1249848,
            rva: 0,
            size: 4,
        },
        Import {
            name: "ORDINAL 1239",
            dll: "COREDLL.dll",
            ordinal: 1239,
            offset: 1249852,
            rva: 0,
            size: 4,
        },
        Import {
            name: "ORDINAL 1238",
            dll: "COREDLL.dll",
            ordinal: 1238,
            offset: 1249856,
            rva: 0,
            size: 4,
        },
        Import {
            name: "ORDINAL 383",
            dll: "COREDLL.dll",
            ordinal: 383,
            offset: 1249860,
            rva: 0,
            size: 4,
        },
        Import {
            name: "ORDINAL 285",
            dll: "COREDLL.dll",
            ordinal: 285,
            offset: 1249864,
            rva: 0,
            size: 4,
        },
        Import {
            name: "ORDINAL 1229",
            dll: "COREDLL.dll",
            ordinal: 1229,
            offset: 1249868,
            rva: 0,
            size: 4,
        },
        Import {
            name: "ORDINAL 1768",
            dll: "COREDLL.dll",
            ordinal: 1768,
            offset: 1249872,
            rva: 0,
            size: 4,
        },
        Import {
            name: "ORDINAL 1160",
            dll: "COREDLL.dll",
            ordinal: 1160,
            offset: 1249876,
            rva: 0,
            size: 4,
        },
        Import {
            name: "ORDINAL 860",
            dll: "COREDLL.dll",
            ordinal: 860,
            offset: 1249880,
            rva: 0,
            size: 4,
        },
        Import {
            name: "ORDINAL 861",
            dll: "COREDLL.dll",
            ordinal: 861,
            offset: 1249884,
            rva: 0,
            size: 4,
        },
        Import {
            name: "ORDINAL 831",
            dll: "COREDLL.dll",
            ordinal: 831,
            offset: 1249888,
            rva: 0,
            size: 4,
        },
        Import {
            name: "ORDINAL 284",
            dll: "COREDLL.dll",
            ordinal: 284,
            offset: 1249892,
            rva: 0,
            size: 4,
        },
        Import {
            name: "ORDINAL 734",
            dll: "COREDLL.dll",
            ordinal: 734,
            offset: 1249896,
            rva: 0,
            size: 4,
        },
        Import {
            name: "ORDINAL 736",
            dll: "COREDLL.dll",
            ordinal: 736,
            offset: 1249900,
            rva: 0,
            size: 4,
        },
        Import {
            name: "ORDINAL 102",
            dll: "COREDLL.dll",
            ordinal: 102,
            offset: 1249904,
            rva: 0,
            size: 4,
        },
        Import {
            name: "ORDINAL 249",
            dll: "COREDLL.dll",
            ordinal: 249,
            offset: 1249908,
            rva: 0,
            size: 4,
        },
        Import {
            name: "ORDINAL 252",
            dll: "COREDLL.dll",
            ordinal: 252,
            offset: 1249912,
            rva: 0,
            size: 4,
        },
        Import {
            name: "ORDINAL 683",
            dll: "COREDLL.dll",
            ordinal: 683,
            offset: 1249916,
            rva: 0,
            size: 4,
        },
        Import {
            name: "ORDINAL 682",
            dll: "COREDLL.dll",
            ordinal: 682,
            offset: 1249920,
            rva: 0,
            size: 4,
        },
        Import {
            name: "ORDINAL 254",
            dll: "COREDLL.dll",
            ordinal: 254,
            offset: 1249924,
            rva: 0,
            size: 4,
        },
        Import {
            name: "ORDINAL 256",
            dll: "COREDLL.dll",
            ordinal: 256,
            offset: 1249928,
            rva: 0,
            size: 4,
        },
        Import {
            name: "ORDINAL 731",
            dll: "COREDLL.dll",
            ordinal: 731,
            offset: 1249932,
            rva: 0,
            size: 4,
        },
        Import {
            name: "ORDINAL 1453",
            dll: "COREDLL.dll",
            ordinal: 1453,
            offset: 1249936,
            rva: 0,
            size: 4,
        },
        Import {
            name: "ORDINAL 709",
            dll: "COREDLL.dll",
            ordinal: 709,
            offset: 1249940,
            rva: 0,
            size: 4,
        },
        Import {
            name: "ORDINAL 878",
            dll: "COREDLL.dll",
            ordinal: 878,
            offset: 1249944,
            rva: 0,
            size: 4,
        },
        Import {
            name: "ORDINAL 704",
            dll: "COREDLL.dll",
            ordinal: 704,
            offset: 1249948,
            rva: 0,
            size: 4,
        },
        Import {
            name: "ORDINAL 708",
            dll: "COREDLL.dll",
            ordinal: 708,
            offset: 1249952,
            rva: 0,
            size: 4,
        },
        Import {
            name: "ORDINAL 730",
            dll: "COREDLL.dll",
            ordinal: 730,
            offset: 1249956,
            rva: 0,
            size: 4,
        },
        Import {
            name: "ORDINAL 866",
            dll: "COREDLL.dll",
            ordinal: 866,
            offset: 1249960,
            rva: 0,
            size: 4,
        },
        Import {
            name: "ORDINAL 10",
            dll: "COREDLL.dll",
            ordinal: 10,
            offset: 1249964,
            rva: 0,
            size: 4,
        },
        Import {
            name: "ORDINAL 11",
            dll: "COREDLL.dll",
            ordinal: 11,
            offset: 1249968,
            rva: 0,
            size: 4,
        },
        Import {
            name: "ORDINAL 173",
            dll: "COREDLL.dll",
            ordinal: 173,
            offset: 1249972,
            rva: 0,
            size: 4,
        },
        Import {
            name: "ORDINAL 1064",
            dll: "COREDLL.dll",
            ordinal: 1064,
            offset: 1249976,
            rva: 0,
            size: 4,
        },
        Import {
            name: "ORDINAL 171",
            dll: "COREDLL.dll",
            ordinal: 171,
            offset: 1249980,
            rva: 0,
            size: 4,
        },
        Import {
            name: "ORDINAL 170",
            dll: "COREDLL.dll",
            ordinal: 170,
            offset: 1249984,
            rva: 0,
            size: 4,
        },
        Import {
            name: "ORDINAL 168",
            dll: "COREDLL.dll",
            ordinal: 168,
            offset: 1249988,
            rva: 0,
            size: 4,
        },
        Import {
            name: "ORDINAL 1126",
            dll: "COREDLL.dll",
            ordinal: 1126,
            offset: 1249992,
            rva: 0,
            size: 4,
        },
        Import {
            name: "ORDINAL 234",
            dll: "COREDLL.dll",
            ordinal: 234,
            offset: 1249996,
            rva: 0,
            size: 4,
        },
        Import {
            name: "ORDINAL 516",
            dll: "COREDLL.dll",
            ordinal: 516,
            offset: 1250000,
            rva: 0,
            size: 4,
        },
        Import {
            name: "ORDINAL 15",
            dll: "COREDLL.dll",
            ordinal: 15,
            offset: 1250004,
            rva: 0,
            size: 4,
        },
        Import {
            name: "ORDINAL 16",
            dll: "COREDLL.dll",
            ordinal: 16,
            offset: 1250008,
            rva: 0,
            size: 4,
        },
        Import {
            name: "ORDINAL 520",
            dll: "COREDLL.dll",
            ordinal: 520,
            offset: 1250012,
            rva: 0,
            size: 4,
        },
        Import {
            name: "ORDINAL 1556",
            dll: "COREDLL.dll",
            ordinal: 1556,
            offset: 1250016,
            rva: 0,
            size: 4,
        },
        Import {
            name: "ORDINAL 1551",
            dll: "COREDLL.dll",
            ordinal: 1551,
            offset: 1250020,
            rva: 0,
            size: 4,
        },
        Import {
            name: "ORDINAL 2024",
            dll: "COREDLL.dll",
            ordinal: 2024,
            offset: 1250024,
            rva: 0,
            size: 4,
        },
        Import {
            name: "ORDINAL 1070",
            dll: "COREDLL.dll",
            ordinal: 1070,
            offset: 1250028,
            rva: 0,
            size: 4,
        },
        Import {
            name: "ORDINAL 2001",
            dll: "COREDLL.dll",
            ordinal: 2001,
            offset: 1250032,
            rva: 0,
            size: 4,
        },
        Import {
            name: "ORDINAL 2000",
            dll: "COREDLL.dll",
            ordinal: 2000,
            offset: 1250036,
            rva: 0,
            size: 4,
        },
        Import {
            name: "ORDINAL 2003",
            dll: "COREDLL.dll",
            ordinal: 2003,
            offset: 1250040,
            rva: 0,
            size: 4,
        },
        Import {
            name: "ORDINAL 65",
            dll: "COREDLL.dll",
            ordinal: 65,
            offset: 1250044,
            rva: 0,
            size: 4,
        },
        Import {
            name: "ORDINAL 2018",
            dll: "COREDLL.dll",
            ordinal: 2018,
            offset: 1250048,
            rva: 0,
            size: 4,
        },
        Import {
            name: "ORDINAL 1065",
            dll: "COREDLL.dll",
            ordinal: 1065,
            offset: 1250052,
            rva: 0,
            size: 4,
        },
        Import {
            name: "ORDINAL 35",
            dll: "COREDLL.dll",
            ordinal: 35,
            offset: 1250056,
            rva: 0,
            size: 4,
        },
        Import {
            name: "ORDINAL 33",
            dll: "COREDLL.dll",
            ordinal: 33,
            offset: 1250060,
            rva: 0,
            size: 4,
        },
        Import {
            name: "ORDINAL 34",
            dll: "COREDLL.dll",
            ordinal: 34,
            offset: 1250064,
            rva: 0,
            size: 4,
        },
        Import {
            name: "ORDINAL 66",
            dll: "COREDLL.dll",
            ordinal: 66,
            offset: 1250068,
            rva: 0,
            size: 4,
        },
        Import {
            name: "ORDINAL 1645",
            dll: "COREDLL.dll",
            ordinal: 1645,
            offset: 1250072,
            rva: 0,
            size: 4,
        },
        Import {
            name: "ORDINAL 87",
            dll: "COREDLL.dll",
            ordinal: 87,
            offset: 1250076,
            rva: 0,
            size: 4,
        },
        Import {
            name: "ORDINAL 1876",
            dll: "COREDLL.dll",
            ordinal: 1876,
            offset: 1250080,
            rva: 0,
            size: 4,
        },
        Import {
            name: "ORDINAL 36",
            dll: "COREDLL.dll",
            ordinal: 36,
            offset: 1250084,
            rva: 0,
            size: 4,
        },
        Import {
            name: "ORDINAL 1875",
            dll: "COREDLL.dll",
            ordinal: 1875,
            offset: 1250088,
            rva: 0,
            size: 4,
        },
        Import {
            name: "ORDINAL 2002",
            dll: "COREDLL.dll",
            ordinal: 2002,
            offset: 1250092,
            rva: 0,
            size: 4,
        },
        Import {
            name: "ORDINAL 1407",
            dll: "COREDLL.dll",
            ordinal: 1407,
            offset: 1250096,
            rva: 0,
            size: 4,
        },
        Import {
            name: "ORDINAL 1108",
            dll: "COREDLL.dll",
            ordinal: 1108,
            offset: 1250100,
            rva: 0,
            size: 4,
        },
        Import {
            name: "ORDINAL 1145",
            dll: "COREDLL.dll",
            ordinal: 1145,
            offset: 1250104,
            rva: 0,
            size: 4,
        },
        Import {
            name: "ORDINAL 61",
            dll: "COREDLL.dll",
            ordinal: 61,
            offset: 1250108,
            rva: 0,
            size: 4,
        },
        Import {
            name: "ORDINAL 63",
            dll: "COREDLL.dll",
            ordinal: 63,
            offset: 1250112,
            rva: 0,
            size: 4,
        },
        Import {
            name: "ORDINAL 1201",
            dll: "COREDLL.dll",
            ordinal: 1201,
            offset: 1250116,
            rva: 0,
            size: 4,
        },
        Import {
            name: "ORDINAL 64",
            dll: "COREDLL.dll",
            ordinal: 64,
            offset: 1250120,
            rva: 0,
            size: 4,
        },
        Import {
            name: "ORDINAL 1492",
            dll: "COREDLL.dll",
            ordinal: 1492,
            offset: 1250124,
            rva: 0,
            size: 4,
        },
        Import {
            name: "timeBeginPeriod",
            dll: "MMTimer.dll",
            ordinal: 0,
            offset: 1250132,
            rva: 1241988,
            size: 4,
        },
        Import {
            name: "timeKillEvent",
            dll: "MMTimer.dll",
            ordinal: 6,
            offset: 1250136,
            rva: 1241972,
            size: 4,
        },
        Import {
            name: "timeEndPeriod",
            dll: "MMTimer.dll",
            ordinal: 1,
            offset: 1250140,
            rva: 1241956,
            size: 4,
        },
        Import {
            name: "timeSetEvent",
            dll: "MMTimer.dll",
            ordinal: 7,
            offset: 1250144,
            rva: 1241940,
            size: 4,
        },
    ]
[2026-08-29T14:50:09Z DEBUG pocket_kernel] mapped section    .text va=0x00011000 size=0x118000 prot=Prot(READ | EXEC)
[2026-08-29T14:50:09Z DEBUG pocket_kernel] mapped section   .rdata va=0x00129000 size=0x18000 prot=Prot(READ)
[2026-08-29T14:50:09Z DEBUG pocket_kernel] mapped section    .data va=0x00141000 size=0x7000 prot=Prot(READ | WRITE)
[2026-08-29T14:50:09Z DEBUG pocket_kernel] mapped section   .pdata va=0x00148000 size=0x4000 prot=Prot(READ)
[2026-08-29T14:50:09Z DEBUG pocket_kernel] mapped section    .rsrc va=0x0014c000 size=0x1000 prot=Prot(READ)
[2026-08-29T14:50:09Z DEBUG pocket_kernel] entry bytes look like ARM code; loading image in ARM mode
Loaded /tmp/pockethle-cab-xD5Syd/Bubble Bash 2.exe (ARM Thumb machine), 5 sections, 216 imports
Emulated display set to 240x320
Auto-mounted extracted dir /tmp/pockethle-cab-xD5Syd at guest prefix "\\Application\\"
Auto-mounted extracted dir /tmp/pockethle-cab-xD5Syd at guest prefix "\\Program Files\\"
Auto-mounted extracted dir /tmp/pockethle-cab-xD5Syd at guest prefix "\\Program Files\\Game\\"
Auto-mounted extracted dir /tmp/pockethle-cab-xD5Syd at guest prefix "\\expresso\\"
Auto-mounted extracted dir /tmp/pockethle-cab-xD5Syd at guest prefix "\\Program Files\\Gameloft\\Bubble Bash 2\\"
Auto-mounted extracted dir /tmp/pockethle-cab-xD5Syd at guest prefix "\\Windows\\Start Menu\\Games\\"
Auto-mounted extracted dir /tmp/pockethle-cab-xD5Syd at guest prefix "\\Windows\\Start Menu\\Programs\\"
Auto-mounted extracted dir /tmp/pockethle-cab-xD5Syd at guest prefix "\\Windows\\Start Menu\\"
Auto-mounted extracted dir /tmp/pockethle-cab-xD5Syd at guest prefix "\\Program Files\\Bubble Bash 2\\"
GetModuleFileNameW will report "\\Program Files\\Gameloft\\Bubble Bash 2\\Bubble Bash 2.exe"
Relative guest paths resolve against "\\Program Files\\Gameloft\\Bubble Bash 2\\"
Queued synthetic tap at (120,160)
Queued synthetic tap at (120,220)
Registered API stubs: 2808
Dumping framebuffer snapshots to /home/.z/workspaces/con_Oc2PCroVKkK49qTk/runs/fresh-debug-frames
[2026-08-29T14:50:09Z DEBUG pocket_kernel] entry bytes look like ARM code; loading image in ARM mode
[2026-08-29T14:50:09Z INFO  pocket_kernel] entering emulated main: entry=0x001215d4, stack_top=0x60000000
[2026-08-29T14:50:09Z DEBUG pocket_winceapi::coredll] __security_gen_cookie: returning MSVC-ARM default 0x0000b064 for process (matches the linker-baked __security_cookie placeholder, so init is a no-op)
[2026-08-29T14:50:09Z DEBUG pocket_winceapi::coredll] LoadLibraryW("ddraw.dll"): no host file found
[2026-08-29T14:50:09Z DEBUG pocket_winceapi::coredll] LoadLibraryW("ddraw.dll") -> NULL
[2026-08-29T14:50:09Z DEBUG pocket_winceapi::coredll] freopen("\\Program Files\\Gameloft\\Bubble Bash 2\\stdout.txt", "w") on stdout stream
[2026-08-29T14:50:09Z DEBUG pocket_winceapi::coredll] freopen("\\Program Files\\Gameloft\\Bubble Bash 2\\stdout.txt", "w") on stderr stream
ALSA lib confmisc.c:855:(parse_card) cannot find card '0'
ALSA lib conf.c:5180:(_snd_config_evaluate) function snd_func_card_inum returned error: No such file or directory
ALSA lib confmisc.c:422:(snd_func_concat) error evaluating strings
ALSA lib conf.c:5180:(_snd_config_evaluate) function snd_func_concat returned error: No such file or directory
ALSA lib confmisc.c:1334:(snd_func_refer) error evaluating name
ALSA lib conf.c:5180:(_snd_config_evaluate) function snd_func_refer returned error: No such file or directory[2026-08-29T14:50:09Z DEBUG pocket_winceapi::coredll] ExtEscape escape=0x00020001 out_count=24 out_data=0x00146f8c fb_mapped=true

ALSA lib conf.c:5703:(snd_config_expand) Evaluate error: No such file or directory
ALSA lib pcm.c:2666:(snd_pcm_open_noupdate) Unknown PCM default[2026-08-29T14:50:09Z DEBUG pocket_winceapi::coredll] LoadLibraryW("\\windows\\gx.dll") -> 0x10000001

[2026-08-29T14:50:09Z WARN  pocket_kernel::audio] AudioEngine: default_output_config() failed on "default" — running silently: The requested device is no longer available. For example, it has been unplugged.
[2026-08-29T14:50:09Z DEBUG pocket_winceapi::coredll] GetProcAddressW(0x10000001, "?GXOpenDisplay@@YAHPAUHWND__@@K@Z") -> 0x70023b60
[2026-08-29T14:50:09Z DEBUG pocket_winceapi::coredll] GetProcAddressW(0x10000001, "?GXCloseDisplay@@YAHXZ") -> 0x70023aa0
[2026-08-29T14:50:09Z DEBUG pocket_winceapi::coredll] GetProcAddressW(0x10000001, "?GXBeginDraw@@YAPAXXZ") -> 0x70023a80
[2026-08-29T14:50:09Z DEBUG pocket_winceapi::coredll] GetProcAddressW(0x10000001, "?GXEndDraw@@YAHXZ") -> 0x70023ae0
[2026-08-29T14:50:09Z DEBUG pocket_winceapi::coredll] GetProcAddressW(0x10000001, "?GXOpenInput@@YAHXZ") -> 0x70023b80
[2026-08-29T14:50:09Z DEBUG pocket_winceapi::coredll] GetProcAddressW(0x10000001, "?GXCloseInput@@YAHXZ") -> 0x70023b80
[2026-08-29T14:50:09Z DEBUG pocket_winceapi::coredll] GetProcAddressW(0x10000001, "?GXGetDisplayProperties@@YA?AUGXDisplayProperties@@XZ") -> 0x70023b20
[2026-08-29T14:50:09Z DEBUG pocket_winceapi::coredll] GetProcAddressW(0x10000001, "?GXGetDefaultKeys@@YA?AUGXKeyList@@H@Z") -> 0x70023b00
[2026-08-29T14:50:09Z DEBUG pocket_winceapi::coredll] GetProcAddressW(0x10000001, "?GXSuspend@@YAHXZ") -> 0x70023be0
[2026-08-29T14:50:09Z DEBUG pocket_winceapi::coredll] GetProcAddressW(0x10000001, "?GXResume@@YAHXZ") -> 0x70023ba0
[2026-08-29T14:50:09Z DEBUG pocket_winceapi::coredll] GetProcAddressW(0x10000001, "?GXSetViewport@@YAHKKKK@Z") -> 0x70023bc0
[2026-08-29T14:50:09Z DEBUG pocket_winceapi::coredll] GetProcAddressW(0x10000001, "?GXIsDisplayDRAMBuffer@@YAHXZ") -> 0x70023b40
[2026-08-29T14:50:09Z INFO  pocket_winceapi::coredll] RegisterClassW captured WndProc=0x000e91a4 from WNDCLASS at 0x5ffff8f0 (hbrBackground=0x00000000 -> None)
[2026-08-29T14:50:09Z DEBUG pocket_winceapi::coredll] CreateWindowExW(class="GameloftGame") -> hwnd=0xdead0001, wndproc=0x000e91a4
[2026-08-29T14:50:09Z DEBUG pocket_winceapi::coredll] WM_CREATE -> WndProc(0x000e91a4) from CreateWindowExW
[2026-08-29T14:50:09Z DEBUG pocket_winceapi::coredll] WM_SIZE(240x320) -> WndProc(0x000e91a4) from ShowWindow
[2026-08-29T14:50:09Z DEBUG pocket_winceapi::coredll] DispatchMessageW trampoline -> WndProc(hwnd=0xdead0001, msg=0x18, wp=0x1, lp=0x0) at 0x000e91a4
[2026-08-29T14:50:09Z DEBUG pocket_winceapi::coredll] DispatchMessageW trampoline -> WndProc(hwnd=0xdead0001, msg=0x6, wp=0x1, lp=0x0) at 0x000e91a4
[2026-08-29T14:50:09Z DEBUG pocket_winceapi::coredll] DispatchMessageW trampoline -> WndProc(hwnd=0xdead0001, msg=0x7, wp=0x0, lp=0x0) at 0x000e91a4
[2026-08-29T14:50:09Z DEBUG pocket_winceapi::coredll] DispatchMessageW trampoline -> WndProc(hwnd=0xdead0001, msg=0x201, wp=0x1, lp=0xa00078) at 0x000e91a4
[2026-08-29T14:50:09Z DEBUG pocket_winceapi::coredll] DispatchMessageW trampoline -> WndProc(hwnd=0xdead0001, msg=0x202, wp=0x1, lp=0xa00078) at 0x000e91a4
[2026-08-29T14:50:09Z DEBUG pocket_winceapi::coredll] DispatchMessageW trampoline -> WndProc(hwnd=0xdead0001, msg=0x201, wp=0x1, lp=0xdc0078) at 0x000e91a4
[2026-08-29T14:50:09Z DEBUG pocket_winceapi::coredll] DispatchMessageW trampoline -> WndProc(hwnd=0xdead0001, msg=0x202, wp=0x1, lp=0xdc0078) at 0x000e91a4
[2026-08-29T14:50:09Z DEBUG pocket_winceapi::coredll] DispatchMessageW trampoline -> WndProc(hwnd=0xdead0001, msg=0xf, wp=0x0, lp=0x0) at 0x000e91a4
[2026-08-29T14:50:09Z DEBUG pocket_winceapi::coredll] guest printf: new MemoryManagers
    
[2026-08-29T14:50:09Z DEBUG pocket_winceapi::coredll] guest printf: new ObjectManager
    
[2026-08-29T14:50:09Z DEBUG pocket_winceapi::coredll] guest printf: new StaticClass
    
[2026-08-29T14:50:09Z DEBUG pocket_winceapi::coredll] guest printf: Application::init
    
[2026-08-29T14:50:09Z DEBUG pocket_kernel::vfs] vfs.resolve: basename fallback "/program files/gameloft/bubble bash 2/program files/gameloft/bubble bash 2/data.bar" -> "/tmp/pockethle-cab-xD5Syd/data.bar"
[2026-08-29T14:50:09Z DEBUG pocket_kernel::vfs] vfs.resolve: basename fallback "/program files/gameloft/bubble bash 2/program files/gameloft/bubble bash 2/data.bar" -> "/tmp/pockethle-cab-xD5Syd/data.bar"
[2026-08-29T14:50:09Z DEBUG pocket_kernel::vfs] vfs.resolve: basename fallback "/program files/gameloft/bubble bash 2/program files/gameloft/bubble bash 2/data.bar" -> "/tmp/pockethle-cab-xD5Syd/data.bar"
[2026-08-29T14:50:09Z DEBUG pocket_kernel::vfs] vfs.resolve: basename fallback "/program files/gameloft/bubble bash 2/program files/gameloft/bubble bash 2/data.bar" -> "/tmp/pockethle-cab-xD5Syd/data.bar"
[2026-08-29T14:50:09Z DEBUG pocket_winceapi::coredll] DispatchMessageW trampoline -> WndProc(hwnd=0xdead0001, msg=0xf, wp=0x0, lp=0x0) at 0x000e91a4
[2026-08-29T14:50:09Z DEBUG pocket_winceapi::coredll] CreateDIBSection info=0x5ffff840 size=40 width=320 height=-240 bpp=16 compression=3 colors=0
[2026-08-29T14:50:09Z DEBUG pocket_winceapi::coredll] CreateDIBSection(320x240, 16bpp, top-up) -> 0xdead1000 bits=0x50d1b628
[2026-08-29T14:50:09Z DEBUG pocket_winceapi::coredll] BitBlt(dst=0xdead0dc0 dst=(0,0,320x240) src=0xdead1001 src=(0,0) rop=0x00cc0020)
[2026-08-29T14:50:09Z INFO  pocket_winceapi::coredll] panel follows presented surface: 240x320 -> 320x240
[2026-08-29T14:50:09Z INFO  pockethle] wrote /home/.z/workspaces/con_Oc2PCroVKkK49qTk/runs/fresh-debug-frames/frame_000000.ppm
[2026-08-29T14:50:09Z INFO  pocket_kernel] frame hook requested stop
Final framebuffer snapshot written to /tmp/pockethle-final.ppm (230415 bytes, frame_counter=3)
Emulator exited cleanly.
